10.000000	89.999000	-0.000000	-0.000000	0.000000	-0.029995
11.116624	89.998959	1.116625	-0.000000	-0.000000	-0.029981
14.821419	89.998794	4.821419	-0.000001	-0.000001	-0.029961
20.276636	89.998409	10.276637	-0.000003	-0.000001	-0.029937
25.374170	89.997705	15.374171	-0.000006	-0.000003	-0.029909
28.461986	89.996610	18.461988	-0.000012	-0.000006	-0.029882
29.765951	89.995062	19.765953	-0.000019	-0.000009	-0.029857
30.189230	89.992984	20.189233	-0.000029	-0.000013	-0.029836
30.205537	89.990296	20.205541	-0.000043	-0.000018	-0.029822
30.046070	89.986916	20.046075	-0.000059	-0.000024	-0.029815
29.224014	89.982865	19.224020	-0.000080	-0.000030	-0.029820
27.704362	89.978191	17.704369	-0.000104	-0.000035	-0.029836
25.953094	89.972874	15.953101	-0.000132	-0.000039	-0.029864
24.184449	89.966895	14.184457	-0.000163	-0.000043	-0.029904
22.494420	89.960240	12.494429	-0.000198	-0.000045	-0.029956
20.955241	89.952887	10.955250	-0.000237	-0.000047	-0.030019
19.593068	89.944819	9.593077	-0.000280	-0.000048	-0.030095
18.386095	89.936034	8.386104	-0.000326	-0.000049	-0.030182
17.313660	89.926529	7.313669	-0.000377	-0.000049	-0.030281
16.357338	89.916303	6.357347	-0.000431	-0.000048	-0.030392
15.490355	89.905360	5.490364	-0.000488	-0.000047	-0.030514
14.692873	89.893703	4.692882	-0.000550	-0.000045	-0.030649
13.958710	89.881330	3.958718	-0.000615	-0.000043	-0.030795
13.281914	89.868240	3.281921	-0.000683	-0.000039	-0.030953
12.656953	89.854432	2.656959	-0.000756	-0.000035	-0.031122
12.083731	89.839901	2.083736	-0.000832	-0.000030	-0.031304
11.560961	89.824646	1.560965	-0.000912	-0.000025	-0.031497
11.082490	89.808664	1.082492	-0.000995	-0.000018	-0.031702
10.643089	89.791958	0.643089	-0.001082	-0.000012	-0.031919
10.238296	89.774526	0.238294	-0.001173	-0.000004	-0.032148
9.862566	89.756371	-0.137438	-0.001268	0.000004	-0.032388
9.511371	89.737493	-0.488636	-0.001366	0.000013	-0.032640
9.182477	89.717892	-0.817532	-0.001468	0.000022	-0.032904
8.873900	89.697569	-1.126113	-0.001573	0.000032	-0.033180
8.583872	89.676523	-1.416144	-0.001682	0.000043	-0.033467
8.311614	89.654753	-1.688406	-0.001795	0.000054	-0.033767
8.056319	89.632260	-1.943706	-0.001911	0.000066	-0.034078
7.816473	89.609042	-2.183555	-0.002031	0.000079	-0.034400
7.590739	89.585100	-2.409294	-0.002154	0.000093	-0.034735
7.377923	89.560434	-2.622115	-0.002281	0.000107	-0.035081
7.176836	89.535045	-2.823208	-0.002412	0.000121	-0.035439
6.986423	89.508932	-3.013627	-0.002546	0.000137	-0.035809
6.805868	89.482097	-3.194188	-0.002684	0.000153	-0.036191
6.634434	89.454538	-3.365628	-0.002825	0.000169	-0.036584
6.471454	89.426255	-3.528615	-0.002970	0.000186	-0.036989
6.316397	89.397250	-3.683679	-0.003118	0.000204	-0.037406
6.168774	89.367522	-3.831310	-0.003270	0.000223	-0.037834
6.028068	89.337070	-3.972024	-0.003426	0.000242	-0.038275
5.893808	89.305896	-4.106293	-0.003585	0.000262	-0.038727
5.765565	89.273999	-4.234545	-0.003747	0.000282	-0.039190
5.642960	89.241379	-4.357160	-0.003913	0.000303	-0.039666
5.525643	89.208037	-4.474486	-0.004082	0.000325	-0.040153
5.413283	89.173972	-4.586856	-0.004255	0.000347	-0.040652
5.305574	89.139185	-4.694576	-0.004431	0.000370	-0.041163
5.202236	89.103675	-4.797926	-0.004610	0.000393	-0.041686
5.103040	89.067443	-4.897134	-0.004793	0.000418	-0.042220
5.007772	89.030489	-4.992413	-0.004980	0.000442	-0.042766
4.916207	88.992813	-5.083992	-0.005169	0.000468	-0.043324
4.828133	88.954415	-5.172079	-0.005362	0.000493	-0.043893
4.743356	88.915295	-5.256869	-0.005559	0.000520	-0.044474
4.661916	88.875453	-5.338324	-0.005758	0.000547	-0.045068
4.583835	88.834888	-5.416419	-0.005961	0.000575	-0.045672
4.508915	88.793601	-5.491355	-0.006168	0.000603	-0.046289
4.436972	88.751593	-5.563314	-0.006377	0.000632	-0.046917
4.367836	88.708862	-5.632465	-0.006590	0.000661	-0.047557
4.301121	88.665410	-5.699197	-0.006806	0.000691	-0.048209
4.236480	88.621237	-5.763855	-0.007026	0.000721	-0.048872
4.173818	88.576344	-5.826535	-0.007248	0.000752	-0.049547
4.113046	88.530729	-5.887325	-0.007474	0.000784	-0.050234
4.054081	88.484395	-5.946310	-0.007703	0.000816	-0.050933
3.996975	88.437339	-6.003436	-0.007935	0.000849	-0.051643
3.941768	88.389563	-6.058663	-0.008171	0.000882	-0.052366
3.888368	88.341066	-6.112084	-0.008409	0.000916	-0.053100
3.836689	88.291849	-6.163785	-0.008651	0.000951	-0.053845
3.786650	88.241911	-6.213845	-0.008895	0.000986	-0.054603
3.738131	88.191252	-6.262387	-0.009143	0.001021	-0.055372
3.691019	88.139874	-6.309522	-0.009394	0.001057	-0.056153
3.645255	88.087776	-6.355311	-0.009647	0.001094	-0.056945
3.600781	88.034958	-6.399809	-0.009904	0.001131	-0.057750
3.557544	87.981420	-6.443071	-0.010164	0.001169	-0.058566
3.515718	87.927162	-6.484923	-0.010427	0.001207	-0.059394
3.475454	87.872183	-6.525213	-0.010692	0.001246	-0.060233
3.436675	87.816484	-6.564019	-0.010961	0.001285	-0.061085
3.399307	87.760065	-6.601413	-0.011233	0.001324	-0.061948
3.363282	87.702926	-6.637466	-0.011507	0.001364	-0.062822
3.328285	87.645068	-6.672491	-0.011784	0.001405	-0.063709
3.294029	87.586490	-6.706775	-0.012065	0.001446	-0.064607
3.260493	87.527195	-6.740341	-0.012348	0.001488	-0.065517
3.227654	87.467181	-6.773211	-0.012633	0.001530	-0.066439
3.195491	87.406448	-6.805405	-0.012922	0.001572	-0.067373
3.164119	87.344997	-6.836809	-0.013213	0.001615	-0.068318
3.133640	87.282827	-6.867320	-0.013507	0.001659	-0.069275
3.104019	87.219939	-6.896974	-0.013804	0.001703	-0.070244
3.075222	87.156332	-6.925806	-0.014104	0.001748	-0.071224
3.047214	87.092006	-6.953848	-0.014406	0.001793	-0.072216
3.019910	87.026962	-6.981187	-0.014711	0.001838	-0.073220
2.993228	86.961200	-7.007905	-0.015018	0.001884	-0.074236
2.967147	86.894720	-7.034022	-0.015328	0.001930	-0.075264
2.941648	86.827522	-7.059559	-0.015640	0.001977	-0.076303
2.916711	86.759607	-7.084534	-0.015955	0.002025	-0.077354
2.893141	86.691690	-7.108141	-0.016269	0.002072	-0.078416
2.871659	86.624488	-7.129660	-0.016578	0.002118	-0.079490
2.852127	86.558002	-7.149225	-0.016882	0.002163	-0.080575
2.834423	86.492230	-7.166961	-0.017181	0.002207	-0.081672
2.818436	86.427174	-7.182978	-0.017476	0.002250	-0.082779
2.803822	86.362833	-7.197619	-0.017765	0.002292	-0.083898
2.790267	86.299209	-7.211201	-0.018049	0.002334	-0.085029
2.777708	86.236301	-7.223786	-0.018328	0.002374	-0.086170
2.766090	86.174110	-7.235429	-0.018601	0.002414	-0.087323
2.755359	86.112635	-7.246183	-0.018870	0.002453	-0.088487
2.745582	86.051875	-7.255982	-0.019134	0.002491	-0.089662
2.736818	85.991832	-7.264766	-0.019392	0.002528	-0.090849
2.729019	85.932503	-7.272584	-0.019645	0.002565	-0.092047
2.722138	85.873890	-7.279481	-0.019894	0.002600	-0.093255
2.716133	85.815992	-7.285501	-0.020136	0.002634	-0.094476
2.710899	85.758809	-7.290748	-0.020374	0.002668	-0.095707
2.706336	85.702342	-7.295323	-0.020606	0.002700	-0.096950
2.702415	85.646590	-7.299254	-0.020834	0.002732	-0.098203
2.699112	85.591553	-7.302566	-0.021055	0.002763	-0.099468
2.696400	85.537232	-7.305285	-0.021272	0.002793	-0.100744
2.694359	85.483626	-7.307331	-0.021483	0.002822	-0.102032
2.693067	85.430734	-7.308626	-0.021689	0.002849	-0.103330
2.692496	85.378556	-7.309198	-0.021889	0.002876	-0.104639
2.692623	85.327092	-7.309070	-0.022084	0.002902	-0.105960
2.693424	85.276342	-7.308265	-0.022274	0.002927	-0.107292
2.694734	85.226307	-7.306949	-0.022458	0.002952	-0.108635
2.696395	85.176986	-7.305281	-0.022637	0.002975	-0.109989
2.698398	85.128381	-7.303271	-0.022810	0.002997	-0.111354
2.700732	85.080490	-7.300927	-0.022978	0.003019	-0.112730
2.703390	85.033314	-7.298258	-0.023140	0.003039	-0.114118
2.706430	84.986852	-7.295205	-0.023297	0.003059	-0.115516
2.709910	84.941104	-7.291711	-0.023449	0.003078	-0.116926
2.713820	84.896070	-7.287785	-0.023594	0.003095	-0.118346
2.718149	84.851749	-7.283437	-0.023734	0.003112	-0.119778
2.722889	84.808143	-7.278677	-0.023869	0.003128	-0.121221
2.727989	84.765249	-7.273554	-0.023998	0.003143	-0.122674
2.733400	84.723070	-7.268119	-0.024121	0.003157	-0.124139
2.739117	84.681604	-7.262377	-0.024239	0.003170	-0.125615
2.745134	84.640852	-7.256332	-0.024351	0.003183	-0.127102
2.751448	84.600813	-7.249990	-0.024458	0.003194	-0.128600
2.758097	84.561487	-7.243310	-0.024559	0.003204	-0.130109
2.765118	84.522874	-7.236256	-0.024654	0.003214	-0.131629
2.772507	84.484974	-7.228832	-0.024743	0.003222	-0.133160
2.780258	84.447787	-7.221043	-0.024827	0.003230	-0.134702
2.788368	84.411312	-7.212894	-0.024905	0.003236	-0.136255
2.796769	84.375549	-7.204452	-0.024977	0.003242	-0.137819
2.805397	84.340500	-7.195780	-0.025044	0.003247	-0.139394
2.814252	84.306163	-7.186881	-0.025105	0.003251	-0.140979
2.823331	84.272539	-7.177755	-0.025160	0.003254	-0.142576
2.832636	84.239628	-7.168403	-0.025209	0.003256	-0.144184
2.842191	84.207429	-7.158798	-0.025252	0.003257	-0.145803
2.852023	84.175942	-7.148914	-0.025290	0.003257	-0.147433
2.862132	84.145167	-7.138752	-0.025322	0.003256	-0.149073
2.872515	84.115104	-7.128312	-0.025348	0.003254	-0.150725
2.883173	84.085753	-7.117596	-0.025368	0.003252	-0.152388
2.894086	84.057113	-7.106624	-0.025382	0.003248	-0.154061
2.905233	84.029186	-7.095415	-0.025391	0.003244	-0.155746
2.916616	84.001970	-7.083969	-0.025393	0.003238	-0.157441
2.928234	83.975465	-7.072286	-0.025390	0.003232	-0.159147
2.940089	83.949672	-7.060364	-0.025381	0.003225	-0.160864
2.952181	83.924590	-7.048202	-0.025366	0.003217	-0.162592
2.964512	83.900220	-7.035801	-0.025345	0.003208	-0.164331
2.977082	83.876560	-7.023158	-0.025318	0.003198	-0.166081
2.989892	83.853612	-7.010272	-0.025285	0.003187	-0.167842
3.002946	83.831374	-6.997142	-0.025247	0.003175	-0.169614
3.016238	83.809847	-6.983771	-0.025202	0.003162	-0.171396
3.029766	83.789031	-6.970163	-0.025152	0.003148	-0.173190
3.043532	83.768924	-6.956315	-0.025095	0.003134	-0.174994
3.057537	83.749529	-6.942225	-0.025033	0.003118	-0.176809
3.071785	83.730843	-6.927890	-0.024964	0.003102	-0.178635
3.086276	83.712867	-6.913311	-0.024890	0.003085	-0.180472
3.101010	83.695602	-6.898486	-0.024810	0.003066	-0.182320
3.115990	83.679046	-6.883414	-0.024723	0.003047	-0.184178
3.131219	83.663199	-6.868091	-0.024631	0.003027	-0.186047
3.146700	83.648063	-6.852513	-0.024533	0.003006	-0.187928
3.162433	83.633635	-6.836682	-0.024429	0.002984	-0.189819
3.178416	83.619917	-6.820598	-0.024318	0.002961	-0.191721
3.194655	83.606909	-6.804257	-0.024202	0.002938	-0.193633
3.211152	83.594609	-6.787655	-0.024080	0.002913	-0.195557
3.227912	83.583019	-6.770789	-0.023952	0.002888	-0.197491
3.244905	83.572138	-6.753688	-0.023817	0.002861	-0.199436
3.262100	83.561965	-6.736382	-0.023677	0.002834	-0.201392
3.279503	83.552502	-6.718867	-0.023531	0.002806	-0.203359
3.297119	83.543749	-6.701138	-0.023378	0.002777	-0.205337
3.314952	83.535703	-6.683190	-0.023220	0.002747	-0.207325
3.333048	83.528367	-6.664978	-0.023056	0.002716	-0.209324
3.351449	83.521739	-6.646458	-0.022885	0.002684	-0.211334
3.370161	83.515818	-6.627624	-0.022709	0.002652	-0.213355
3.389191	83.510606	-6.608471	-0.022526	0.002618	-0.215386
3.408542	83.506102	-6.588994	-0.022338	0.002584	-0.217429
3.428194	83.502305	-6.569213	-0.022143	0.002549	-0.219482
3.448129	83.499216	-6.549149	-0.021943	0.002512	-0.221546
3.468351	83.496836	-6.528795	-0.021736	0.002475	-0.223620
3.488867	83.495162	-6.508145	-0.021524	0.002437	-0.225706
3.509684	83.494197	-6.487192	-0.021305	0.002399	-0.227802
3.530817	83.493938	-6.465921	-0.021080	0.002359	-0.229909
3.552281	83.494387	-6.444317	-0.020850	0.002318	-0.232027
3.574085	83.495543	-6.422371	-0.020613	0.002277	-0.234155
3.596234	83.497405	-6.400077	-0.020370	0.002235	-0.236295
3.618737	83.499974	-6.377428	-0.020121	0.002191	-0.238445
3.641538	83.503250	-6.354478	-0.019866	0.002147	-0.240605
3.664580	83.507233	-6.331286	-0.019606	0.002102	-0.242777
3.687873	83.511924	-6.307842	-0.019339	0.002057	-0.244959
3.711423	83.517321	-6.284139	-0.019066	0.002010	-0.247152
3.735240	83.523425	-6.260168	-0.018787	0.001963	-0.249356
3.759412	83.530235	-6.235841	-0.018502	0.001915	-0.251571
3.784026	83.537751	-6.211067	-0.018211	0.001866	-0.253796
3.809095	83.545971	-6.185838	-0.017914	0.001816	-0.256032
3.834626	83.554897	-6.160143	-0.017611	0.001765	-0.258279
3.860630	83.564528	-6.133973	-0.017302	0.001714	-0.260537
3.887071	83.574863	-6.107363	-0.016987	0.001661	-0.262805
3.913912	83.585904	-6.080352	-0.016666	0.001608	-0.265084
3.941164	83.597650	-6.052928	-0.016339	0.001554	-0.267374
3.968839	83.610101	-6.025079	-0.016006	0.001499	-0.269674
3.996947	83.623256	-5.996795	-0.015667	0.001443	-0.271985
4.025521	83.637117	-5.968041	-0.015322	0.001386	-0.274307
4.054596	83.651681	-5.938786	-0.014971	0.001329	-0.276640
4.084183	83.666949	-5.909016	-0.014614	0.001271	-0.278983
4.114297	83.682921	-5.878717	-0.014251	0.001211	-0.281338
4.144952	83.699597	-5.847874	-0.013882	0.001151	-0.283703
4.176067	83.716977	-5.816569	-0.013507	0.001091	-0.286078
4.207565	83.735062	-5.784881	-0.013127	0.001029	-0.288465
4.239459	83.753851	-5.752795	-0.012740	0.000967	-0.290862
4.271762	83.773346	-5.720298	-0.012348	0.000904	-0.293269
4.304491	83.793544	-5.687375	-0.011949	0.000840	-0.295688
4.337782	83.814446	-5.653888	-0.011545	0.000776	-0.298117
4.371774	83.836049	-5.619696	-0.011134	0.000711	-0.300557
4.406486	83.858355	-5.584782	-0.010718	0.000645	-0.303008
4.441938	83.881362	-5.549125	-0.010296	0.000578	-0.305470
4.478151	83.905071	-5.512705	-0.009868	0.000510	-0.307942
4.515075	83.929481	-5.475570	-0.009434	0.000441	-0.310425
4.552663	83.954593	-5.437771	-0.008995	0.000372	-0.312918
4.590936	83.980407	-5.399284	-0.008549	0.000302	-0.315423
4.629915	84.006923	-5.360089	-0.008098	0.000231	-0.317938
4.669624	84.034140	-5.320161	-0.007640	0.000159	-0.320464
4.710120	84.062058	-5.279445	-0.007177	0.000086	-0.323000
4.751462	84.090677	-5.237880	-0.006709	0.000013	-0.325548
4.793677	84.119995	-5.195440	-0.006234	-0.000061	-0.328106
4.836793	84.150014	-5.152096	-0.005754	-0.000136	-0.330675
4.880839	84.180731	-5.107820	-0.005268	-0.000211	-0.333254
4.925120	84.211447	-5.063309	-0.004779	-0.000287	-0.335845
4.968906	84.241461	-5.019300	-0.004292	-0.000362	-0.338447
5.012171	84.270771	-4.975816	-0.003807	-0.000436	-0.341061
5.054892	84.299379	-4.932880	-0.003323	-0.000510	-0.343686
5.097045	84.327285	-4.890518	-0.002841	-0.000583	-0.346322
5.138783	84.354487	-4.848575	-0.002360	-0.000655	-0.348970
5.180262	84.380985	-4.806894	-0.001881	-0.000727	-0.351629
5.221463	84.406778	-4.765494	-0.001404	-0.000799	-0.354300
5.262366	84.431866	-4.724395	-0.000928	-0.000870	-0.356983
5.302952	84.456250	-4.683617	-0.000454	-0.000940	-0.359677
5.343113	84.479931	-4.643266	0.000019	-0.001010	-0.362382
5.382742	84.502909	-4.603453	0.000490	-0.001080	-0.365099
5.421816	84.525186	-4.564199	0.000960	-0.001149	-0.367827
5.460314	84.546760	-4.525525	0.001428	-0.001217	-0.370566
5.498213	84.567633	-4.487453	0.001894	-0.001285	-0.373317
5.535546	84.587804	-4.449951	0.002358	-0.001352	-0.376080
5.572347	84.607272	-4.412985	0.002821	-0.001418	-0.378854
5.608595	84.626039	-4.376576	0.003283	-0.001484	-0.381639
5.644270	84.644104	-4.340743	0.003742	-0.001550	-0.384436
5.679352	84.661468	-4.305506	0.004200	-0.001615	-0.387244
5.713720	84.678131	-4.270989	0.004656	-0.001679	-0.390064
5.747249	84.694095	-4.237314	0.005111	-0.001743	-0.392895
5.779919	84.709360	-4.204503	0.005564	-0.001806	-0.395737
5.811709	84.723927	-4.172577	0.006015	-0.001869	-0.398591
5.842600	84.737795	-4.141554	0.006465	-0.001931	-0.401456
5.872725	84.750964	-4.111300	0.006912	-0.001992	-0.404333
5.902222	84.763431	-4.081679	0.007358	-0.002053	-0.407221
5.931074	84.775198	-4.052705	0.007803	-0.002113	-0.410120
5.959265	84.786265	-4.024396	0.008245	-0.002173	-0.413031
5.986780	84.796631	-3.996767	0.008686	-0.002232	-0.415953
6.013529	84.806298	-3.969906	0.009126	-0.002291	-0.418887
6.039426	84.815266	-3.943902	0.009563	-0.002349	-0.421832
6.064454	84.823537	-3.918771	0.009999	-0.002406	-0.424788
6.088599	84.831109	-3.894526	0.010433	-0.002463	-0.427756
6.111848	84.837983	-3.871181	0.010865	-0.002520	-0.430735
6.134249	84.844171	-3.848689	0.011296	-0.002576	-0.433726
6.155848	84.849685	-3.827001	0.011725	-0.002631	-0.436728
6.176636	84.854524	-3.806128	0.012152	-0.002686	-0.439741
6.196602	84.858691	-3.786081	0.012578	-0.002740	-0.442766
6.215735	84.862183	-3.766869	0.013002	-0.002794	-0.445802
6.234798	84.865688	-3.747728	0.013428	-0.002848	-0.448849
6.254564	84.869891	-3.727882	0.013859	-0.002902	-0.451907
6.275043	84.874791	-3.707321	0.014296	-0.002958	-0.454975
6.296244	84.880389	-3.686034	0.014739	-0.003014	-0.458054
6.318179	84.886685	-3.664010	0.015187	-0.003070	-0.461144
6.340081	84.892980	-3.642020	0.015637	-0.003127	-0.464245
6.361167	84.898578	-3.620849	0.016085	-0.003183	-0.467358
6.381425	84.903478	-3.600510	0.016531	-0.003239	-0.470481
6.400846	84.907680	-3.581011	0.016976	-0.003294	-0.473616
6.419418	84.911186	-3.562365	0.017418	-0.003348	-0.476762
6.437669	84.914454	-3.544041	0.017862	-0.003403	-0.479920
6.456132	84.917948	-3.525504	0.018308	-0.003457	-0.483089
6.474810	84.921665	-3.506752	0.018758	-0.003512	-0.486269
6.493706	84.925607	-3.487780	0.019210	-0.003568	-0.489460
6.512824	84.929774	-3.468587	0.019666	-0.003623	-0.492662
6.531603	84.933704	-3.449733	0.020122	-0.003679	-0.495876
6.549476	84.936938	-3.431789	0.020576	-0.003734	-0.499101
6.566435	84.939476	-3.414763	0.021029	-0.003788	-0.502337
6.582471	84.941318	-3.398664	0.021480	-0.003842	-0.505585
6.597577	84.942465	-3.383498	0.021929	-0.003895	-0.508844
6.612601	84.943611	-3.368415	0.022380	-0.003948	-0.512114
6.628401	84.945454	-3.352552	0.022836	-0.004002	-0.515394
6.644986	84.947992	-3.335902	0.023298	-0.004057	-0.518686
6.662362	84.951225	-3.318458	0.023765	-0.004112	-0.521987
6.680538	84.955154	-3.300210	0.024238	-0.004168	-0.525300
6.698671	84.959082	-3.282005	0.024713	-0.004224	-0.528624
6.715905	84.962315	-3.264704	0.025185	-0.004280	-0.531958
6.732230	84.964853	-3.248315	0.025656	-0.004335	-0.535305
6.747639	84.966695	-3.232846	0.026125	-0.004389	-0.538662
6.762124	84.967843	-3.218304	0.026593	-0.004443	-0.542031
6.776577	84.968990	-3.203794	0.027062	-0.004497	-0.545411
6.791896	84.970831	-3.188415	0.027537	-0.004552	-0.548801
6.808090	84.973366	-3.172157	0.028017	-0.004607	-0.552202
6.825166	84.976595	-3.155015	0.028502	-0.004664	-0.555614
6.843133	84.980517	-3.136978	0.028993	-0.004720	-0.559036
6.861075	84.984439	-3.118967	0.029486	-0.004777	-0.562469
6.878062	84.987667	-3.101914	0.029977	-0.004834	-0.565914
6.894086	84.990201	-3.085828	0.030466	-0.004889	-0.569370
6.909138	84.992041	-3.070717	0.030953	-0.004945	-0.572837
6.923212	84.993187	-3.056588	0.031439	-0.004999	-0.576315
6.936615	84.993905	-3.043133	0.031924	-0.005054	-0.579805
6.949659	84.994458	-3.030039	0.032410	-0.005108	-0.583306
6.962340	84.994847	-3.017308	0.032897	-0.005162	-0.586818
6.974660	84.995072	-3.004941	0.033385	-0.005216	-0.590342
6.986615	84.995133	-2.992939	0.033874	-0.005270	-0.593877
6.998878	84.995457	-2.980628	0.034367	-0.005324	-0.597422
7.012126	84.996473	-2.967329	0.034864	-0.005379	-0.600979
7.026364	84.998181	-2.953036	0.035368	-0.005435	-0.604546
7.041599	85.000579	-2.937742	0.035876	-0.005491	-0.608124
7.057839	85.003669	-2.921439	0.036390	-0.005548	-0.611712
7.074071	85.006758	-2.905145	0.036906	-0.005606	-0.615312
7.089271	85.009155	-2.889886	0.037420	-0.005662	-0.618922
7.103432	85.010860	-2.875670	0.037932	-0.005718	-0.622544
7.116547	85.011874	-2.862505	0.038442	-0.005774	-0.626177
7.128610	85.012195	-2.850395	0.038951	-0.005829	-0.629821
7.140304	85.012295	-2.838656	0.039460	-0.005883	-0.633476
7.152317	85.012641	-2.826596	0.039972	-0.005938	-0.637143
7.164652	85.013234	-2.814214	0.040487	-0.005994	-0.640821
7.177309	85.014074	-2.801508	0.041006	-0.006049	-0.644509
7.190291	85.015160	-2.788476	0.041528	-0.006105	-0.648209
7.202889	85.016025	-2.775829	0.042050	-0.006161	-0.651920
7.214391	85.016198	-2.764283	0.042570	-0.006216	-0.655642
7.224791	85.015682	-2.753843	0.043089	-0.006271	-0.659375
7.234086	85.014475	-2.744512	0.043606	-0.006325	-0.663119
7.242272	85.012578	-2.736294	0.044121	-0.006378	-0.666875
7.250401	85.010681	-2.728133	0.044638	-0.006432	-0.670642
7.259528	85.009474	-2.718971	0.045160	-0.006486	-0.674419
7.269656	85.008956	-2.708804	0.045688	-0.006541	-0.678207
7.280789	85.009128	-2.697628	0.046221	-0.006597	-0.682005
7.292930	85.009989	-2.685440	0.046759	-0.006653	-0.685814
7.305052	85.010850	-2.673271	0.047299	-0.006709	-0.689633
7.316119	85.011020	-2.662161	0.047838	-0.006765	-0.693464
7.326126	85.010501	-2.652116	0.048374	-0.006821	-0.697306
7.335069	85.009291	-2.643138	0.048909	-0.006875	-0.701160
7.342946	85.007392	-2.635230	0.049442	-0.006929	-0.705024
7.350779	85.005492	-2.627367	0.049977	-0.006984	-0.708900
7.359591	85.004282	-2.618520	0.050517	-0.007039	-0.712785
7.369388	85.003760	-2.608686	0.051063	-0.007094	-0.716682
7.380170	85.003927	-2.597861	0.051614	-0.007150	-0.720589
7.391945	85.004783	-2.586041	0.052170	-0.007207	-0.724506
7.403668	85.005638	-2.574273	0.052729	-0.007264	-0.728435
7.414291	85.005805	-2.563608	0.053285	-0.007321	-0.732374
7.423810	85.005283	-2.554052	0.053839	-0.007377	-0.736325
7.432222	85.004072	-2.545608	0.054392	-0.007432	-0.740287
7.439523	85.002173	-2.538278	0.054943	-0.007487	-0.744260
7.446776	85.000274	-2.530997	0.055496	-0.007542	-0.748244
7.455042	84.999063	-2.522698	0.056054	-0.007597	-0.752238
7.464325	84.998539	-2.513379	0.056618	-0.007653	-0.756243
7.474628	84.998703	-2.503036	0.057187	-0.007710	-0.760259
7.485956	84.999554	-2.491664	0.057761	-0.007768	-0.764285
7.497264	85.000405	-2.480313	0.058337	-0.007825	-0.768322
7.507501	85.000567	-2.470035	0.058912	-0.007882	-0.772370
7.516664	85.000041	-2.460836	0.059484	-0.007939	-0.776429
7.524750	84.998827	-2.452720	0.060055	-0.007995	-0.780499
7.531755	84.996925	-2.445687	0.060624	-0.008050	-0.784581
7.538719	84.995022	-2.438695	0.061195	-0.008105	-0.788673
7.546686	84.993807	-2.430697	0.061771	-0.008162	-0.792776
7.555658	84.993278	-2.421690	0.062352	-0.008218	-0.796889
7.565638	84.993437	-2.411671	0.062939	-0.008276	-0.801013
7.576630	84.994282	-2.400637	0.063531	-0.008334	-0.805147
7.587574	84.995127	-2.389650	0.064125	-0.008392	-0.809292
7.597406	84.995284	-2.379780	0.064718	-0.008450	-0.813448
7.606120	84.994755	-2.371032	0.065308	-0.008507	-0.817616
7.613713	84.993539	-2.363409	0.065897	-0.008563	-0.821794
7.620184	84.991636	-2.356912	0.066484	-0.008619	-0.825984
7.626610	84.989733	-2.350461	0.067073	-0.008675	-0.830184
7.634071	84.988516	-2.342971	0.067667	-0.008732	-0.834395
7.642567	84.987985	-2.334441	0.068266	-0.008789	-0.838616
7.652104	84.988139	-2.324868	0.068871	-0.008847	-0.842848
7.662683	84.988978	-2.314247	0.069481	-0.008906	-0.847090
7.673389	84.989911	-2.303500	0.070094	-0.008965	-0.851343
7.683297	84.990346	-2.293552	0.070705	-0.009023	-0.855608
7.692406	84.990282	-2.284408	0.071316	-0.009081	-0.859883
7.700713	84.989719	-2.276069	0.071926	-0.009139	-0.864170
7.708215	84.988658	-2.268537	0.072536	-0.009196	-0.868467
7.715827	84.987691	-2.260895	0.073147	-0.009253	-0.872776
7.724465	84.987409	-2.252223	0.073764	-0.009311	-0.877095
7.734133	84.987812	-2.242518	0.074386	-0.009370	-0.881425
7.744835	84.988899	-2.231774	0.075014	-0.009430	-0.885764
7.756575	84.990671	-2.219988	0.075647	-0.009490	-0.890115
7.768272	84.992443	-2.208245	0.076282	-0.009550	-0.894476
7.778837	84.993530	-2.197639	0.076915	-0.009609	-0.898848
7.788265	84.993931	-2.188175	0.077546	-0.009668	-0.903232
7.796552	84.993648	-2.179856	0.078176	-0.009727	-0.907626
7.803694	84.992679	-2.172685	0.078804	-0.009785	-0.912031
7.810792	84.991710	-2.165559	0.079433	-0.009842	-0.916448
7.818949	84.991425	-2.157370	0.080068	-0.009901	-0.920874
7.828169	84.991824	-2.148115	0.080708	-0.009960	-0.925311
7.838454	84.992906	-2.137789	0.081354	-0.010020	-0.929759
7.849810	84.994671	-2.126389	0.082005	-0.010081	-0.934217
7.861151	84.996436	-2.115004	0.082657	-0.010141	-0.938686
7.871385	84.997515	-2.104731	0.083308	-0.010201	-0.943165
7.880507	84.997911	-2.095573	0.083958	-0.010261	-0.947656
7.888512	84.997622	-2.087536	0.084605	-0.010320	-0.952158
7.895400	84.996649	-2.080622	0.085250	-0.010378	-0.956671
7.902251	84.995675	-2.073744	0.085898	-0.010436	-0.961194
7.910152	84.995385	-2.065812	0.086551	-0.010495	-0.965728
7.919106	84.995776	-2.056823	0.087209	-0.010555	-0.970273
7.929117	84.996851	-2.046773	0.087872	-0.010615	-0.974828
7.940189	84.998607	-2.035658	0.088541	-0.010676	-0.979393
7.951220	85.000363	-2.024584	0.089211	-0.010738	-0.983969
7.961101	85.001436	-2.014665	0.089880	-0.010798	-0.988556
7.969827	85.001826	-2.005904	0.090547	-0.010858	-0.993154
7.977395	85.001533	-1.998307	0.091212	-0.010917	-0.997763
7.983802	85.000558	-1.991875	0.091875	-0.010976	-1.002383
7.990168	84.999583	-1.985484	0.092541	-0.011035	-1.007013
7.997616	84.999288	-1.978007	0.093211	-0.011094	-1.011654
8.006148	84.999675	-1.969442	0.093887	-0.011154	-1.016306
8.015768	85.000742	-1.959784	0.094568	-0.011215	-1.020967
8.026481	85.002490	-1.949030	0.095255	-0.011277	-1.025640
8.037180	85.004238	-1.938290	0.095943	-0.011338	-1.030322
8.046752	85.005303	-1.928681	0.096629	-0.011399	-1.035016
8.055193	85.005686	-1.920207	0.097314	-0.011459	-1.039721
8.062499	85.005387	-1.912872	0.097997	-0.011519	-1.044437
8.068668	85.004407	-1.906679	0.098678	-0.011578	-1.049163
8.074804	85.003425	-1.900519	0.099361	-0.011638	-1.053901
8.082012	85.003124	-1.893282	0.100049	-0.011698	-1.058649
8.090297	85.003503	-1.884965	0.100743	-0.011758	-1.063407
8.099661	85.004562	-1.875565	0.101442	-0.011819	-1.068175
8.110107	85.006300	-1.865078	0.102146	-0.011881	-1.072954
8.120516	85.008037	-1.854629	0.102852	-0.011943	-1.077743
8.129759	85.009094	-1.845350	0.103556	-0.012005	-1.082544
8.137832	85.009471	-1.837246	0.104258	-0.012065	-1.087355
8.144731	85.009168	-1.830320	0.104959	-0.012125	-1.092177
8.150453	85.008184	-1.824575	0.105658	-0.012185	-1.097010
8.156138	85.007200	-1.818868	0.106359	-0.012245	-1.101854
8.162925	85.006894	-1.812055	0.107064	-0.012305	-1.106708
8.170817	85.007266	-1.804132	0.107776	-0.012366	-1.111573
8.179817	85.008317	-1.795098	0.108492	-0.012427	-1.116447
8.189928	85.010046	-1.784947	0.109214	-0.012490	-1.121333
8.200027	85.011773	-1.774809	0.109938	-0.012552	-1.126228
8.208982	85.012821	-1.765820	0.110660	-0.012614	-1.131135
8.216788	85.013190	-1.757983	0.111380	-0.012675	-1.136052
8.223443	85.012879	-1.751303	0.112098	-0.012736	-1.140981
8.228943	85.011889	-1.745781	0.112814	-0.012796	-1.145920
8.234412	85.010898	-1.740290	0.113533	-0.012856	-1.150870
8.240976	85.010585	-1.733701	0.114256	-0.012916	-1.155830
8.248636	85.010948	-1.726011	0.114985	-0.012978	-1.160800
8.257395	85.011989	-1.717218	0.115719	-0.013040	-1.165781
8.267258	85.013707	-1.707317	0.116459	-0.013102	-1.170772
8.277086	85.015424	-1.697451	0.117200	-0.013165	-1.175774
8.285733	85.016463	-1.688771	0.117939	-0.013227	-1.180786
8.293195	85.016824	-1.681279	0.118677	-0.013289	-1.185809
8.299470	85.016507	-1.674980	0.119413	-0.013349	-1.190844
8.304555	85.015512	-1.669875	0.120147	-0.013410	-1.195889
8.309605	85.014517	-1.664806	0.120883	-0.013470	-1.200944
8.315775	85.014197	-1.658611	0.121624	-0.013531	-1.206010
8.323069	85.014553	-1.651289	0.122370	-0.013593	-1.211086
8.331490	85.015585	-1.642836	0.123122	-0.013655	-1.216173
8.341040	85.017292	-1.633249	0.123879	-0.013718	-1.221269
8.350578	85.018998	-1.623674	0.124638	-0.013781	-1.226376
8.358956	85.020027	-1.615264	0.125395	-0.013844	-1.231495
8.366169	85.020378	-1.608022	0.126150	-0.013905	-1.236623
8.372215	85.020053	-1.601953	0.126903	-0.013967	-1.241763
8.377091	85.019051	-1.597057	0.127655	-0.014027	-1.246914
8.381939	85.018047	-1.592191	0.128408	-0.014088	-1.252075
8.387900	85.017719	-1.586207	0.129167	-0.014150	-1.257246
8.394976	85.018065	-1.579103	0.129931	-0.014212	-1.262428
8.403171	85.019086	-1.570877	0.130700	-0.014274	-1.267619
8.412488	85.020781	-1.561524	0.131474	-0.014338	-1.272821
8.421772	85.022475	-1.552204	0.132251	-0.014401	-1.278034
8.429862	85.023494	-1.544083	0.133025	-0.014464	-1.283257
8.436754	85.023836	-1.537164	0.133798	-0.014526	-1.288491
8.442446	85.023503	-1.531450	0.134569	-0.014588	-1.293736
8.446935	85.022495	-1.526943	0.135338	-0.014649	-1.298992
8.451391	85.021486	-1.522470	0.136109	-0.014710	-1.304258
8.456986	85.021150	-1.516853	0.136885	-0.014771	-1.309534
8.463721	85.021487	-1.510092	0.137666	-0.014834	-1.314821
8.471599	85.022498	-1.502183	0.138453	-0.014896	-1.320118
8.480624	85.024181	-1.493123	0.139245	-0.014960	-1.325425
8.489637	85.025864	-1.484075	0.140039	-0.015024	-1.330742
8.497475	85.026871	-1.476207	0.140830	-0.015087	-1.336070
8.504134	85.027203	-1.469522	0.141621	-0.015149	-1.341409
8.509611	85.026860	-1.464024	0.142409	-0.015211	-1.346759
8.513904	85.025843	-1.459714	0.143195	-0.015273	-1.352120
8.518170	85.024824	-1.455432	0.143984	-0.015334	-1.357491
8.523567	85.024478	-1.450013	0.144777	-0.015396	-1.362872
8.530097	85.024804	-1.443458	0.145576	-0.015459	-1.368264
8.537763	85.025803	-1.435763	0.146380	-0.015522	-1.373665
8.546568	85.027473	-1.426924	0.147190	-0.015586	-1.379077
8.555343	85.029142	-1.418116	0.148001	-0.015650	-1.384499
8.562911	85.030137	-1.410518	0.148810	-0.015713	-1.389932
8.569269	85.030459	-1.404135	0.149617	-0.015776	-1.395376
8.574415	85.030108	-1.398969	0.150423	-0.015838	-1.400830
8.578347	85.029083	-1.395021	0.151227	-0.015900	-1.406295
8.582249	85.028057	-1.391104	0.152033	-0.015961	-1.411771
8.587305	85.027702	-1.386029	0.152844	-0.016024	-1.417257
8.593516	85.028018	-1.379794	0.153660	-0.016086	-1.422753
8.600885	85.029005	-1.372396	0.154481	-0.016150	-1.428259
8.609416	85.030662	-1.363832	0.155308	-0.016214	-1.433775
8.617936	85.032317	-1.355280	0.156136	-0.016279	-1.439301
8.625268	85.033300	-1.347920	0.156963	-0.016342	-1.444839
8.631407	85.033610	-1.341757	0.157788	-0.016405	-1.450387
8.636351	85.033247	-1.336793	0.158611	-0.016468	-1.455946
8.640100	85.032213	-1.333030	0.159432	-0.016530	-1.461515
8.643823	85.031177	-1.329292	0.160255	-0.016591	-1.467095
8.648693	85.030811	-1.324403	0.161084	-0.016654	-1.472685
8.654711	85.031114	-1.318362	0.161917	-0.016717	-1.478285
8.661880	85.032087	-1.311165	0.162756	-0.016781	-1.483895
8.670204	85.033730	-1.302809	0.163600	-0.016846	-1.489515
8.678499	85.035371	-1.294482	0.164445	-0.016910	-1.495146
8.685577	85.036341	-1.287377	0.165289	-0.016974	-1.500787
8.691435	85.036639	-1.281497	0.166132	-0.017037	-1.506439
8.696070	85.036267	-1.276844	0.166972	-0.017100	-1.512102
8.699481	85.035223	-1.273419	0.167810	-0.017162	-1.517775
8.702863	85.034178	-1.270023	0.168651	-0.017224	-1.523459
8.707414	85.033801	-1.265455	0.169496	-0.017287	-1.529153
8.713134	85.034093	-1.259712	0.170347	-0.017350	-1.534857
8.720026	85.035053	-1.252794	0.171203	-0.017414	-1.540571
8.728094	85.036682	-1.244696	0.172064	-0.017479	-1.546295
8.736150	85.038308	-1.236608	0.172927	-0.017544	-1.552030
8.743006	85.039264	-1.229726	0.173788	-0.017608	-1.557775
8.748658	85.039550	-1.224052	0.174648	-0.017672	-1.563530
8.753103	85.039165	-1.219590	0.175505	-0.017735	-1.569297
8.756340	85.038109	-1.216340	0.176361	-0.017797	-1.575074
8.759504	85.037024	-1.213164	0.177219	-0.017859	-1.580861
8.763730	85.036552	-1.208921	0.178081	-0.017922	-1.586659
8.769020	85.036690	-1.203610	0.178948	-0.017986	-1.592467
8.775376	85.037441	-1.197230	0.179820	-0.018050	-1.598285
8.782799	85.038802	-1.189778	0.180697	-0.018115	-1.604112
8.790145	85.040135	-1.182404	0.181576	-0.018179	-1.609951
8.796265	85.040798	-1.176260	0.182453	-0.018243	-1.615800
8.801156	85.040792	-1.171350	0.183328	-0.018307	-1.621659
8.804816	85.040117	-1.167676	0.184202	-0.018370	-1.627530
8.807244	85.038773	-1.165238	0.185073	-0.018432	-1.633410
8.809647	85.037427	-1.162826	0.185946	-0.018494	-1.639302
8.813230	85.036748	-1.159229	0.186825	-0.018557	-1.645203
8.817994	85.036734	-1.154446	0.187709	-0.018621	-1.651114
8.823941	85.037387	-1.148476	0.188598	-0.018685	-1.657035
8.831074	85.038705	-1.141316	0.189492	-0.018750	-1.662966
8.838197	85.040021	-1.134166	0.190388	-0.018815	-1.668908
8.844109	85.040669	-1.128231	0.191282	-0.018879	-1.674860
8.848808	85.040648	-1.123513	0.192174	-0.018943	-1.680823
8.852293	85.039960	-1.120014	0.193064	-0.019006	-1.686796
8.854563	85.038602	-1.117735	0.193953	-0.019069	-1.692780
8.856812	85.037244	-1.115478	0.194844	-0.019131	-1.698774
8.860233	85.036550	-1.112043	0.195739	-0.019195	-1.704779
8.864827	85.036521	-1.107431	0.196640	-0.019259	-1.710793
8.870596	85.037158	-1.101640	0.197546	-0.019323	-1.716817
8.877542	85.038459	-1.094667	0.198457	-0.019388	-1.722851
8.884464	85.039758	-1.087718	0.199370	-0.019453	-1.728896
8.890155	85.040390	-1.082005	0.200282	-0.019518	-1.734951
8.894612	85.040355	-1.077531	0.201191	-0.019582	-1.741016
8.897835	85.039653	-1.074296	0.202099	-0.019645	-1.747093
8.899821	85.038284	-1.072301	0.203004	-0.019708	-1.753179
8.901784	85.036913	-1.070330	0.203912	-0.019771	-1.759276
8.904935	85.036207	-1.067167	0.204825	-0.019834	-1.765383
8.909276	85.036163	-1.062809	0.205743	-0.019898	-1.771500
8.914806	85.036784	-1.057257	0.206666	-0.019963	-1.777627
8.921530	85.038067	-1.050508	0.207594	-0.020028	-1.783764
8.928244	85.039349	-1.043768	0.208524	-0.020093	-1.789911
8.933741	85.039965	-1.038250	0.209453	-0.020158	-1.796069
8.938019	85.039914	-1.033955	0.210379	-0.020222	-1.802237
8.941076	85.039197	-1.030886	0.211304	-0.020286	-1.808415
8.942911	85.037813	-1.029043	0.212227	-0.020349	-1.814605
8.944727	85.036428	-1.027220	0.213151	-0.020411	-1.820804
8.947724	85.035706	-1.024212	0.214081	-0.020475	-1.827014
8.951902	85.035646	-1.020016	0.215016	-0.020539	-1.833233
8.957265	85.036249	-1.014634	0.215956	-0.020604	-1.839462
8.963812	85.037514	-1.008061	0.216902	-0.020670	-1.845701
8.970337	85.038778	-1.001511	0.217849	-0.020735	-1.851951
8.975625	85.039377	-0.996202	0.218794	-0.020800	-1.858211
8.979675	85.039310	-0.992136	0.219738	-0.020864	-1.864481
8.982485	85.038578	-0.989315	0.220679	-0.020928	-1.870762
8.984055	85.037180	-0.987739	0.221619	-0.020991	-1.877054
8.985603	85.035782	-0.986185	0.222561	-0.021054	-1.883355
8.988347	85.035044	-0.983430	0.223508	-0.021118	-1.889667
8.992287	85.034969	-0.979474	0.224460	-0.021182	-1.895988
8.997424	85.035554	-0.974317	0.225417	-0.021247	-1.902320
9.003762	85.036801	-0.967955	0.226380	-0.021313	-1.908661
9.010090	85.038046	-0.961602	0.227344	-0.021379	-1.915013
9.015196	85.038626	-0.956477	0.228306	-0.021444	-1.921375
9.019076	85.038542	-0.952582	0.229266	-0.021508	-1.927747
9.021729	85.037793	-0.949917	0.230225	-0.021572	-1.934130
9.023156	85.036380	-0.948485	0.231182	-0.021636	-1.940523
9.024565	85.034965	-0.947070	0.232141	-0.021699	-1.946927
9.027162	85.034211	-0.944463	0.233105	-0.021763	-1.953341
9.030948	85.034118	-0.940662	0.234074	-0.021827	-1.959764
9.035925	85.034684	-0.935666	0.235048	-0.021893	-1.966197
9.042094	85.035911	-0.929473	0.236027	-0.021958	-1.972640
9.048242	85.037136	-0.923301	0.237008	-0.022024	-1.979093
9.053149	85.037697	-0.918375	0.237988	-0.022089	-1.985557
9.056814	85.037595	-0.914695	0.238965	-0.022154	-1.992031
9.059236	85.036831	-0.912263	0.239941	-0.022218	-1.998516
9.060415	85.035403	-0.911080	0.240915	-0.022282	-2.005011
9.061573	85.033973	-0.909917	0.241890	-0.022345	-2.011516
9.063933	85.033203	-0.907547	0.242871	-0.022409	-2.018031
9.067495	85.033091	-0.903971	0.243857	-0.022474	-2.024556
9.072261	85.033639	-0.899187	0.244848	-0.022539	-2.031091
9.078233	85.034846	-0.893192	0.245845	-0.022605	-2.037636
9.084195	85.036051	-0.887207	0.246843	-0.022671	-2.044190
9.088929	85.036593	-0.882454	0.247839	-0.022736	-2.050756
9.092433	85.036472	-0.878936	0.248833	-0.022801	-2.057331
9.094707	85.035689	-0.876654	0.249826	-0.022865	-2.063917
9.095749	85.034243	-0.875607	0.250817	-0.022929	-2.070514
9.096774	85.032796	-0.874577	0.251809	-0.022993	-2.077120
9.098994	85.032007	-0.872348	0.252807	-0.023057	-2.083737
9.102410	85.031876	-0.868919	0.253810	-0.023122	-2.090363
9.107022	85.032404	-0.864289	0.254818	-0.023187	-2.096999
9.112833	85.033589	-0.858456	0.255831	-0.023253	-2.103645
9.118623	85.034773	-0.852643	0.256846	-0.023319	-2.110301
9.123170	85.035295	-0.848079	0.257859	-0.023385	-2.116967
9.126471	85.035156	-0.844764	0.258871	-0.023450	-2.123644
9.128527	85.034355	-0.842701	0.259880	-0.023514	-2.130331
9.129335	85.032892	-0.841888	0.260888	-0.023578	-2.137029
9.130125	85.031428	-0.841095	0.261897	-0.023642	-2.143737
9.132122	85.030621	-0.839090	0.262912	-0.023706	-2.150454
9.135327	85.030471	-0.835873	0.263932	-0.023771	-2.157181
9.139740	85.030978	-0.831443	0.264957	-0.023837	-2.163919
9.145363	85.032142	-0.825798	0.265987	-0.023903	-2.170665
9.150977	85.033304	-0.820162	0.267019	-0.023969	-2.177422
9.155359	85.033805	-0.815762	0.268049	-0.024035	-2.184190
9.158508	85.033645	-0.812601	0.269077	-0.024100	-2.190967
9.160422	85.032824	-0.810679	0.270103	-0.024164	-2.197756
9.161102	85.031343	-0.809997	0.271128	-0.024228	-2.204554
9.161765	85.029860	-0.809331	0.272154	-0.024292	-2.211363
9.163628	85.029032	-0.807459	0.273186	-0.024357	-2.218181
9.166692	85.028862	-0.804383	0.274222	-0.024422	-2.225009
9.170958	85.029347	-0.800101	0.275264	-0.024488	-2.231847
9.176427	85.030488	-0.794611	0.276311	-0.024554	-2.238695
9.181876	85.031627	-0.789140	0.277360	-0.024620	-2.245552
9.186080	85.032107	-0.784920	0.278406	-0.024686	-2.252420
9.189037	85.031926	-0.781952	0.279452	-0.024751	-2.259299
9.190745	85.031086	-0.780236	0.280495	-0.024816	-2.266188
9.191205	85.029586	-0.779774	0.281536	-0.024880	-2.273087
9.191648	85.028084	-0.779329	0.282580	-0.024944	-2.279996
9.193302	85.027238	-0.777668	0.283628	-0.025008	-2.286915
9.196167	85.027046	-0.774792	0.284681	-0.025074	-2.293843
9.200244	85.027509	-0.770699	0.285740	-0.025139	-2.300782
9.205534	85.028627	-0.765388	0.286804	-0.025206	-2.307730
9.210816	85.029743	-0.760085	0.287869	-0.025272	-2.314688
9.214864	85.030200	-0.756022	0.288933	-0.025338	-2.321657
9.217675	85.029997	-0.753200	0.289994	-0.025404	-2.328635
9.219249	85.029136	-0.751619	0.291055	-0.025468	-2.335624
9.219586	85.027616	-0.751280	0.292113	-0.025532	-2.342624
9.219907	85.026093	-0.750957	0.293173	-0.025597	-2.349633
9.221433	85.025225	-0.749425	0.294238	-0.025661	-2.356653
9.224164	85.025011	-0.746683	0.295308	-0.025727	-2.363682
9.228100	85.025451	-0.742732	0.296384	-0.025793	-2.370720
9.233243	85.026545	-0.737569	0.297464	-0.025859	-2.377768
9.238368	85.027637	-0.732424	0.298546	-0.025926	-2.384827
9.242245	85.028071	-0.728532	0.299627	-0.025992	-2.391896
9.244874	85.027846	-0.725892	0.300705	-0.026057	-2.398974
9.246253	85.026963	-0.724507	0.301782	-0.026122	-2.406064
9.246383	85.025423	-0.724376	0.302857	-0.026186	-2.413163
9.246497	85.023880	-0.724261	0.303934	-0.026251	-2.420273
9.247825	85.022990	-0.722928	0.305016	-0.026315	-2.427392
9.250367	85.022754	-0.720375	0.306103	-0.026381	-2.434521
9.254124	85.023170	-0.716604	0.307195	-0.026447	-2.441660
9.259097	85.024239	-0.711611	0.308292	-0.026514	-2.448808
9.264062	85.025306	-0.706627	0.309391	-0.026580	-2.455966
9.267790	85.025715	-0.702884	0.310488	-0.026646	-2.463135
9.270280	85.025467	-0.700384	0.311584	-0.026712	-2.470314
9.271531	85.024562	-0.699128	0.312677	-0.026777	-2.477503
9.271544	85.022999	-0.699114	0.313769	-0.026841	-2.484703
9.271542	85.021434	-0.699116	0.314863	-0.026905	-2.491912
9.272748	85.020522	-0.697905	0.315961	-0.026970	-2.499131
9.275161	85.020261	-0.695482	0.317065	-0.027036	-2.506360
9.278781	85.020653	-0.691848	0.318174	-0.027102	-2.513598
9.283611	85.021696	-0.686999	0.319288	-0.027169	-2.520846
9.288423	85.022736	-0.682168	0.320403	-0.027236	-2.528104
9.291988	85.023121	-0.678589	0.321517	-0.027302	-2.535372
9.294305	85.022849	-0.676263	0.322629	-0.027368	-2.542651
9.295372	85.021921	-0.675191	0.323740	-0.027433	-2.549940
9.295191	85.020337	-0.675372	0.324848	-0.027497	-2.557239
9.294994	85.018750	-0.675569	0.325958	-0.027561	-2.564548
9.296014	85.017815	-0.674545	0.327074	-0.027626	-2.571866
9.298249	85.017530	-0.672302	0.328194	-0.027692	-2.579194
9.301700	85.017896	-0.668837	0.329320	-0.027758	-2.586532
9.306368	85.018913	-0.664150	0.330450	-0.027825	-2.593880
9.311028	85.019927	-0.659472	0.331583	-0.027892	-2.601237
9.314450	85.020286	-0.656036	0.332713	-0.027958	-2.608605
9.316634	85.019989	-0.653844	0.333842	-0.028024	-2.615983
9.317579	85.019036	-0.652895	0.334969	-0.028089	-2.623371
9.317284	85.017428	-0.653190	0.336094	-0.028154	-2.630769
9.316976	85.015818	-0.653498	0.337221	-0.028218	-2.638177
9.317878	85.014857	-0.652593	0.338353	-0.028283	-2.645595
9.319988	85.014547	-0.650474	0.339490	-0.028349	-2.653022
9.323307	85.014887	-0.647142	0.340633	-0.028415	-2.660459
9.327837	85.015876	-0.642594	0.341780	-0.028482	-2.667906
9.332350	85.016863	-0.638064	0.342929	-0.028549	-2.675363
9.335616	85.017195	-0.634784	0.344076	-0.028616	-2.682829
9.337635	85.016873	-0.632757	0.345221	-0.028682	-2.690306
9.338405	85.015896	-0.631984	0.346365	-0.028747	-2.697794
9.337928	85.014264	-0.632462	0.347507	-0.028811	-2.705291
9.337436	85.012630	-0.632956	0.348651	-0.028876	-2.712798
9.338161	85.011645	-0.632227	0.349799	-0.028941	-2.720315
9.340102	85.011309	-0.630278	0.350953	-0.029007	-2.727841
9.343260	85.011622	-0.627108	0.352112	-0.029073	-2.735377
9.347636	85.012584	-0.622714	0.353276	-0.029140	-2.742923
9.352004	85.013543	-0.618330	0.354441	-0.029207	-2.750479
9.355134	85.013847	-0.615187	0.355605	-0.029274	-2.758044
9.357025	85.013498	-0.613288	0.356767	-0.029340	-2.765620
9.357677	85.012495	-0.612633	0.357928	-0.029405	-2.773206
9.357091	85.010838	-0.613221	0.359086	-0.029470	-2.780802
9.356492	85.009178	-0.613822	0.360246	-0.029534	-2.788408
9.357103	85.008167	-0.613208	0.361412	-0.029600	-2.796024
9.358923	85.007803	-0.611380	0.362582	-0.029665	-2.803649
9.361954	85.008088	-0.608338	0.363757	-0.029732	-2.811284
9.366195	85.009021	-0.604080	0.364938	-0.029799	-2.818928
9.370420	85.009951	-0.599838	0.366120	-0.029866	-2.826582
9.373400	85.010227	-0.596846	0.367301	-0.029933	-2.834247
9.375134	85.009851	-0.595105	0.368479	-0.029999	-2.841921
9.375621	85.008821	-0.594616	0.369656	-0.030064	-2.849606
9.374862	85.007139	-0.595377	0.370831	-0.030129	-2.857300
9.374089	85.005454	-0.596152	0.372008	-0.030193	-2.865005
9.374533	85.004416	-0.595706	0.373190	-0.030259	-2.872719
9.376193	85.004026	-0.594039	0.374377	-0.030325	-2.880443
9.379070	85.004282	-0.591150	0.375569	-0.030391	-2.888176
9.383164	85.005185	-0.587040	0.376766	-0.030459	-2.895919
9.387250	85.006085	-0.582939	0.377965	-0.030526	-2.903671
9.390098	85.006333	-0.580078	0.379162	-0.030592	-2.911434
9.391710	85.005928	-0.578460	0.380357	-0.030658	-2.919207
9.392083	85.004870	-0.578085	0.381551	-0.030724	-2.926990
9.391219	85.003161	-0.578951	0.382742	-0.030789	-2.934783
9.390343	85.001449	-0.579830	0.383936	-0.030853	-2.942586
9.390677	85.000383	-0.579494	0.385134	-0.030919	-2.950399
9.392221	84.999963	-0.577944	0.386338	-0.030985	-2.958220
9.394974	85.000190	-0.575180	0.387546	-0.031051	-2.966052
9.398937	85.001062	-0.571201	0.388760	-0.031119	-2.973893
9.402886	85.001932	-0.567237	0.389975	-0.031186	-2.981744
9.405591	85.002150	-0.564522	0.391189	-0.031253	-2.989605
9.407051	85.001716	-0.563055	0.392401	-0.031319	-2.997476
9.407267	85.000631	-0.562838	0.393611	-0.031384	-3.005357
9.406239	84.998894	-0.563869	0.394819	-0.031449	-3.013248
9.405199	84.997155	-0.564913	0.396029	-0.031514	-3.021149
9.405374	84.996060	-0.564736	0.397244	-0.031579	-3.029060
9.406765	84.995612	-0.563339	0.398464	-0.031645	-3.036980
9.409371	84.995808	-0.560723	0.399689	-0.031712	-3.044909
9.413193	84.996649	-0.556886	0.400920	-0.031779	-3.052848
9.417007	84.997487	-0.553057	0.402151	-0.031847	-3.060797
9.419585	84.997675	-0.550468	0.403382	-0.031913	-3.068756
9.420928	84.997211	-0.549120	0.404610	-0.031980	-3.076725
9.421035	84.996096	-0.549012	0.405836	-0.032045	-3.084704
9.419906	84.994330	-0.550144	0.407061	-0.032110	-3.092693
9.418766	84.992562	-0.551288	0.408288	-0.032175	-3.100692
9.418835	84.991438	-0.551218	0.409519	-0.032241	-3.108700
9.420113	84.990959	-0.549935	0.410756	-0.032307	-3.116718
9.422598	84.991124	-0.547439	0.411998	-0.032373	-3.124745
9.426293	84.991933	-0.543730	0.413244	-0.032441	-3.132782
9.429973	84.992739	-0.540035	0.414493	-0.032508	-3.140829
9.432413	84.992895	-0.537586	0.415739	-0.032575	-3.148885
9.433611	84.992400	-0.536383	0.416984	-0.032641	-3.156952
9.433568	84.991256	-0.536426	0.418227	-0.032707	-3.165029
9.432284	84.989461	-0.537713	0.419469	-0.032772	-3.173116
9.430989	84.987664	-0.539013	0.420712	-0.032837	-3.181212
9.430907	84.986510	-0.539094	0.421960	-0.032902	-3.189318
9.432039	84.985999	-0.537957	0.423213	-0.032968	-3.197434
9.434384	84.986132	-0.535603	0.424471	-0.033035	-3.205559
9.437943	84.986909	-0.532030	0.425734	-0.033103	-3.213693
9.441581	84.987727	-0.528378	0.426999	-0.033170	-3.221837
9.444159	84.987988	-0.525789	0.428263	-0.033237	-3.229991
9.445677	84.987691	-0.524264	0.429526	-0.033304	-3.238156
9.446136	84.986835	-0.523804	0.430787	-0.033369	-3.246330
9.445535	84.985422	-0.524406	0.432047	-0.033435	-3.254514
9.445008	84.984051	-0.524934	0.433309	-0.033500	-3.262709
9.445689	84.983322	-0.524250	0.434576	-0.033566	-3.270912
9.447577	84.983237	-0.522354	0.435848	-0.033633	-3.279125
9.450672	84.983794	-0.519247	0.437125	-0.033700	-3.287348
9.454976	84.984994	-0.514926	0.438408	-0.033768	-3.295580
9.459265	84.986190	-0.510620	0.439691	-0.033836	-3.303821
9.462313	84.986738	-0.507560	0.440973	-0.033904	-3.312073
9.464118	84.986637	-0.505748	0.442254	-0.033970	-3.320335
9.464679	84.985887	-0.505184	0.443532	-0.034036	-3.328606
9.463998	84.984489	-0.505867	0.444809	-0.034102	-3.336888
9.463303	84.983087	-0.506564	0.446087	-0.034167	-3.345179
9.463821	84.982327	-0.506043	0.447371	-0.034233	-3.353480
9.465552	84.982209	-0.504305	0.448659	-0.034300	-3.361790
9.468496	84.982733	-0.501349	0.449953	-0.034367	-3.370110
9.472654	84.983898	-0.497175	0.451251	-0.034435	-3.378439
9.476804	84.985060	-0.493009	0.452552	-0.034503	-3.386778
9.479719	84.985573	-0.490081	0.453850	-0.034571	-3.395126
9.481399	84.985439	-0.488394	0.455147	-0.034637	-3.403485
9.481843	84.984656	-0.487948	0.456442	-0.034704	-3.411854
9.481052	84.983225	-0.488742	0.457735	-0.034769	-3.420232
9.480248	84.981791	-0.489549	0.459030	-0.034835	-3.428621
9.480651	84.980998	-0.489143	0.460330	-0.034901	-3.437019
9.482261	84.980846	-0.487526	0.461635	-0.034968	-3.445426
9.485079	84.981334	-0.484697	0.462945	-0.035035	-3.453842
9.489106	84.982464	-0.480654	0.464260	-0.035103	-3.462268
9.493118	84.983590	-0.476626	0.465576	-0.035171	-3.470704
9.495888	84.984069	-0.473845	0.466891	-0.035238	-3.479149
9.497416	84.983900	-0.472310	0.468204	-0.035305	-3.487605
9.497701	84.983084	-0.472024	0.469516	-0.035371	-3.496070
9.496745	84.981620	-0.472983	0.470825	-0.035437	-3.504546
9.495775	84.980153	-0.473957	0.472137	-0.035502	-3.513031
9.496019	84.979327	-0.473711	0.473453	-0.035568	-3.521526
9.497476	84.979140	-0.472248	0.474774	-0.035635	-3.530030
9.500147	84.979593	-0.469566	0.476101	-0.035703	-3.538543
9.504032	84.980687	-0.465665	0.477432	-0.035771	-3.547065
9.507909	84.981776	-0.461773	0.478765	-0.035839	-3.555598
9.510551	84.982219	-0.459120	0.480096	-0.035906	-3.564140
9.511958	84.982015	-0.457707	0.481426	-0.035973	-3.572692
9.512129	84.981163	-0.457535	0.482753	-0.036039	-3.581254
9.511065	84.979666	-0.458603	0.484079	-0.036105	-3.589826
9.509988	84.978164	-0.459683	0.485407	-0.036170	-3.598408
9.510120	84.977302	-0.459550	0.486740	-0.036236	-3.606999
9.511459	84.977080	-0.458205	0.488077	-0.036303	-3.615600
9.514006	84.977496	-0.455648	0.489420	-0.036371	-3.624209
9.517762	84.978552	-0.451878	0.490768	-0.036439	-3.632828
9.521514	84.979610	-0.448110	0.492117	-0.036507	-3.641457
9.524051	84.980034	-0.445563	0.493465	-0.036574	-3.650096
9.525369	84.979824	-0.444239	0.494811	-0.036641	-3.658744
9.525470	84.978981	-0.444138	0.496155	-0.036707	-3.667403
9.524353	84.977504	-0.445258	0.497498	-0.036773	-3.676071
9.523236	84.976029	-0.446379	0.498842	-0.036839	-3.684750
9.523331	84.975193	-0.446282	0.500191	-0.036905	-3.693437
9.524640	84.974995	-0.444968	0.501546	-0.036972	-3.702134
9.527161	84.975435	-0.442437	0.502905	-0.037039	-3.710840
9.530896	84.976513	-0.438687	0.504269	-0.037107	-3.719555
9.534720	84.977639	-0.434848	0.505636	-0.037175	-3.728280
9.537506	84.978221	-0.432051	0.507001	-0.037243	-3.737015
9.539252	84.978260	-0.430297	0.508365	-0.037310	-3.745760
9.539959	84.977756	-0.429587	0.509727	-0.037377	-3.754515
9.539627	84.976709	-0.429920	0.511089	-0.037443	-3.763280
9.539379	84.975709	-0.430169	0.512452	-0.037509	-3.772054
9.540339	84.975347	-0.429204	0.513820	-0.037576	-3.780838
9.542506	84.975622	-0.427028	0.515194	-0.037643	-3.789631
9.545883	84.976534	-0.423637	0.516572	-0.037711	-3.798433
9.550470	84.978084	-0.419032	0.517955	-0.037780	-3.807245
9.555042	84.979630	-0.414442	0.519340	-0.037848	-3.816066
9.558371	84.980531	-0.411100	0.520724	-0.037916	-3.824897
9.560453	84.980788	-0.409009	0.522105	-0.037984	-3.833738
9.561290	84.980400	-0.408169	0.523485	-0.038051	-3.842589
9.560880	84.979367	-0.408580	0.524863	-0.038117	-3.851450
9.560455	84.978331	-0.409006	0.526242	-0.038183	-3.860320
9.561245	84.977931	-0.408212	0.527627	-0.038250	-3.869200
9.563249	84.978168	-0.406199	0.529017	-0.038317	-3.878089
9.566470	84.979041	-0.402966	0.530411	-0.038385	-3.886987
9.570907	84.980551	-0.398511	0.531811	-0.038454	-3.895895
9.575335	84.982057	-0.394065	0.533212	-0.038522	-3.904812
9.578526	84.982918	-0.390862	0.534611	-0.038590	-3.913739
9.580476	84.983135	-0.388904	0.536009	-0.038658	-3.922676
9.581186	84.982709	-0.388190	0.537405	-0.038724	-3.931622
9.580656	84.981638	-0.388722	0.538799	-0.038791	-3.940579
9.580112	84.980563	-0.389268	0.540195	-0.038857	-3.949545
9.580778	84.980124	-0.388599	0.541596	-0.038924	-3.958520
9.582655	84.980321	-0.386714	0.543002	-0.038991	-3.967505
9.585743	84.981154	-0.383614	0.544412	-0.039059	-3.976499
9.590044	84.982622	-0.379295	0.545828	-0.039127	-3.985502
9.594330	84.984087	-0.374993	0.547246	-0.039196	-3.994515
9.597369	84.984908	-0.371941	0.548661	-0.039264	-4.003537
9.599161	84.985085	-0.370142	0.550075	-0.039331	-4.012569
9.599704	84.984619	-0.369596	0.551487	-0.039398	-4.021612
9.598999	84.983510	-0.370303	0.552898	-0.039464	-4.030664
9.598280	84.982397	-0.371025	0.554310	-0.039530	-4.039725
9.598778	84.981918	-0.370524	0.555727	-0.039597	-4.048796
9.600495	84.982075	-0.368800	0.557149	-0.039665	-4.057876
9.603430	84.982867	-0.365853	0.558575	-0.039733	-4.066966
9.607584	84.984293	-0.361682	0.560007	-0.039801	-4.076064
9.611730	84.985716	-0.357520	0.561441	-0.039870	-4.085173
9.614635	84.986495	-0.354604	0.562873	-0.039938	-4.094291
9.616297	84.986631	-0.352934	0.564303	-0.040005	-4.103418
9.616716	84.986124	-0.352513	0.565731	-0.040072	-4.112556
9.615893	84.984974	-0.353339	0.567157	-0.040138	-4.121703
9.615055	84.983821	-0.354179	0.568586	-0.040204	-4.130860
9.615432	84.983301	-0.353801	0.570019	-0.040271	-4.140027
9.617022	84.983416	-0.352204	0.571457	-0.040338	-4.149202
9.619826	84.984165	-0.349389	0.572900	-0.040406	-4.158387
9.623846	84.985548	-0.345353	0.574348	-0.040475	-4.167581
9.627850	84.986927	-0.341333	0.575797	-0.040543	-4.176784
9.630607	84.987664	-0.338564	0.577245	-0.040611	-4.185997
9.632115	84.987758	-0.337050	0.578691	-0.040678	-4.195220
9.632373	84.987210	-0.336791	0.580136	-0.040745	-4.204453
9.631382	84.986020	-0.337785	0.581578	-0.040811	-4.213696
9.630377	84.984826	-0.338794	0.583023	-0.040878	-4.222948
9.630592	84.984265	-0.338577	0.584472	-0.040944	-4.232209
9.632028	84.984337	-0.337136	0.585926	-0.041012	-4.241480
9.634683	84.985043	-0.334470	0.587385	-0.041080	-4.250760
9.638560	84.986382	-0.330578	0.588849	-0.041148	-4.260049
9.642427	84.987717	-0.326695	0.590315	-0.041217	-4.269347
9.645052	84.988410	-0.324059	0.591779	-0.041284	-4.278656
9.646433	84.988461	-0.322673	0.593241	-0.041352	-4.287974
9.646569	84.987870	-0.322535	0.594701	-0.041419	-4.297301
9.645461	84.986637	-0.323647	0.596160	-0.041485	-4.306639
9.644340	84.985400	-0.324771	0.597620	-0.041551	-4.315986
9.644435	84.984796	-0.324676	0.599086	-0.041617	-4.325343
9.645745	84.984825	-0.323360	0.600556	-0.041685	-4.334708
9.648271	84.985486	-0.320824	0.602031	-0.041753	-4.344083
9.652013	84.986780	-0.317067	0.603511	-0.041821	-4.353467
9.655741	84.988070	-0.313324	0.604993	-0.041890	-4.362860
9.658221	84.988718	-0.310834	0.606473	-0.041958	-4.372263
9.659451	84.988725	-0.309599	0.607951	-0.042025	-4.381676
9.659432	84.988090	-0.309618	0.609427	-0.042092	-4.391099
9.658163	84.986815	-0.310891	0.610902	-0.042158	-4.400531
9.656882	84.985536	-0.312177	0.612378	-0.042224	-4.409973
9.656821	84.984888	-0.312237	0.613859	-0.042290	-4.419425
9.657981	84.984872	-0.311072	0.615346	-0.042358	-4.428885
9.660362	84.985488	-0.308681	0.616837	-0.042426	-4.438354
9.663965	84.986736	-0.305064	0.618333	-0.042494	-4.447833
9.667559	84.987979	-0.301456	0.619831	-0.042563	-4.457321
9.669909	84.988582	-0.299096	0.621327	-0.042630	-4.466819
9.671015	84.988543	-0.297985	0.622821	-0.042698	-4.476327
9.670876	84.987864	-0.298125	0.624313	-0.042764	-4.485844
9.669492	84.986544	-0.299513	0.625804	-0.042830	-4.495371
9.668096	84.985220	-0.300914	0.627296	-0.042897	-4.504908
9.667916	84.984527	-0.301094	0.628793	-0.042963	-4.514453
9.668953	84.984465	-0.300053	0.630295	-0.043030	-4.524008
9.671205	84.985035	-0.297791	0.631803	-0.043098	-4.533572
9.674675	84.986235	-0.294308	0.633315	-0.043167	-4.543145
9.678130	84.987431	-0.290838	0.634828	-0.043235	-4.552728
9.680338	84.987987	-0.288622	0.636340	-0.043303	-4.562321
9.681297	84.987903	-0.287658	0.637850	-0.043370	-4.571923
9.681007	84.987178	-0.287949	0.639359	-0.043437	-4.581534
9.679469	84.985813	-0.289493	0.640865	-0.043503	-4.591156
9.677918	84.984444	-0.291049	0.642373	-0.043569	-4.600787
9.677589	84.983705	-0.291379	0.643887	-0.043636	-4.610427
9.678480	84.983597	-0.290484	0.645405	-0.043703	-4.620077
9.680592	84.984120	-0.288364	0.646928	-0.043771	-4.629735
9.683925	84.985272	-0.285017	0.648456	-0.043839	-4.639403
9.687249	84.986420	-0.281680	0.649985	-0.043907	-4.649080
9.689329	84.986928	-0.279591	0.651513	-0.043975	-4.658766
9.690166	84.986796	-0.278751	0.653039	-0.044042	-4.668463
9.689758	84.986024	-0.279160	0.654563	-0.044109	-4.678169
9.688106	84.984613	-0.280817	0.656086	-0.044175	-4.687885
9.686443	84.983197	-0.282487	0.657610	-0.044241	-4.697610
9.685995	84.982411	-0.282935	0.659139	-0.044308	-4.707345
9.686764	84.982255	-0.282163	0.660673	-0.044375	-4.717088
9.688748	84.982728	-0.280171	0.662212	-0.044443	-4.726841
9.691949	84.983832	-0.276957	0.663756	-0.044511	-4.736603
9.695136	84.984930	-0.273758	0.665301	-0.044579	-4.746374
9.697076	84.985389	-0.271809	0.666845	-0.044647	-4.756155
9.697769	84.985209	-0.271113	0.668387	-0.044714	-4.765946
9.697215	84.984390	-0.271668	0.669927	-0.044781	-4.775746
9.695415	84.982932	-0.273475	0.671465	-0.044847	-4.785556
9.693603	84.981469	-0.275294	0.673005	-0.044913	-4.795376
9.693011	84.980635	-0.275887	0.674550	-0.044979	-4.805204
9.693639	84.980430	-0.275256	0.676100	-0.045046	-4.815042
9.695486	84.980854	-0.273402	0.677655	-0.045114	-4.824889
9.698553	84.981907	-0.270323	0.679215	-0.045183	-4.834744
9.701610	84.982955	-0.267253	0.680776	-0.045251	-4.844610
9.703425	84.983365	-0.265430	0.682335	-0.045319	-4.854485
9.703998	84.983135	-0.264855	0.683893	-0.045386	-4.864369
9.703328	84.982267	-0.265527	0.685449	-0.045452	-4.874264
9.701417	84.980760	-0.267445	0.687004	-0.045518	-4.884168
9.699493	84.979248	-0.269375	0.688559	-0.045584	-4.894081
9.698785	84.978365	-0.270086	0.690120	-0.045651	-4.904004
9.699291	84.978110	-0.269577	0.691686	-0.045718	-4.913935
9.701011	84.978483	-0.267850	0.693256	-0.045785	-4.923876
9.703945	84.979485	-0.264904	0.694832	-0.045854	-4.933826
9.706884	84.980491	-0.261954	0.696409	-0.045922	-4.943785
9.708614	84.980876	-0.260216	0.697985	-0.045990	-4.953754
9.709135	84.980642	-0.259693	0.699559	-0.046057	-4.963732
9.708447	84.979787	-0.260383	0.701131	-0.046123	-4.973720
9.706551	84.978312	-0.262286	0.702701	-0.046189	-4.983718
9.704660	84.976842	-0.264183	0.704273	-0.046255	-4.993726
9.703988	84.975999	-0.264857	0.705850	-0.046322	-5.003742
9.704533	84.975783	-0.264310	0.707432	-0.046389	-5.013767
9.706294	84.976196	-0.262541	0.709019	-0.046457	-5.023802
9.709273	84.977235	-0.259551	0.710611	-0.046525	-5.033845
9.712335	84.978318	-0.256477	0.712205	-0.046594	-5.043898
9.714343	84.978857	-0.254460	0.713797	-0.046661	-5.053961
9.715297	84.978855	-0.253502	0.715388	-0.046729	-5.064033
9.715196	84.978311	-0.253603	0.716978	-0.046796	-5.074115
9.714041	84.977224	-0.254762	0.718567	-0.046862	-5.084207
9.712966	84.976180	-0.255841	0.720158	-0.046928	-5.094308
9.713103	84.975763	-0.255702	0.721753	-0.046995	-5.104418
9.714454	84.975973	-0.254346	0.723353	-0.047063	-5.114537
9.717017	84.976810	-0.251772	0.724959	-0.047131	-5.124665
9.720794	84.978273	-0.247980	0.726569	-0.047200	-5.134803
9.724557	84.979732	-0.244202	0.728180	-0.047269	-5.144949
9.727074	84.980553	-0.241675	0.729790	-0.047337	-5.155105
9.728343	84.980737	-0.240401	0.731399	-0.047404	-5.165271
9.728364	84.980284	-0.240379	0.733005	-0.047471	-5.175447
9.727138	84.979193	-0.241610	0.734610	-0.047537	-5.185632
9.725897	84.978098	-0.242855	0.736216	-0.047604	-5.195826
9.725874	84.977629	-0.242877	0.737827	-0.047671	-5.206030
9.727067	84.977786	-0.241679	0.739443	-0.047738	-5.216243
9.729478	84.978569	-0.239258	0.741064	-0.047806	-5.226464
9.733108	84.979978	-0.235614	0.742690	-0.047875	-5.236695
9.736727	84.981382	-0.231981	0.744317	-0.047944	-5.246935
9.739103	84.982149	-0.229594	0.745943	-0.048012	-5.257184
9.740236	84.982279	-0.228457	0.747567	-0.048079	-5.267444
9.740125	84.981773	-0.228568	0.749189	-0.048146	-5.277712
9.738770	84.980630	-0.229927	0.750810	-0.048212	-5.287991
9.737401	84.979481	-0.231301	0.752432	-0.048279	-5.298279
9.737246	84.978958	-0.231456	0.754058	-0.048346	-5.308575
9.738303	84.979061	-0.230394	0.755690	-0.048413	-5.318881
9.740574	84.979789	-0.228114	0.757327	-0.048481	-5.329196
9.744060	84.981143	-0.224614	0.758968	-0.048550	-5.339520
9.747531	84.982492	-0.221130	0.760612	-0.048618	-5.349853
9.749755	84.983204	-0.218897	0.762253	-0.048686	-5.360196
9.750730	84.983279	-0.217917	0.763892	-0.048754	-5.370548
9.750458	84.982719	-0.218190	0.765530	-0.048820	-5.380910
9.748937	84.981522	-0.219716	0.767166	-0.048887	-5.391282
9.747403	84.980320	-0.221255	0.768804	-0.048953	-5.401663
9.747087	84.979742	-0.221572	0.770447	-0.049020	-5.412053
9.747990	84.979790	-0.220665	0.772094	-0.049087	-5.422452
9.750110	84.980463	-0.218536	0.773746	-0.049155	-5.432860
9.753450	84.981760	-0.215183	0.775403	-0.049224	-5.443276
9.756779	84.983052	-0.211841	0.777062	-0.049292	-5.453703
9.758865	84.983708	-0.209746	0.778719	-0.049360	-5.464139
9.759706	84.983727	-0.208902	0.780374	-0.049427	-5.474584
9.759302	84.983111	-0.209307	0.782028	-0.049494	-5.485039
9.757654	84.981859	-0.210960	0.783680	-0.049560	-5.495504
9.755992	84.980601	-0.212628	0.785333	-0.049626	-5.505977
9.755545	84.979968	-0.213076	0.786991	-0.049693	-5.516460
9.756312	84.979959	-0.212305	0.788654	-0.049761	-5.526952
9.758293	84.980575	-0.210316	0.790322	-0.049828	-5.537453
9.761489	84.981814	-0.207108	0.791995	-0.049897	-5.547963
9.764670	84.983048	-0.203914	0.793669	-0.049965	-5.558482
9.766605	84.983647	-0.201971	0.795342	-0.050033	-5.569011
9.767292	84.983610	-0.201281	0.797013	-0.050101	-5.579549
9.766731	84.982937	-0.201844	0.798682	-0.050167	-5.590097
9.764923	84.981629	-0.203658	0.800349	-0.050233	-5.600655
9.763102	84.980315	-0.205485	0.802018	-0.050299	-5.611222
9.762500	84.979625	-0.206089	0.803692	-0.050366	-5.621797
9.763116	84.979559	-0.205471	0.805370	-0.050433	-5.632382
9.764949	84.980117	-0.203630	0.807054	-0.050501	-5.642976
9.768001	84.981298	-0.200566	0.808742	-0.050570	-5.653578
9.771042	84.982473	-0.197513	0.810432	-0.050638	-5.664190
9.772840	84.983013	-0.195707	0.812120	-0.050706	-5.674812
9.773394	84.982917	-0.195151	0.813807	-0.050773	-5.685443
9.772703	84.982187	-0.195843	0.815491	-0.050840	-5.696084
9.770770	84.980821	-0.197783	0.817174	-0.050906	-5.706734
9.768824	84.979450	-0.199737	0.818859	-0.050972	-5.717393
9.768091	84.978702	-0.200472	0.820548	-0.051038	-5.728062
9.768572	84.978577	-0.199988	0.822242	-0.051106	-5.738739
9.770266	84.979075	-0.198287	0.823941	-0.051173	-5.749426
9.773174	84.980197	-0.195367	0.825645	-0.051242	-5.760121
9.776068	84.981312	-0.192462	0.827351	-0.051310	-5.770826
9.777717	84.981792	-0.190806	0.829054	-0.051378	-5.781540
9.778120	84.981638	-0.190402	0.830756	-0.051445	-5.792263
9.777277	84.980849	-0.191247	0.832456	-0.051511	-5.802997
9.775189	84.979425	-0.193343	0.834155	-0.051577	-5.813739
9.773088	84.977995	-0.195451	0.835855	-0.051643	-5.824492
9.772206	84.977188	-0.196336	0.837560	-0.051710	-5.835253
9.772539	84.977004	-0.196001	0.839269	-0.051777	-5.846022
9.774089	84.977442	-0.194445	0.840984	-0.051845	-5.856801
9.776856	84.978502	-0.191667	0.842703	-0.051913	-5.867589
9.779637	84.979570	-0.188874	0.844424	-0.051981	-5.878386
9.781229	84.980029	-0.187276	0.846144	-0.052049	-5.889193
9.781630	84.979880	-0.186873	0.847862	-0.052116	-5.900009
9.780841	84.979124	-0.187665	0.849578	-0.052183	-5.910835
9.778862	84.977759	-0.189651	0.851292	-0.052249	-5.921670
9.776896	84.976402	-0.191624	0.853009	-0.052315	-5.932515
9.776142	84.975666	-0.192379	0.854730	-0.052381	-5.943369
9.776601	84.975553	-0.191919	0.856456	-0.052449	-5.954231
9.778271	84.976062	-0.190241	0.858186	-0.052516	-5.965102
9.781154	84.977192	-0.187347	0.859922	-0.052585	-5.975983
9.784022	84.978317	-0.184467	0.861659	-0.052653	-5.986872
9.785646	84.978807	-0.182836	0.863395	-0.052721	-5.997771
9.786026	84.978663	-0.182454	0.865128	-0.052788	-6.008680
9.785162	84.977885	-0.183322	0.866860	-0.052854	-6.019598
9.783054	84.976473	-0.185437	0.868590	-0.052920	-6.030526
9.780933	84.975055	-0.187566	0.870322	-0.052986	-6.041463
9.780027	84.974259	-0.188474	0.872058	-0.053053	-6.052409
9.780337	84.974084	-0.188163	0.873800	-0.053120	-6.063363
9.781860	84.974530	-0.186633	0.875546	-0.053188	-6.074327
9.784599	84.975597	-0.183884	0.877297	-0.053256	-6.085300
9.787435	84.976714	-0.181036	0.879050	-0.053324	-6.096282
9.789248	84.977307	-0.179216	0.880802	-0.053392	-6.107273
9.790038	84.977378	-0.178422	0.882552	-0.053459	-6.118274
9.789804	84.976927	-0.178656	0.884302	-0.053526	-6.129285
9.788548	84.975952	-0.179917	0.886050	-0.053592	-6.140305
9.787386	84.975027	-0.181083	0.887800	-0.053659	-6.151334
9.787435	84.974723	-0.181033	0.889555	-0.053726	-6.162372
9.788695	84.975039	-0.179768	0.891315	-0.053793	-6.173419
9.791166	84.975977	-0.177287	0.893080	-0.053861	-6.184475
9.794850	84.977535	-0.173588	0.894849	-0.053930	-6.195540
9.798518	84.979087	-0.169905	0.896620	-0.053999	-6.206615
9.800939	84.980005	-0.167474	0.898389	-0.054067	-6.217698
9.802112	84.980289	-0.166296	0.900157	-0.054134	-6.228792
9.802037	84.979941	-0.166372	0.901923	-0.054201	-6.239894
9.800713	84.978959	-0.167700	0.903686	-0.054268	-6.251007
9.799373	84.977970	-0.169045	0.905452	-0.054334	-6.262128
9.799248	84.977602	-0.169169	0.907222	-0.054401	-6.273258
9.800339	84.977855	-0.168074	0.908997	-0.054468	-6.284398
9.802645	84.978728	-0.165758	0.910777	-0.054536	-6.295546
9.806169	84.980220	-0.162221	0.912562	-0.054605	-6.306703
9.809679	84.981707	-0.158696	0.914349	-0.054673	-6.317869
9.811946	84.982560	-0.156420	0.916133	-0.054741	-6.329045
9.812967	84.982779	-0.155395	0.917916	-0.054809	-6.340230
9.812742	84.982366	-0.155620	0.919697	-0.054876	-6.351425
9.811271	84.981319	-0.157096	0.921477	-0.054942	-6.362629
9.809785	84.980266	-0.158588	0.923257	-0.055008	-6.373842
9.809511	84.979833	-0.158862	0.925043	-0.055075	-6.385065
9.810448	84.980020	-0.157920	0.926834	-0.055142	-6.396296
9.812599	84.980826	-0.155761	0.928629	-0.055210	-6.407536
9.815962	84.982252	-0.152384	0.930429	-0.055279	-6.418785
9.819310	84.983672	-0.149023	0.932231	-0.055347	-6.430043
9.821409	84.984458	-0.146916	0.934031	-0.055415	-6.441311
9.822259	84.984612	-0.146062	0.935829	-0.055483	-6.452588
9.821858	84.984133	-0.146464	0.937626	-0.055549	-6.463875
9.820209	84.983021	-0.148119	0.939420	-0.055615	-6.475171
9.818544	84.981903	-0.149790	0.941216	-0.055681	-6.486476
9.818097	84.981404	-0.150238	0.943017	-0.055748	-6.497790
9.818866	84.981524	-0.149466	0.944823	-0.055815	-6.509113
9.820852	84.982263	-0.147472	0.946634	-0.055883	-6.520445
9.824056	84.983621	-0.144255	0.948449	-0.055952	-6.531786
9.827247	84.984973	-0.141051	0.950266	-0.056020	-6.543136
9.829192	84.985692	-0.139097	0.952082	-0.056088	-6.554496
9.829891	84.985778	-0.138395	0.953895	-0.056155	-6.565865
9.829343	84.985232	-0.138945	0.955707	-0.056222	-6.577243
9.827548	84.984053	-0.140747	0.957517	-0.056288	-6.588631
9.825738	84.982867	-0.142563	0.959328	-0.056354	-6.600028
9.825141	84.982301	-0.143161	0.961144	-0.056420	-6.611434
9.825758	84.982353	-0.142542	0.962965	-0.056488	-6.622849
9.827587	84.983023	-0.140705	0.964791	-0.056555	-6.634272
9.830631	84.984313	-0.137650	0.966622	-0.056624	-6.645705
9.833658	84.985595	-0.134610	0.968454	-0.056692	-6.657147
9.835437	84.986245	-0.132823	0.970285	-0.056760	-6.668598
9.835967	84.986263	-0.132291	0.972114	-0.056827	-6.680058
9.835248	84.985648	-0.133012	0.973941	-0.056893	-6.691529
9.833281	84.984402	-0.134987	0.975766	-0.056959	-6.703008
9.831299	84.983149	-0.136976	0.977592	-0.057025	-6.714497
9.830534	84.982514	-0.137743	0.979424	-0.057092	-6.725994
9.830986	84.982497	-0.137289	0.981260	-0.057159	-6.737501
9.832654	84.983098	-0.135614	0.983101	-0.057227	-6.749016
9.835540	84.984317	-0.132716	0.984947	-0.057295	-6.760540
9.838412	84.985529	-0.129832	0.986795	-0.057363	-6.772073
9.840040	84.986109	-0.128198	0.988641	-0.057431	-6.783616
9.840420	84.986057	-0.127816	0.990485	-0.057498	-6.795168
9.839554	84.985373	-0.128685	0.992327	-0.057564	-6.806730
9.837443	84.984057	-0.130804	0.994167	-0.057630	-6.818301
9.835317	84.982734	-0.132938	0.996009	-0.057696	-6.829881
9.834404	84.982029	-0.133853	0.997856	-0.057762	-6.841470
9.834703	84.981942	-0.133552	0.999707	-0.057829	-6.853068
9.836216	84.982472	-0.132034	1.001564	-0.057897	-6.864675
9.838941	84.983620	-0.129297	1.003425	-0.057965	-6.876291
9.841650	84.984760	-0.126577	1.005287	-0.058033	-6.887915
9.843113	84.985269	-0.125108	1.007148	-0.058101	-6.899549
9.843328	84.985146	-0.124892	1.009008	-0.058167	-6.911193
9.842295	84.984392	-0.125928	1.010865	-0.058234	-6.922846
9.840016	84.983006	-0.128215	1.012720	-0.058300	-6.934509
9.837723	84.981612	-0.130516	1.014577	-0.058365	-6.946180
9.836647	84.980836	-0.131597	1.016439	-0.058432	-6.957861
9.836786	84.980677	-0.131457	1.018306	-0.058499	-6.969550
9.838139	84.981136	-0.130098	1.020178	-0.058566	-6.981248
9.840709	84.982211	-0.127518	1.022054	-0.058634	-6.992955
9.843265	84.983278	-0.124951	1.023932	-0.058702	-7.004671
9.844577	84.983715	-0.123634	1.025808	-0.058769	-7.016397
9.844644	84.983520	-0.123566	1.027682	-0.058836	-7.028132
9.843466	84.982693	-0.124747	1.029555	-0.058903	-7.039876
9.841046	84.981235	-0.127177	1.031425	-0.058968	-7.051630
9.838610	84.979770	-0.129621	1.033297	-0.059034	-7.063393
9.837387	84.978922	-0.130849	1.035175	-0.059100	-7.075165
9.837374	84.978690	-0.130861	1.037056	-0.059167	-7.086945
9.838572	84.979075	-0.129658	1.038943	-0.059234	-7.098735
9.840981	84.980077	-0.127240	1.040834	-0.059302	-7.110533
9.843374	84.981071	-0.124837	1.042727	-0.059370	-7.122340
9.844523	84.981434	-0.123683	1.044619	-0.059437	-7.134157
9.844428	84.981165	-0.123778	1.046508	-0.059504	-7.145983
9.843088	84.980266	-0.125122	1.048396	-0.059570	-7.157819
9.840505	84.978735	-0.127714	1.050281	-0.059636	-7.169664
9.837910	84.977197	-0.130320	1.052169	-0.059701	-7.181518
9.836528	84.976276	-0.131707	1.054061	-0.059768	-7.193381
9.836358	84.975970	-0.131876	1.055958	-0.059834	-7.205253
9.837401	84.976281	-0.130829	1.057860	-0.059902	-7.217133
9.839657	84.977207	-0.128564	1.059766	-0.059969	-7.229023
9.842094	84.978225	-0.126117	1.061675	-0.060037	-7.240921
9.843680	84.978810	-0.124524	1.063583	-0.060105	-7.252829
9.844414	84.978961	-0.123786	1.065490	-0.060172	-7.264747
9.844297	84.978679	-0.123904	1.067396	-0.060239	-7.276674
9.843328	84.977964	-0.124876	1.069302	-0.060305	-7.288610
9.842538	84.977339	-0.125668	1.071210	-0.060371	-7.300556
9.842958	84.977331	-0.125246	1.073122	-0.060438	-7.312510
9.844587	84.977939	-0.123611	1.075040	-0.060506	-7.324473
9.847426	84.979162	-0.120760	1.076962	-0.060574	-7.336445
9.851477	84.981000	-0.116693	1.078889	-0.060642	-7.348426
9.855511	84.982831	-0.112643	1.080817	-0.060711	-7.360416
9.858294	84.984031	-0.109848	1.082744	-0.060779	-7.372415
9.859827	84.984601	-0.108310	1.084669	-0.060847	-7.384424
9.860106	84.984540	-0.108029	1.086592	-0.060914	-7.396442
9.859133	84.983848	-0.109005	1.088513	-0.060980	-7.408469
9.858141	84.983148	-0.110000	1.090436	-0.061046	-7.420506
9.858363	84.983064	-0.109777	1.092363	-0.061113	-7.432551
9.859799	84.983595	-0.108335	1.094296	-0.061180	-7.444606
9.862450	84.984742	-0.105674	1.096233	-0.061248	-7.456669
9.866317	84.986503	-0.101791	1.098175	-0.061317	-7.468740
9.870169	84.988256	-0.097924	1.100118	-0.061385	-7.480821
9.872773	84.989379	-0.095309	1.102060	-0.061453	-7.492912
9.874127	84.989871	-0.093950	1.104000	-0.061521	-7.505011
9.874230	84.989733	-0.093846	1.105938	-0.061587	-7.517120
9.873082	84.988964	-0.094998	1.107874	-0.061653	-7.529239
9.871916	84.988187	-0.096168	1.109812	-0.061720	-7.541366
9.871961	84.988026	-0.096122	1.111754	-0.061786	-7.553503
9.873219	84.988479	-0.094859	1.113702	-0.061854	-7.565648
9.875689	84.989547	-0.092379	1.115654	-0.061921	-7.577802
9.879373	84.991230	-0.088680	1.117611	-0.061990	-7.589964
9.883039	84.992905	-0.084999	1.119569	-0.062058	-7.602136
9.885451	84.993949	-0.082578	1.121526	-0.062126	-7.614317
9.886607	84.994363	-0.081417	1.123481	-0.062193	-7.626508
9.886506	84.994147	-0.081517	1.125434	-0.062260	-7.638708
9.885150	84.993300	-0.082879	1.127385	-0.062326	-7.650917
9.883775	84.992445	-0.084259	1.129338	-0.062392	-7.663136
9.883618	84.992204	-0.084415	1.131295	-0.062458	-7.675363
9.884680	84.992579	-0.083349	1.133257	-0.062526	-7.687599
9.886960	84.993567	-0.081060	1.135225	-0.062593	-7.699844
9.890459	84.995170	-0.077546	1.137196	-0.062662	-7.712097
9.893944	84.996765	-0.074047	1.139170	-0.062730	-7.724360
9.896177	84.997729	-0.071806	1.141141	-0.062798	-7.736632
9.897155	84.998063	-0.070823	1.143111	-0.062865	-7.748913
9.896879	84.997767	-0.071100	1.145079	-0.062931	-7.761204
9.895348	84.996840	-0.072636	1.147045	-0.062997	-7.773504
9.893800	84.995905	-0.074190	1.149013	-0.063063	-7.785814
9.893467	84.995585	-0.074524	1.150985	-0.063129	-7.798132
9.894349	84.995879	-0.073638	1.152962	-0.063196	-7.810458
9.896448	84.996786	-0.071531	1.154944	-0.063264	-7.822794
9.899764	84.998308	-0.068202	1.156931	-0.063332	-7.835138
9.903061	84.999821	-0.064891	1.158919	-0.063400	-7.847492
9.905102	85.000704	-0.062842	1.160906	-0.063468	-7.859855
9.905884	85.000957	-0.062056	1.162890	-0.063535	-7.872227
9.905409	85.000580	-0.062533	1.164873	-0.063601	-7.884608
9.903676	84.999573	-0.064272	1.166854	-0.063667	-7.896999
9.901925	84.998557	-0.066029	1.168836	-0.063733	-7.909399
9.901395	84.998156	-0.066560	1.170824	-0.063799	-7.921808
9.902086	84.998368	-0.065867	1.172816	-0.063866	-7.934226
9.903997	84.999193	-0.063948	1.174812	-0.063933	-7.946652
9.907130	85.000632	-0.060802	1.176814	-0.064001	-7.959087
9.910247	85.002063	-0.057672	1.178817	-0.064069	-7.971531
9.912110	85.002863	-0.055802	1.180818	-0.064137	-7.983985
9.912716	85.003033	-0.055193	1.182818	-0.064204	-7.996448
9.912066	85.002574	-0.055845	1.184815	-0.064270	-8.008920
9.910160	85.001484	-0.057758	1.186811	-0.064335	-8.021401
9.908236	85.000386	-0.059689	1.188808	-0.064401	-8.033892
9.907530	84.999902	-0.060397	1.190810	-0.064467	-8.046391
9.908041	85.000030	-0.059883	1.192817	-0.064534	-8.058900
9.909770	85.000772	-0.058147	1.194829	-0.064601	-8.071417
9.912718	85.002127	-0.055188	1.196845	-0.064669	-8.083942
9.915647	85.003474	-0.052247	1.198863	-0.064737	-8.096477
9.917319	85.004190	-0.050568	1.200879	-0.064804	-8.109021
9.917733	85.004277	-0.050153	1.202893	-0.064871	-8.121575
9.916888	85.003734	-0.051000	1.204906	-0.064937	-8.134138
9.914785	85.002561	-0.053110	1.206916	-0.065003	-8.146710
9.912666	85.001380	-0.055238	1.208928	-0.065068	-8.159291
9.911768	85.000811	-0.056138	1.210945	-0.065134	-8.171881
9.912092	85.000856	-0.055813	1.212967	-0.065201	-8.184480
9.913636	85.001513	-0.054262	1.214993	-0.065268	-8.197088
9.916403	85.002783	-0.051484	1.217024	-0.065336	-8.209704
9.919154	85.004044	-0.048722	1.219057	-0.065404	-8.222329
9.920649	85.004675	-0.047221	1.221087	-0.065471	-8.234964
9.920888	85.004677	-0.046981	1.223116	-0.065537	-8.247608
9.919869	85.004049	-0.048002	1.225144	-0.065603	-8.260261
9.917595	85.002791	-0.050285	1.227169	-0.065669	-8.272924
9.915304	85.001524	-0.052584	1.229196	-0.065734	-8.285596
9.914231	85.000870	-0.053661	1.231227	-0.065800	-8.298277
9.914376	85.000829	-0.053515	1.233264	-0.065866	-8.310966
9.915738	85.001400	-0.052147	1.235305	-0.065933	-8.323664
9.918319	85.002583	-0.049556	1.237351	-0.066001	-8.336371
9.920882	85.003758	-0.046983	1.239398	-0.066069	-8.349087
9.922188	85.004303	-0.045671	1.241443	-0.066136	-8.361812
9.922237	85.004218	-0.045622	1.243487	-0.066202	-8.374546
9.921028	85.003504	-0.046834	1.245529	-0.066268	-8.387290
9.918564	85.002160	-0.049307	1.247569	-0.066333	-8.400044
9.916084	85.000807	-0.051797	1.249610	-0.066398	-8.412806
9.914825	85.000067	-0.053060	1.251657	-0.066464	-8.425577
9.914786	84.999938	-0.053098	1.253708	-0.066531	-8.438357
9.915967	85.000422	-0.051912	1.255763	-0.066597	-8.451145
9.918369	85.001518	-0.049501	1.257824	-0.066665	-8.463942
9.920755	85.002605	-0.047105	1.259886	-0.066732	-8.476749
9.921886	85.003062	-0.045969	1.261946	-0.066799	-8.489564
9.921762	85.002889	-0.046094	1.264005	-0.066866	-8.502389
9.920382	85.002087	-0.047478	1.266061	-0.066931	-8.515224
9.917749	85.000656	-0.050121	1.268116	-0.066996	-8.528067
9.915099	84.999215	-0.052781	1.270172	-0.067061	-8.540920
9.913666	84.998387	-0.054218	1.272233	-0.067127	-8.553781
9.913450	84.998170	-0.054435	1.274299	-0.067193	-8.566652
9.914449	84.998565	-0.053431	1.276369	-0.067260	-8.579531
9.916665	84.999572	-0.051207	1.278444	-0.067327	-8.592418
9.918862	85.000570	-0.049000	1.280521	-0.067395	-8.605315
9.919806	85.000938	-0.048052	1.282596	-0.067462	-8.618221
9.919496	85.000677	-0.048363	1.284669	-0.067528	-8.631136
9.917932	84.999786	-0.049933	1.286740	-0.067593	-8.644061
9.915115	84.998266	-0.052760	1.288810	-0.067658	-8.656995
9.912282	84.996737	-0.055603	1.290880	-0.067723	-8.669938
9.910669	84.995819	-0.057222	1.292956	-0.067789	-8.682890
9.910274	84.995513	-0.057618	1.295036	-0.067855	-8.695850
9.911096	84.995818	-0.056793	1.297122	-0.067921	-8.708820
9.913135	84.996735	-0.054745	1.299211	-0.067989	-8.721798
9.915158	84.997642	-0.052714	1.301303	-0.068056	-8.734785
9.915929	84.997920	-0.051939	1.303392	-0.068123	-8.747781
9.915448	84.997569	-0.052422	1.305480	-0.068189	-8.760787
9.913715	84.996588	-0.054161	1.307566	-0.068254	-8.773802
9.910732	84.994977	-0.057155	1.309650	-0.068319	-8.786826
9.907732	84.993358	-0.060166	1.311735	-0.068384	-8.799859
9.905947	84.992350	-0.061957	1.313825	-0.068449	-8.812901
9.905376	84.991953	-0.062530	1.315920	-0.068515	-8.825952
9.906016	84.992167	-0.061887	1.318020	-0.068582	-8.839012
9.907870	84.992992	-0.060025	1.320125	-0.068649	-8.852080
9.909706	84.993808	-0.058182	1.322231	-0.068716	-8.865157
9.910292	84.993995	-0.057593	1.324335	-0.068782	-8.878244
9.909629	84.993552	-0.058258	1.326437	-0.068848	-8.891340
9.907717	84.992480	-0.060178	1.328538	-0.068913	-8.904445
9.904557	84.990778	-0.063349	1.330636	-0.068978	-8.917560
9.901382	84.989068	-0.066535	1.332736	-0.069043	-8.930683
9.899423	84.987968	-0.068501	1.334841	-0.069108	-8.943815
9.898678	84.987479	-0.069249	1.336951	-0.069174	-8.956956
9.899145	84.987601	-0.068779	1.339065	-0.069240	-8.970106
9.900826	84.988333	-0.067092	1.341184	-0.069307	-8.983265
9.902526	84.989075	-0.065385	1.343305	-0.069374	-8.996432
9.903051	84.989223	-0.064857	1.345424	-0.069441	-9.009609
9.902402	84.988779	-0.065509	1.347541	-0.069507	-9.022795
9.900577	84.987742	-0.067339	1.349657	-0.069572	-9.035991
9.897580	84.986111	-0.070347	1.351771	-0.069637	-9.049195
9.894603	84.984490	-0.073336	1.353887	-0.069701	-9.062409
9.892836	84.983480	-0.075109	1.356007	-0.069767	-9.075632
9.892278	84.983080	-0.075669	1.358133	-0.069833	-9.088863
9.892928	84.983291	-0.075016	1.360263	-0.069899	-9.102103
9.894786	84.984112	-0.073150	1.362397	-0.069966	-9.115352
9.896674	84.984947	-0.071254	1.364534	-0.070033	-9.128610
9.897412	84.985202	-0.070513	1.366668	-0.070099	-9.141877
9.896999	84.984875	-0.070927	1.368801	-0.070165	-9.155153
9.895437	84.983966	-0.072495	1.370933	-0.070231	-9.168439
9.892725	84.982477	-0.075216	1.373063	-0.070296	-9.181734
9.890046	84.981002	-0.077905	1.375195	-0.070360	-9.195038
9.888576	84.980137	-0.079380	1.377331	-0.070426	-9.208351
9.888316	84.979883	-0.079641	1.379472	-0.070492	-9.221672
9.889263	84.980239	-0.078690	1.381618	-0.070558	-9.235003
9.891419	84.981205	-0.076525	1.383768	-0.070626	-9.248342
9.893585	84.982175	-0.074351	1.385920	-0.070693	-9.261690
9.894557	84.982542	-0.073374	1.388071	-0.070759	-9.275047
9.894337	84.982306	-0.073595	1.390220	-0.070825	-9.288414
9.892923	84.981468	-0.075013	1.392367	-0.070891	-9.301790
9.890319	84.980026	-0.077627	1.394512	-0.070955	-9.315175
9.887722	84.978589	-0.080233	1.396659	-0.071020	-9.328569
9.886332	84.977761	-0.081629	1.398810	-0.071086	-9.341972
9.886146	84.977544	-0.081815	1.400967	-0.071152	-9.355384
9.887164	84.977936	-0.080792	1.403128	-0.071218	-9.368804
9.889387	84.978939	-0.078560	1.405294	-0.071285	-9.382234
9.891608	84.979940	-0.076330	1.407461	-0.071352	-9.395672
9.892618	84.980330	-0.075316	1.409627	-0.071419	-9.409119
9.892417	84.980107	-0.075517	1.411790	-0.071485	-9.422576
9.891005	84.979273	-0.076934	1.413953	-0.071550	-9.436042
9.888383	84.977826	-0.079565	1.416113	-0.071615	-9.449518
9.885762	84.976378	-0.082197	1.418275	-0.071680	-9.463002
9.884347	84.975540	-0.083616	1.420441	-0.071745	-9.476495
9.884139	84.975312	-0.083825	1.422613	-0.071811	-9.489997
9.885137	84.975694	-0.082823	1.424789	-0.071878	-9.503507
9.887340	84.976686	-0.080610	1.426970	-0.071945	-9.517027
9.889669	84.977739	-0.078272	1.429152	-0.072012	-9.530555
9.891039	84.978307	-0.076896	1.431334	-0.072078	-9.544093
9.891450	84.978390	-0.076483	1.433515	-0.072145	-9.557640
9.890901	84.977986	-0.077033	1.435694	-0.072210	-9.571196
9.889394	84.977097	-0.078546	1.437873	-0.072276	-9.584762
9.888010	84.976271	-0.079935	1.440053	-0.072341	-9.598337
9.887829	84.976054	-0.080116	1.442238	-0.072407	-9.611920
9.888851	84.976446	-0.079090	1.444428	-0.072473	-9.625512
9.891076	84.977448	-0.076855	1.446622	-0.072540	-9.639113
9.894507	84.979060	-0.073411	1.448821	-0.072608	-9.652723
9.897916	84.980661	-0.069988	1.451022	-0.072676	-9.666341
9.900076	84.981633	-0.067820	1.453221	-0.072743	-9.679969
9.900984	84.981976	-0.066908	1.455418	-0.072809	-9.693607
9.900640	84.981689	-0.067252	1.457613	-0.072875	-9.707253
9.899046	84.980773	-0.068852	1.459806	-0.072940	-9.720909
9.897429	84.979847	-0.070474	1.462001	-0.073005	-9.734574
9.897021	84.979531	-0.070884	1.464200	-0.073071	-9.748247
9.897818	84.979824	-0.070083	1.466405	-0.073137	-9.761929
9.899823	84.980726	-0.068070	1.468614	-0.073204	-9.775620
9.903037	84.982237	-0.064844	1.470827	-0.073272	-9.789320
9.906231	84.983738	-0.061637	1.473042	-0.073339	-9.803029
9.908177	84.984610	-0.059683	1.475256	-0.073406	-9.816747
9.908872	84.984852	-0.058984	1.477467	-0.073472	-9.830474
9.908317	84.984464	-0.059541	1.479677	-0.073538	-9.844211
9.906512	84.983447	-0.061353	1.481884	-0.073603	-9.857956
9.904685	84.982420	-0.063186	1.484094	-0.073668	-9.871711
9.904064	84.982003	-0.063809	1.486308	-0.073733	-9.885475
9.904646	84.982194	-0.063224	1.488526	-0.073800	-9.899247
9.906434	84.982994	-0.061429	1.490750	-0.073866	-9.913028
9.909427	84.984404	-0.058424	1.492978	-0.073934	-9.926818
9.912398	84.985803	-0.055441	1.495207	-0.074001	-9.940616
9.914117	84.986573	-0.053715	1.497435	-0.074068	-9.954424
9.914584	84.986713	-0.053246	1.499661	-0.074134	-9.968242
9.913798	84.986224	-0.054035	1.501885	-0.074199	-9.982068
9.911759	84.985105	-0.056081	1.504107	-0.074264	-9.995904
9.909700	84.983976	-0.058147	1.506330	-0.074329	-10.009749
9.908850	84.983456	-0.059000	1.508559	-0.074394	-10.023603
9.909209	84.983545	-0.058639	1.510792	-0.074460	-10.037465
9.910776	84.984243	-0.057065	1.513030	-0.074527	-10.051336
9.913554	84.985549	-0.054277	1.515272	-0.074594	-10.065215
9.916311	84.986845	-0.051508	1.517516	-0.074661	-10.079104
9.917819	84.987511	-0.049995	1.519758	-0.074728	-10.093002
9.918074	84.987548	-0.049737	1.521998	-0.074794	-10.106909
9.917078	84.986955	-0.050737	1.524237	-0.074859	-10.120826
9.914832	84.985733	-0.052991	1.526473	-0.074924	-10.134752
9.912564	84.984500	-0.055267	1.528711	-0.074989	-10.148687
9.911503	84.983876	-0.056332	1.530954	-0.075054	-10.162630
9.911648	84.983861	-0.056186	1.533201	-0.075120	-10.176582
9.912998	84.984454	-0.054831	1.535453	-0.075186	-10.190543
9.915554	84.985656	-0.052264	1.537710	-0.075253	-10.204513
9.918089	84.986848	-0.049719	1.539969	-0.075320	-10.218492
9.919372	84.987409	-0.048430	1.542225	-0.075387	-10.232480
9.919403	84.987342	-0.048398	1.544480	-0.075452	-10.246477
9.918182	84.986644	-0.049624	1.546732	-0.075518	-10.260484
9.915709	84.985317	-0.052106	1.548983	-0.075582	-10.274499
9.913217	84.983979	-0.054607	1.551235	-0.075647	-10.288524
9.911935	84.983250	-0.055894	1.553493	-0.075712	-10.302558
9.911861	84.983129	-0.055968	1.555754	-0.075778	-10.316600
9.912995	84.983617	-0.054828	1.558021	-0.075844	-10.330651
9.915339	84.984713	-0.052475	1.560292	-0.075911	-10.344711
9.917663	84.985799	-0.050142	1.562565	-0.075978	-10.358779
9.918737	84.986254	-0.049063	1.564835	-0.076044	-10.372857
9.918559	84.986080	-0.049241	1.567104	-0.076110	-10.386945
9.917131	84.985276	-0.050674	1.569371	-0.076175	-10.401041
9.914454	84.983843	-0.053361	1.571636	-0.076239	-10.415147
9.911756	84.982398	-0.056069	1.573903	-0.076304	-10.429262
9.910265	84.981563	-0.057565	1.576174	-0.076369	-10.443385
9.909979	84.981335	-0.057852	1.578450	-0.076434	-10.457517
9.910897	84.981716	-0.056930	1.580731	-0.076500	-10.471658
9.913020	84.982705	-0.054798	1.583017	-0.076567	-10.485808
9.915122	84.983683	-0.052688	1.585304	-0.076634	-10.499967
9.915975	84.984031	-0.051831	1.587589	-0.076700	-10.514135
9.915578	84.983750	-0.052230	1.589872	-0.076765	-10.528312
9.913931	84.982839	-0.053882	1.592153	-0.076830	-10.542498
9.911036	84.981297	-0.056788	1.594433	-0.076895	-10.556694
9.908122	84.979745	-0.059712	1.596714	-0.076959	-10.570899
9.906417	84.978802	-0.061424	1.598999	-0.077024	-10.585112
9.905918	84.978466	-0.061924	1.601290	-0.077089	-10.599335
9.906626	84.978738	-0.061213	1.603585	-0.077155	-10.613565
9.908540	84.979619	-0.059291	1.605884	-0.077222	-10.627805
9.910596	84.980570	-0.057227	1.608186	-0.077288	-10.642054
9.911726	84.981053	-0.056091	1.610487	-0.077354	-10.656312
9.911932	84.981068	-0.055885	1.612786	-0.077420	-10.670579
9.911212	84.980616	-0.056607	1.615085	-0.077485	-10.684856
9.909567	84.979696	-0.058258	1.617383	-0.077550	-10.699142
9.908062	84.978846	-0.059768	1.619682	-0.077615	-10.713437
9.907761	84.978605	-0.060069	1.621987	-0.077681	-10.727740
9.908664	84.978971	-0.059163	1.624296	-0.077747	-10.742053
9.910770	84.979945	-0.057048	1.626609	-0.077813	-10.756374
9.914081	84.981527	-0.053724	1.628928	-0.077881	-10.770704
9.917370	84.983098	-0.050422	1.631247	-0.077948	-10.785043
9.919405	84.984039	-0.048379	1.633565	-0.078014	-10.799391
9.920185	84.984350	-0.047596	1.635881	-0.078080	-10.813748
9.919709	84.984031	-0.048072	1.638196	-0.078146	-10.828115
9.917979	84.983082	-0.049809	1.640508	-0.078210	-10.842491
9.916225	84.982121	-0.051569	1.642822	-0.078275	-10.856876
9.915679	84.981769	-0.052117	1.645140	-0.078340	-10.871270
9.916339	84.982024	-0.051453	1.647464	-0.078406	-10.885672
9.918206	84.982888	-0.049578	1.649791	-0.078473	-10.900083
9.921282	84.984358	-0.046491	1.652124	-0.078540	-10.914503
9.924336	84.985818	-0.043424	1.654458	-0.078607	-10.928932
9.926138	84.986647	-0.041615	1.656790	-0.078673	-10.943370
9.926685	84.986846	-0.041065	1.659121	-0.078739	-10.957818
9.925978	84.986415	-0.041774	1.661449	-0.078804	-10.972274
9.924018	84.985353	-0.043742	1.663776	-0.078869	-10.986740
9.922034	84.984280	-0.045733	1.666104	-0.078933	-11.001215
9.921255	84.983816	-0.046514	1.668436	-0.078999	-11.015699
9.921681	84.983958	-0.046087	1.670774	-0.079064	-11.030192
9.923311	84.984709	-0.044450	1.673116	-0.079131	-11.044693
9.926147	84.986067	-0.041602	1.675463	-0.079197	-11.059202
9.928959	84.987414	-0.038779	1.677811	-0.079264	-11.073721
9.930516	84.988131	-0.037215	1.680157	-0.079330	-11.088249
9.930816	84.988216	-0.036914	1.682502	-0.079396	-11.102787
9.929859	84.987672	-0.037874	1.684844	-0.079461	-11.117334
9.927647	84.986496	-0.040094	1.687185	-0.079526	-11.131890
9.925412	84.985310	-0.042337	1.689527	-0.079590	-11.146455
9.924387	84.984731	-0.043366	1.691874	-0.079655	-11.161028
9.924571	84.984760	-0.043180	1.694225	-0.079721	-11.175611
9.925965	84.985397	-0.041781	1.696582	-0.079787	-11.190202
9.928568	84.986642	-0.039167	1.698943	-0.079853	-11.204802
9.931150	84.987876	-0.036575	1.701305	-0.079920	-11.219411
9.932477	84.988478	-0.035242	1.703666	-0.079986	-11.234029
9.932547	84.988449	-0.035172	1.706024	-0.080052	-11.248657
9.931361	84.987788	-0.036362	1.708381	-0.080117	-11.263294
9.928919	84.986497	-0.038813	1.710736	-0.080181	-11.277940
9.926454	84.985194	-0.041287	1.713092	-0.080245	-11.292595
9.925197	84.984499	-0.042548	1.715453	-0.080310	-11.307259
9.925148	84.984413	-0.042597	1.717819	-0.080375	-11.321931
9.926305	84.984935	-0.041434	1.720189	-0.080441	-11.336613
9.928671	84.986066	-0.039059	1.722564	-0.080508	-11.351303
9.931013	84.987184	-0.036708	1.724941	-0.080574	-11.366002
9.932098	84.987671	-0.035618	1.727315	-0.080640	-11.380711
9.931926	84.987526	-0.035791	1.729688	-0.080706	-11.395429
9.930496	84.986749	-0.037226	1.732059	-0.080770	-11.410156
9.927809	84.985340	-0.039922	1.734428	-0.080834	-11.424892
9.925102	84.983920	-0.042639	1.736799	-0.080898	-11.439638
9.923607	84.983108	-0.044140	1.739174	-0.080963	-11.454392
9.923322	84.982905	-0.044425	1.741553	-0.081028	-11.469155
9.924248	84.983310	-0.043495	1.743938	-0.081094	-11.483927
9.926385	84.984325	-0.041350	1.746327	-0.081161	-11.498708
9.928500	84.985327	-0.039226	1.748718	-0.081227	-11.513497
9.929358	84.985697	-0.038364	1.751107	-0.081293	-11.528296
9.928960	84.985434	-0.038763	1.753494	-0.081358	-11.543104
9.927304	84.984539	-0.040425	1.755879	-0.081422	-11.557922
9.924393	84.983011	-0.043347	1.758262	-0.081486	-11.572749
9.921459	84.981471	-0.046291	1.760646	-0.081550	-11.587585
9.919735	84.980541	-0.048021	1.763036	-0.081615	-11.602430
9.919219	84.980220	-0.048539	1.765429	-0.081680	-11.617284
9.919911	84.980508	-0.047844	1.767828	-0.081746	-11.632146
9.921811	84.981405	-0.045937	1.770232	-0.081812	-11.647017
9.923738	84.982315	-0.044002	1.772636	-0.081878	-11.661897
9.924510	84.982643	-0.043226	1.775040	-0.081944	-11.676787
9.924127	84.982388	-0.043610	1.777441	-0.082009	-11.691686
9.922589	84.981550	-0.045154	1.779842	-0.082073	-11.706594
9.919896	84.980130	-0.047856	1.782240	-0.082137	-11.721512
9.917234	84.978724	-0.050529	1.784640	-0.082201	-11.736439
9.915782	84.977927	-0.051985	1.787045	-0.082266	-11.751375
9.915541	84.977739	-0.052227	1.789454	-0.082331	-11.766319
9.916509	84.978161	-0.051254	1.791868	-0.082397	-11.781272
9.918688	84.979192	-0.049067	1.794287	-0.082463	-11.796234
9.920867	84.980223	-0.046879	1.796708	-0.082529	-11.811205
9.921834	84.980642	-0.045908	1.799126	-0.082595	-11.826186
9.921587	84.980450	-0.046155	1.801543	-0.082660	-11.841176
9.920128	84.979646	-0.047619	1.803958	-0.082725	-11.856175
9.917458	84.978231	-0.050300	1.806371	-0.082789	-11.871184
9.914786	84.976815	-0.052981	1.808786	-0.082853	-11.886202
9.913324	84.976009	-0.054449	1.811205	-0.082917	-11.901228
9.913069	84.975813	-0.054704	1.813630	-0.082982	-11.916264
9.914020	84.976226	-0.053748	1.816059	-0.083048	-11.931308
9.916180	84.977250	-0.051580	1.818492	-0.083114	-11.946361
9.918362	84.978285	-0.049389	1.820927	-0.083181	-11.961423
9.919377	84.978731	-0.048370	1.823361	-0.083246	-11.976494
9.919226	84.978588	-0.048521	1.825793	-0.083311	-11.991575
9.917909	84.977857	-0.049843	1.828223	-0.083376	-12.006666
9.915426	84.976538	-0.052335	1.830651	-0.083440	-12.021765
9.912966	84.975229	-0.054803	1.833081	-0.083504	-12.036874
9.911718	84.974531	-0.056056	1.835516	-0.083569	-12.051992
9.911679	84.974443	-0.056094	1.837956	-0.083634	-12.067119
9.912851	84.974965	-0.054918	1.840400	-0.083699	-12.082254
9.915233	84.976097	-0.052526	1.842849	-0.083766	-12.097398
9.917610	84.977226	-0.050139	1.845299	-0.083832	-12.112551
9.918765	84.977738	-0.048979	1.847748	-0.083898	-12.127714
9.918697	84.977634	-0.049047	1.850195	-0.083963	-12.142886
9.917407	84.976913	-0.050342	1.852640	-0.084027	-12.158068
9.914894	84.975574	-0.052864	1.855083	-0.084091	-12.173259
9.912376	84.974233	-0.055391	1.857528	-0.084155	-12.188459
9.911066	84.973502	-0.056706	1.859977	-0.084220	-12.203668
9.910964	84.973382	-0.056808	1.862431	-0.084285	-12.218886
9.912070	84.973873	-0.055697	1.864890	-0.084351	-12.234112
9.914383	84.974974	-0.053375	1.867353	-0.084417	-12.249348
9.916706	84.976080	-0.051042	1.869818	-0.084483	-12.264592
9.917839	84.976585	-0.049905	1.872282	-0.084549	-12.279846
9.917780	84.976489	-0.049963	1.874743	-0.084614	-12.295110
9.916530	84.975792	-0.051218	1.877203	-0.084678	-12.310383
9.914089	84.974494	-0.053668	1.879661	-0.084742	-12.325665
9.911660	84.973201	-0.056106	1.882121	-0.084806	-12.340957
9.910442	84.972518	-0.057328	1.884586	-0.084871	-12.356257
9.910435	84.972447	-0.057334	1.887055	-0.084936	-12.371566
9.911639	84.972987	-0.056126	1.889528	-0.085001	-12.386884
9.914054	84.974137	-0.053701	1.892007	-0.085068	-12.402211
9.916507	84.975306	-0.051238	1.894487	-0.085134	-12.417547
9.917822	84.975900	-0.049917	1.896966	-0.085200	-12.432893
9.918000	84.975920	-0.049738	1.899443	-0.085265	-12.448248
9.917039	84.975365	-0.050702	1.901918	-0.085329	-12.463613
9.914940	84.974236	-0.052809	1.904392	-0.085393	-12.478986
9.912878	84.973125	-0.054878	1.906867	-0.085458	-12.494370
9.912025	84.972626	-0.055734	1.909347	-0.085522	-12.509762
9.912381	84.972738	-0.055376	1.911832	-0.085587	-12.525163
9.913946	84.973461	-0.053805	1.914322	-0.085653	-12.540572
9.916720	84.974795	-0.051020	1.916816	-0.085720	-12.555991
9.919468	84.976116	-0.048261	1.919312	-0.085786	-12.571419
9.920952	84.976801	-0.046771	1.921806	-0.085852	-12.586856
9.921171	84.976848	-0.046550	1.924297	-0.085917	-12.602303
9.920124	84.976258	-0.047601	1.926787	-0.085981	-12.617759
9.917813	84.975031	-0.049920	1.929275	-0.086045	-12.633224
9.915477	84.973791	-0.052265	1.931765	-0.086109	-12.648699
9.914355	84.973163	-0.053391	1.934259	-0.086174	-12.664183
9.914445	84.973147	-0.053300	1.936758	-0.086239	-12.679675
9.915747	84.973742	-0.051992	1.939262	-0.086304	-12.695177
9.918263	84.974948	-0.049466	1.941770	-0.086370	-12.710687
9.920754	84.976142	-0.046965	1.944280	-0.086437	-12.726207
9.921982	84.976697	-0.045732	1.946787	-0.086502	-12.741736
9.921944	84.976615	-0.045769	1.949293	-0.086567	-12.757274
9.920642	84.975896	-0.047076	1.951797	-0.086631	-12.772822
9.918076	84.974538	-0.049652	1.954299	-0.086695	-12.788379
9.915485	84.973168	-0.052252	1.956803	-0.086759	-12.803946
9.914105	84.972410	-0.053637	1.959311	-0.086823	-12.819521
9.913935	84.972263	-0.053808	1.961824	-0.086888	-12.835106
9.914974	84.972729	-0.052764	1.964342	-0.086954	-12.850699
9.917225	84.973806	-0.050504	1.966864	-0.087020	-12.866301
9.919546	84.974919	-0.048173	1.969388	-0.087086	-12.881912
9.920796	84.975491	-0.046918	1.971911	-0.087151	-12.897533
9.920975	84.975522	-0.046738	1.974432	-0.087216	-12.913164
9.920083	84.975012	-0.047633	1.976952	-0.087281	-12.928804
9.918119	84.973962	-0.049604	1.979470	-0.087345	-12.944453
9.916228	84.972947	-0.051502	1.981990	-0.087409	-12.960112
9.915550	84.972544	-0.052182	1.984515	-0.087473	-12.975779
9.916086	84.972753	-0.051644	1.987045	-0.087538	-12.991456
9.917835	84.973575	-0.049888	1.989579	-0.087604	-13.007141
9.920798	84.975008	-0.046912	1.992118	-0.087670	-13.022836
9.923736	84.976428	-0.043962	1.994658	-0.087737	-13.038539
9.925407	84.977210	-0.042284	1.997197	-0.087802	-13.054252
9.925810	84.977352	-0.041880	1.999733	-0.087867	-13.069975
9.924944	84.976856	-0.042749	2.002268	-0.087932	-13.085707
9.922810	84.975720	-0.044891	2.004800	-0.087996	-13.101448
9.920649	84.974571	-0.047060	2.007335	-0.088060	-13.117199
9.919700	84.974035	-0.048012	2.009873	-0.088124	-13.132959
9.919962	84.974112	-0.047748	2.012417	-0.088189	-13.148727
9.921436	84.974800	-0.046268	2.014965	-0.088255	-13.164505
9.924123	84.976102	-0.043570	2.017518	-0.088321	-13.180291
9.926782	84.977389	-0.040900	2.020072	-0.088387	-13.196087
9.928171	84.978037	-0.039505	2.022625	-0.088452	-13.211892
9.928290	84.978046	-0.039386	2.025175	-0.088517	-13.227707
9.927138	84.977415	-0.040542	2.027724	-0.088581	-13.243531
9.924716	84.976145	-0.042973	2.030271	-0.088645	-13.259365
9.922268	84.974862	-0.045429	2.032819	-0.088709	-13.275208
9.921037	84.974191	-0.046664	2.035371	-0.088773	-13.291059
9.921023	84.974133	-0.046679	2.037929	-0.088838	-13.306920
9.922223	84.974687	-0.045473	2.040491	-0.088903	-13.322790
9.924641	84.975854	-0.043046	2.043058	-0.088969	-13.338669
9.927033	84.977008	-0.040644	2.045626	-0.089035	-13.354557
9.928155	84.977521	-0.039517	2.048193	-0.089100	-13.370454
9.928008	84.977395	-0.039665	2.050757	-0.089165	-13.386361
9.926590	84.976628	-0.041088	2.053320	-0.089229	-13.402278
9.923903	84.975221	-0.043784	2.055880	-0.089293	-13.418204
9.921190	84.973801	-0.046507	2.058442	-0.089356	-13.434139
9.919691	84.972994	-0.048011	2.061009	-0.089420	-13.450083
9.919406	84.972800	-0.048297	2.063580	-0.089485	-13.466036
9.920334	84.973218	-0.047366	2.066156	-0.089550	-13.481998
9.922475	84.974250	-0.045216	2.068737	-0.089616	-13.497969
9.924721	84.975334	-0.042961	2.071320	-0.089682	-13.513950
9.925961	84.975911	-0.041715	2.073901	-0.089747	-13.529940
9.926196	84.975979	-0.041479	2.076481	-0.089812	-13.545939
9.925424	84.975539	-0.042254	2.079060	-0.089876	-13.561948
9.923646	84.974591	-0.044038	2.081638	-0.089940	-13.577967
9.921975	84.973696	-0.045715	2.084218	-0.090004	-13.593995
9.921519	84.973414	-0.046172	2.086802	-0.090069	-13.610032
9.922279	84.973745	-0.045408	2.089391	-0.090134	-13.626078
9.924256	84.974689	-0.043424	2.091984	-0.090199	-13.642133
9.927450	84.976247	-0.040217	2.094583	-0.090266	-13.658197
9.930618	84.977790	-0.037036	2.097182	-0.090332	-13.674270
9.932513	84.978692	-0.035134	2.099780	-0.090397	-13.690352
9.933133	84.978953	-0.034511	2.102376	-0.090462	-13.706445
9.932479	84.978573	-0.035167	2.104970	-0.090527	-13.722546
9.930550	84.977552	-0.037103	2.107562	-0.090591	-13.738658
9.928592	84.976516	-0.039068	2.110155	-0.090654	-13.754778
9.927850	84.976095	-0.039813	2.112753	-0.090719	-13.770908
9.928321	84.976287	-0.039339	2.115356	-0.090784	-13.787046
9.930008	84.977092	-0.037645	2.117964	-0.090849	-13.803194
9.932911	84.978510	-0.034731	2.120576	-0.090915	-13.819350
9.935784	84.979915	-0.031846	2.123190	-0.090981	-13.835516
9.937381	84.980677	-0.030242	2.125801	-0.091046	-13.851691
9.937700	84.980799	-0.029921	2.128411	-0.091111	-13.867876
9.936742	84.980278	-0.030883	2.131019	-0.091175	-13.884071
9.934506	84.979116	-0.033127	2.133625	-0.091239	-13.900275
9.932243	84.977939	-0.035398	2.136232	-0.091303	-13.916488
9.931201	84.977377	-0.036444	2.138844	-0.091367	-13.932710
9.931378	84.977428	-0.036266	2.141460	-0.091431	-13.948941
9.932774	84.978092	-0.034864	2.144082	-0.091497	-13.965182
9.935391	84.979371	-0.032236	2.146708	-0.091563	-13.981431
9.937982	84.980634	-0.029636	2.149335	-0.091628	-13.997689
9.939296	84.981256	-0.028316	2.151961	-0.091694	-14.013957
9.939332	84.981235	-0.028279	2.154584	-0.091758	-14.030235
9.938092	84.980572	-0.029524	2.157206	-0.091822	-14.046522
9.935575	84.979267	-0.032050	2.159826	-0.091886	-14.062819
9.933030	84.977948	-0.034604	2.162447	-0.091949	-14.079125
9.931704	84.977243	-0.035935	2.165073	-0.092013	-14.095440
9.931594	84.977151	-0.036045	2.167703	-0.092077	-14.111765
9.932702	84.977674	-0.034933	2.170338	-0.092143	-14.128098
9.935027	84.978810	-0.032598	2.172978	-0.092208	-14.144440
9.937323	84.979932	-0.030292	2.175620	-0.092274	-14.160791
9.938343	84.980411	-0.029268	2.178259	-0.092339	-14.177152
9.938085	84.980247	-0.029527	2.180896	-0.092403	-14.193523
9.936550	84.979440	-0.031067	2.183532	-0.092467	-14.209903
9.933738	84.977991	-0.033889	2.186165	-0.092530	-14.226293
9.930901	84.976528	-0.036737	2.188800	-0.092594	-14.242692
9.929285	84.975678	-0.038359	2.191440	-0.092657	-14.259100
9.928890	84.975443	-0.038755	2.194084	-0.092722	-14.275517
9.929714	84.975822	-0.037927	2.196733	-0.092787	-14.291943
9.931759	84.976814	-0.035874	2.199387	-0.092852	-14.308378
9.933913	84.977861	-0.033711	2.202042	-0.092918	-14.324822
9.935064	84.978401	-0.032556	2.204697	-0.092983	-14.341276
9.935211	84.978435	-0.032408	2.207350	-0.093047	-14.357740
9.934354	84.977962	-0.033267	2.210002	-0.093111	-14.374214
9.932493	84.976984	-0.035135	2.212652	-0.093175	-14.390697
9.930741	84.976059	-0.036893	2.215304	-0.093239	-14.407189
9.930207	84.975749	-0.037429	2.217962	-0.093303	-14.423690
9.930890	84.976053	-0.036742	2.220623	-0.093368	-14.440201
9.932792	84.976971	-0.034833	2.223290	-0.093433	-14.456720
9.935913	84.978503	-0.031699	2.225961	-0.093499	-14.473249
9.939004	84.980020	-0.028596	2.228634	-0.093565	-14.489786
9.940814	84.980894	-0.026779	2.231304	-0.093630	-14.506334
9.941341	84.981124	-0.026249	2.233973	-0.093695	-14.522891
9.940585	84.980710	-0.027008	2.236640	-0.093759	-14.539457
9.938546	84.979652	-0.029054	2.239305	-0.093822	-14.556033
9.936478	84.978580	-0.031130	2.241971	-0.093886	-14.572619
9.935632	84.978123	-0.031979	2.244642	-0.093950	-14.589214
9.936008	84.978279	-0.031601	2.247317	-0.094014	-14.605817
9.937605	84.979050	-0.029997	2.249997	-0.094080	-14.622430
9.940425	84.980435	-0.027166	2.252682	-0.094145	-14.639051
9.943217	84.981806	-0.024363	2.255369	-0.094211	-14.655682
9.944727	84.982532	-0.022846	2.258053	-0.094276	-14.672323
9.944955	84.982613	-0.022617	2.260736	-0.094341	-14.688973
9.943901	84.982051	-0.023675	2.263416	-0.094405	-14.705633
9.941564	84.980844	-0.026020	2.266095	-0.094468	-14.722302
9.939198	84.979623	-0.028395	2.268775	-0.094531	-14.738981
9.938052	84.979016	-0.029545	2.271459	-0.094595	-14.755669
9.938125	84.979024	-0.029471	2.274148	-0.094659	-14.772366
9.939418	84.979646	-0.028173	2.276842	-0.094724	-14.789072
9.941931	84.980883	-0.025650	2.279541	-0.094790	-14.805787
9.944413	84.982105	-0.023158	2.282241	-0.094855	-14.822511
9.945613	84.982682	-0.021953	2.284939	-0.094920	-14.839245
9.945529	84.982614	-0.022036	2.287636	-0.094985	-14.855989
9.944162	84.981901	-0.023408	2.290330	-0.095048	-14.872742
9.941512	84.980544	-0.026068	2.293022	-0.095111	-14.889505
9.938835	84.979172	-0.028755	2.295716	-0.095174	-14.906277
9.937381	84.978415	-0.030214	2.298414	-0.095238	-14.923058
9.937151	84.978272	-0.030445	2.301117	-0.095302	-14.939848
9.938143	84.978744	-0.029448	2.303825	-0.095367	-14.956647
9.940359	84.979831	-0.027223	2.306537	-0.095432	-14.973456
9.942547	84.980902	-0.025027	2.309251	-0.095498	-14.990273
9.943452	84.981328	-0.024118	2.311963	-0.095563	-15.007101
9.943074	84.981109	-0.024497	2.314673	-0.095627	-15.023938
9.941414	84.980245	-0.026163	2.317380	-0.095690	-15.040784
9.938472	84.978736	-0.029115	2.320086	-0.095753	-15.057641
9.935502	84.977212	-0.032096	2.322794	-0.095816	-15.074506
9.933753	84.976302	-0.033852	2.325506	-0.095879	-15.091381
9.933224	84.976008	-0.034382	2.328222	-0.095943	-15.108265
9.933915	84.976328	-0.033689	2.330944	-0.096008	-15.125158
9.935825	84.977263	-0.031770	2.333670	-0.096073	-15.142059
9.937847	84.978253	-0.029741	2.336398	-0.096138	-15.158971
9.938870	84.978740	-0.028713	2.339125	-0.096203	-15.175892
9.938895	84.978722	-0.028688	2.341850	-0.096267	-15.192822
9.937920	84.978200	-0.029666	2.344574	-0.096331	-15.209763
9.935947	84.977175	-0.031646	2.347297	-0.096394	-15.226713
9.934087	84.976204	-0.033513	2.350022	-0.096458	-15.243672
9.933449	84.975849	-0.034153	2.352751	-0.096522	-15.260641
9.934032	84.976109	-0.033567	2.355486	-0.096586	-15.277618
9.935837	84.976983	-0.031755	2.358225	-0.096651	-15.294605
9.938865	84.978472	-0.028715	2.360968	-0.096717	-15.311601
9.941863	84.979946	-0.025705	2.363713	-0.096783	-15.328606
9.943577	84.980774	-0.023984	2.366456	-0.096848	-15.345620
9.944005	84.980955	-0.023553	2.369197	-0.096912	-15.362645
9.943147	84.980491	-0.024414	2.371936	-0.096976	-15.379679
9.941004	84.979380	-0.026565	2.374673	-0.097039	-15.396723
9.938829	84.978254	-0.028748	2.377412	-0.097102	-15.413776
9.937875	84.977744	-0.029705	2.380155	-0.097166	-15.430838
9.938140	84.977848	-0.029439	2.382903	-0.097230	-15.447909
9.939625	84.978567	-0.027947	2.385655	-0.097295	-15.464989
9.942331	84.979902	-0.025231	2.388413	-0.097360	-15.482079
9.945005	84.981220	-0.022546	2.391171	-0.097426	-15.499178
9.946392	84.981892	-0.021153	2.393928	-0.097491	-15.516286
9.946492	84.981918	-0.021053	2.396683	-0.097555	-15.533404
9.945304	84.981297	-0.022245	2.399435	-0.097618	-15.550532
9.942828	84.980030	-0.024730	2.402186	-0.097681	-15.567669
9.940324	84.978747	-0.027244	2.404938	-0.097744	-15.584816
9.939044	84.978079	-0.028528	2.407695	-0.097808	-15.601972
9.938988	84.978027	-0.028584	2.410456	-0.097872	-15.619137
9.940155	84.978589	-0.027411	2.413222	-0.097937	-15.636311
9.942548	84.979767	-0.025010	2.415993	-0.098002	-15.653494
9.944910	84.980928	-0.022638	2.418765	-0.098067	-15.670687
9.945986	84.981443	-0.021557	2.421536	-0.098132	-15.687889
9.945775	84.981311	-0.021768	2.424304	-0.098196	-15.705101
9.944277	84.980532	-0.023271	2.427070	-0.098259	-15.722323
9.941494	84.979106	-0.026065	2.429834	-0.098322	-15.739554
9.938681	84.977664	-0.028889	2.432600	-0.098385	-15.756795
9.937089	84.976838	-0.030486	2.435370	-0.098448	-15.774044
9.936719	84.976627	-0.030858	2.438145	-0.098512	-15.791303
9.937569	84.977031	-0.030004	2.440925	-0.098576	-15.808571
9.939640	84.978051	-0.027924	2.443710	-0.098641	-15.825848
9.941704	84.979066	-0.025852	2.446496	-0.098706	-15.843135
9.942532	84.979459	-0.025020	2.449280	-0.098771	-15.860431
9.942123	84.979230	-0.025430	2.452062	-0.098835	-15.877737
9.940478	84.978377	-0.027081	2.454842	-0.098898	-15.895052
9.937598	84.976902	-0.029972	2.457620	-0.098961	-15.912377
9.934714	84.975424	-0.032866	2.460400	-0.099023	-15.929712
9.933054	84.974560	-0.034532	2.463185	-0.099087	-15.947056
9.932617	84.974312	-0.034970	2.465974	-0.099150	-15.964408
9.933403	84.974680	-0.034181	2.468768	-0.099215	-15.981770
9.935412	84.975662	-0.032164	2.471567	-0.099280	-15.999141
9.937576	84.976722	-0.029992	2.474367	-0.099345	-16.016522
9.938824	84.977318	-0.028738	2.477167	-0.099409	-16.033912
9.939156	84.977453	-0.028405	2.479965	-0.099473	-16.051312
9.938572	84.977126	-0.028990	2.482763	-0.099537	-16.068722
9.937072	84.976336	-0.030495	2.485560	-0.099600	-16.086141
9.935726	84.975623	-0.031847	2.488358	-0.099664	-16.103570
9.935600	84.975525	-0.031973	2.491161	-0.099728	-16.121008
9.936694	84.976043	-0.030874	2.493969	-0.099792	-16.138455
9.939010	84.977176	-0.028548	2.496781	-0.099857	-16.155911
9.942549	84.978925	-0.024996	2.499599	-0.099923	-16.173377
9.946054	84.980656	-0.021476	2.502417	-0.099989	-16.190851
9.948267	84.981740	-0.019254	2.505234	-0.100054	-16.208336
9.949187	84.982176	-0.018331	2.508048	-0.100118	-16.225830
9.948811	84.981964	-0.018708	2.510861	-0.100182	-16.243334
9.947141	84.981103	-0.020384	2.513672	-0.100245	-16.260847
9.945437	84.980227	-0.022093	2.516483	-0.100308	-16.278370
9.944959	84.979966	-0.022573	2.519300	-0.100372	-16.295902
9.945706	84.980320	-0.021823	2.522121	-0.100436	-16.313444
9.947678	84.981289	-0.019843	2.524947	-0.100501	-16.330994
9.950876	84.982874	-0.016632	2.527778	-0.100566	-16.348553
9.954043	84.984442	-0.013452	2.530610	-0.100632	-16.366122
9.955918	84.985362	-0.011570	2.533440	-0.100696	-16.383701
9.956499	84.985633	-0.010986	2.536268	-0.100761	-16.401289
9.955786	84.985256	-0.011702	2.539094	-0.100824	-16.418887
9.953779	84.984230	-0.013716	2.541918	-0.100887	-16.436495
9.951738	84.983188	-0.015764	2.544744	-0.100950	-16.454112
9.950921	84.982761	-0.016584	2.547574	-0.101014	-16.471738
9.951327	84.982950	-0.016176	2.550409	-0.101078	-16.489373
9.952956	84.983754	-0.014540	2.553248	-0.101142	-16.507018
9.955810	84.985174	-0.011675	2.556092	-0.101207	-16.524671
9.958630	84.986576	-0.008844	2.558938	-0.101273	-16.542334
9.960154	84.987330	-0.007313	2.561781	-0.101337	-16.560007
9.960383	84.987435	-0.007083	2.564623	-0.101401	-16.577689
9.959315	84.986892	-0.008155	2.567462	-0.101464	-16.595381
9.956952	84.985699	-0.010526	2.570300	-0.101527	-16.613083
9.954557	84.984490	-0.012930	2.573138	-0.101590	-16.630794
9.953390	84.983896	-0.014101	2.575982	-0.101653	-16.648515
9.953451	84.983918	-0.014040	2.578830	-0.101717	-16.666244
9.954740	84.984555	-0.012746	2.581683	-0.101781	-16.683983
9.957257	84.985808	-0.010219	2.584541	-0.101846	-16.701731
9.959742	84.987043	-0.007724	2.587400	-0.101911	-16.719488
9.960932	84.987630	-0.006528	2.590256	-0.101976	-16.737255
9.960827	84.987567	-0.006633	2.593111	-0.102039	-16.755032
9.959427	84.986855	-0.008038	2.595964	-0.102103	-16.772818
9.956733	84.985493	-0.010742	2.598815	-0.102165	-16.790614
9.954006	84.984116	-0.013479	2.601667	-0.102228	-16.808420
9.952506	84.983353	-0.014985	2.604524	-0.102291	-16.826234
9.952229	84.983206	-0.015262	2.607386	-0.102354	-16.844058
9.953178	84.983675	-0.014310	2.610252	-0.102418	-16.861891
9.955351	84.984759	-0.012128	2.613123	-0.102483	-16.879733
9.957490	84.985826	-0.009980	2.615995	-0.102548	-16.897584
9.958336	84.986243	-0.009130	2.618866	-0.102612	-16.915446
9.957888	84.986011	-0.009580	2.621734	-0.102676	-16.933317
9.956145	84.985129	-0.011329	2.624600	-0.102739	-16.951197
9.953110	84.983598	-0.014375	2.627464	-0.102801	-16.969088
9.950044	84.982050	-0.017452	2.630330	-0.102863	-16.986987
9.948207	84.981117	-0.019296	2.633200	-0.102926	-17.004896
9.947597	84.980800	-0.019908	2.636075	-0.102989	-17.022814
9.948214	84.981098	-0.019289	2.638955	-0.103053	-17.040742
9.950057	84.982012	-0.017438	2.641839	-0.103118	-17.058678
9.951920	84.982934	-0.015567	2.644725	-0.103183	-17.076624
9.952594	84.983259	-0.014890	2.647609	-0.103247	-17.094579
9.952079	84.982985	-0.015407	2.650491	-0.103310	-17.112545
9.950375	84.982114	-0.017117	2.653372	-0.103373	-17.130520
9.947483	84.980644	-0.020020	2.656251	-0.103435	-17.148505
9.944611	84.979184	-0.022903	2.659131	-0.103498	-17.166499
9.942963	84.978339	-0.024557	2.662016	-0.103560	-17.184503
9.942539	84.978110	-0.024982	2.664906	-0.103624	-17.202515
9.943337	84.978496	-0.024180	2.667800	-0.103688	-17.220537
9.945359	84.979497	-0.022150	2.670699	-0.103753	-17.238568
9.947347	84.980481	-0.020154	2.673600	-0.103817	-17.256608
9.948043	84.980815	-0.019455	2.676498	-0.103881	-17.274658
9.947447	84.980499	-0.020053	2.679394	-0.103944	-17.292718
9.945559	84.979533	-0.021948	2.682289	-0.104007	-17.310787
9.942381	84.977916	-0.025138	2.685181	-0.104069	-17.328867
9.939172	84.976282	-0.028359	2.688075	-0.104131	-17.346955
9.937189	84.975264	-0.030349	2.690973	-0.104194	-17.365053
9.936431	84.974861	-0.031110	2.693876	-0.104257	-17.383160
9.936896	84.975074	-0.030642	2.696784	-0.104321	-17.401276
9.938586	84.975902	-0.028946	2.699696	-0.104386	-17.419402
9.940580	84.976882	-0.026943	2.702611	-0.104450	-17.437537
9.941960	84.977551	-0.025557	2.705525	-0.104514	-17.455681
9.942725	84.977908	-0.024789	2.708440	-0.104578	-17.473836
9.942874	84.977953	-0.024639	2.711354	-0.104642	-17.492000
9.942408	84.977686	-0.025106	2.714267	-0.104705	-17.510174
9.942245	84.977572	-0.025269	2.717183	-0.104769	-17.528357
9.943304	84.978073	-0.024206	2.720104	-0.104833	-17.546550
9.945587	84.979190	-0.021914	2.723030	-0.104898	-17.564752
9.949093	84.980922	-0.018394	2.725960	-0.104963	-17.582963
9.953826	84.983269	-0.013642	2.728895	-0.105029	-17.601183
9.958523	84.985598	-0.008926	2.731831	-0.105094	-17.619413
9.961917	84.987276	-0.005520	2.734765	-0.105159	-17.637652
9.964004	84.988304	-0.003424	2.737697	-0.105224	-17.655901
9.964783	84.988680	-0.002642	2.740627	-0.105288	-17.674160
9.964253	84.988406	-0.003173	2.743555	-0.105351	-17.692429
9.963684	84.988115	-0.003744	2.746484	-0.105414	-17.710707
9.964344	84.988439	-0.003082	2.749418	-0.105478	-17.728994
9.966232	84.989378	-0.001186	2.752357	-0.105543	-17.747290
9.969350	84.990932	0.001944	2.755300	-0.105608	-17.765596
9.973700	84.993101	0.006312	2.758249	-0.105673	-17.783911
9.978016	84.995252	0.010645	2.761198	-0.105739	-17.802235
9.981027	84.996752	0.013668	2.764145	-0.105804	-17.820569
9.982732	84.997601	0.015379	2.767091	-0.105868	-17.838912
9.983128	84.997799	0.015778	2.770034	-0.105931	-17.857266
9.982216	84.997345	0.014863	2.772975	-0.105995	-17.875629
9.981265	84.996874	0.013908	2.775917	-0.106058	-17.894002
9.981542	84.997018	0.014187	2.778864	-0.106121	-17.912383
9.983047	84.997777	0.015698	2.781816	-0.106185	-17.930774
9.985782	84.999152	0.018444	2.784773	-0.106250	-17.949174
9.989749	85.001141	0.022426	2.787734	-0.106315	-17.967584
9.993676	85.003113	0.026369	2.790697	-0.106381	-17.986003
9.996292	85.004432	0.028995	2.793657	-0.106445	-18.004431
9.997594	85.005101	0.030303	2.796615	-0.106509	-18.022869
9.997581	85.005118	0.030290	2.799572	-0.106573	-18.041317
9.996253	85.004484	0.028957	2.802526	-0.106635	-18.059775
9.994886	85.003831	0.027586	2.805482	-0.106698	-18.078242
9.994756	85.003794	0.027456	2.808442	-0.106762	-18.096719
9.995863	85.004372	0.028566	2.811407	-0.106825	-18.115204
9.998206	85.005565	0.030919	2.814376	-0.106890	-18.133699
10.001788	85.007373	0.034515	2.817351	-0.106955	-18.152203
10.005335	85.009162	0.038076	2.820326	-0.107020	-18.170716
10.007569	85.010299	0.040319	2.823300	-0.107084	-18.189239
10.008489	85.010785	0.041243	2.826271	-0.107148	-18.207772
10.008095	85.010619	0.040848	2.829241	-0.107211	-18.226315
10.006386	85.009802	0.039133	2.832208	-0.107274	-18.244867
10.004639	85.008966	0.037379	2.835176	-0.107336	-18.263429
10.004127	85.008745	0.036866	2.838150	-0.107399	-18.282000
10.004850	85.009140	0.037592	2.841128	-0.107463	-18.300580
10.006809	85.010149	0.039558	2.844110	-0.107527	-18.319169
10.010004	85.011773	0.042766	2.847098	-0.107592	-18.337768
10.013160	85.013379	0.045935	2.850086	-0.107657	-18.356376
10.015001	85.014332	0.047783	2.853073	-0.107721	-18.374994
10.015524	85.014634	0.048309	2.856057	-0.107785	-18.393621
10.014730	85.014283	0.047512	2.859040	-0.107847	-18.412258
10.012618	85.013281	0.045393	2.862020	-0.107910	-18.430905
10.010470	85.012260	0.043236	2.865001	-0.107972	-18.449562
10.009562	85.011855	0.042325	2.867988	-0.108035	-18.468228
10.009895	85.012064	0.042660	2.870979	-0.108098	-18.486903
10.011468	85.012888	0.044239	2.873974	-0.108162	-18.505587
10.014282	85.014326	0.047065	2.876975	-0.108227	-18.524280
10.017061	85.015746	0.049854	2.879976	-0.108291	-18.542982
10.018524	85.016514	0.051323	2.882976	-0.108355	-18.561695
10.018670	85.016629	0.051470	2.885973	-0.108418	-18.580417
10.017499	85.016092	0.050295	2.888968	-0.108481	-18.599149
10.015012	85.014903	0.047799	2.891962	-0.108543	-18.617891
10.012487	85.013696	0.045265	2.894956	-0.108605	-18.636642
10.011202	85.013103	0.043975	2.897955	-0.108668	-18.655402
10.011154	85.013125	0.043927	2.900959	-0.108731	-18.674172
10.012343	85.013762	0.045122	2.903968	-0.108795	-18.692951
10.014771	85.015013	0.047559	2.906981	-0.108859	-18.711738
10.017161	85.016246	0.049959	2.909996	-0.108923	-18.730536
10.018236	85.016826	0.051038	2.913008	-0.108987	-18.749343
10.017993	85.016753	0.050795	2.916018	-0.109050	-18.768160
10.016434	85.016028	0.049230	2.919027	-0.109112	-18.786986
10.013560	85.014651	0.046346	2.922033	-0.109174	-18.805823
10.010651	85.013255	0.043426	2.925040	-0.109236	-18.824669
10.008983	85.012474	0.041752	2.928052	-0.109298	-18.843524
10.008557	85.012307	0.041324	2.931069	-0.109361	-18.862388
10.009370	85.012755	0.042142	2.934091	-0.109424	-18.881262
10.011425	85.013818	0.044204	2.937117	-0.109488	-18.900144
10.013443	85.014861	0.046230	2.940144	-0.109553	-18.919036
10.014146	85.015252	0.046937	2.943170	-0.109616	-18.937938
10.013534	85.014990	0.046322	2.946193	-0.109679	-18.956850
10.011606	85.014075	0.044388	2.949214	-0.109741	-18.975771
10.008365	85.012508	0.041135	2.952233	-0.109802	-18.994702
10.005088	85.010922	0.037846	2.955253	-0.109864	-19.013643
10.003050	85.009951	0.035800	2.958278	-0.109926	-19.032593
10.002249	85.009594	0.034996	2.961308	-0.109989	-19.051552
10.002684	85.009852	0.035433	2.964342	-0.110052	-19.070520
10.004355	85.010724	0.037111	2.967382	-0.110116	-19.089497
10.005990	85.011577	0.038752	2.970422	-0.110179	-19.108484
10.006312	85.011777	0.039077	2.973460	-0.110243	-19.127481
10.005323	85.011324	0.038084	2.976496	-0.110305	-19.146487
10.003023	85.010218	0.035776	2.979530	-0.110367	-19.165503
9.999414	85.008460	0.032154	2.982562	-0.110428	-19.184529
9.995772	85.006682	0.028498	2.985595	-0.110490	-19.203565
9.993369	85.005519	0.026086	2.988633	-0.110552	-19.222609
9.992204	85.004970	0.024917	2.991676	-0.110614	-19.241663
9.992275	85.005036	0.024989	2.994723	-0.110677	-19.260726
9.993583	85.005716	0.026302	2.997775	-0.110741	-19.279798
9.994855	85.006377	0.027579	3.000828	-0.110804	-19.298879
9.994816	85.006385	0.027541	3.003879	-0.110867	-19.317971
9.993468	85.005739	0.026188	3.006928	-0.110929	-19.337072
9.990811	85.004441	0.023521	3.009975	-0.110991	-19.356183
9.986847	85.002490	0.019542	3.013020	-0.111052	-19.375303
9.982849	85.000519	0.015530	3.016066	-0.111113	-19.394434
9.980086	84.999163	0.012756	3.019117	-0.111175	-19.413573
9.978556	84.998421	0.011220	3.022172	-0.111237	-19.432721
9.978256	84.998294	0.010920	3.025232	-0.111300	-19.451879
9.979188	84.998781	0.011856	3.028297	-0.111363	-19.471046
9.980084	84.999249	0.012756	3.031363	-0.111426	-19.490222
9.979677	84.999063	0.012347	3.034427	-0.111489	-19.509408
9.977967	84.998224	0.010631	3.037489	-0.111551	-19.528604
9.974956	84.996731	0.007609	3.040548	-0.111613	-19.547810
9.970645	84.994586	0.003282	3.043606	-0.111673	-19.567025
9.966304	84.992421	-0.001075	3.046665	-0.111734	-19.586250
9.963197	84.990870	-0.004194	3.049729	-0.111796	-19.605484
9.961320	84.989934	-0.006077	3.052797	-0.111858	-19.624728
9.960673	84.989612	-0.006727	3.055870	-0.111920	-19.643980
9.961254	84.989905	-0.006143	3.058948	-0.111983	-19.663242
9.962241	84.990397	-0.005152	3.062028	-0.112047	-19.682513
9.962808	84.990677	-0.004582	3.065108	-0.112110	-19.701794
9.962957	84.990743	-0.004432	3.068189	-0.112173	-19.721085
9.962687	84.990596	-0.004703	3.071270	-0.112235	-19.740385
9.961998	84.990236	-0.005395	3.074351	-0.112298	-19.759696
9.961712	84.990077	-0.005681	3.077434	-0.112361	-19.779016
9.962653	84.990531	-0.004736	3.080523	-0.112424	-19.798345
9.964821	84.991599	-0.002559	3.083616	-0.112488	-19.817683
9.968218	84.993282	0.000851	3.086713	-0.112552	-19.837031
9.972845	84.995578	0.005496	3.089816	-0.112617	-19.856388
9.977432	84.997854	0.010101	3.092919	-0.112682	-19.875754
9.980705	84.999477	0.013387	3.096021	-0.112746	-19.895130
9.982660	85.000446	0.015350	3.099120	-0.112810	-19.914516
9.983296	85.000761	0.015989	3.102217	-0.112873	-19.933911
9.982614	85.000423	0.015304	3.105312	-0.112935	-19.953316
9.981888	85.000065	0.014576	3.108409	-0.112998	-19.972731
9.982392	85.000321	0.015083	3.111510	-0.113061	-19.992155
9.984128	85.001190	0.016825	3.114616	-0.113124	-20.011588
9.987096	85.002674	0.019805	3.117726	-0.113189	-20.031031
9.991297	85.004771	0.024023	3.120841	-0.113253	-20.050482
9.995461	85.006847	0.028202	3.123957	-0.113318	-20.069943
9.998309	85.008270	0.031061	3.127072	-0.113382	-20.089414
9.999839	85.009039	0.032598	3.130184	-0.113445	-20.108894
10.000051	85.009154	0.032811	3.133294	-0.113508	-20.128385
9.998945	85.008616	0.031701	3.136401	-0.113570	-20.147885
9.997794	85.008057	0.030547	3.139511	-0.113633	-20.167394
9.997874	85.008112	0.030628	3.142624	-0.113695	-20.186913
9.999185	85.008781	0.031943	3.145743	-0.113759	-20.206441
10.001726	85.010063	0.034495	3.148866	-0.113822	-20.225978
10.005501	85.011959	0.038284	3.151994	-0.113887	-20.245524
10.009232	85.013834	0.042030	3.155123	-0.113951	-20.265080
10.011642	85.015056	0.044450	3.158249	-0.114015	-20.284646
10.012729	85.015623	0.045541	3.161374	-0.114078	-20.304221
10.012491	85.015536	0.045303	3.164497	-0.114141	-20.323806
10.010930	85.014796	0.043736	3.167617	-0.114203	-20.343401
10.009326	85.014035	0.042126	3.170739	-0.114265	-20.363005
10.008960	85.013888	0.041759	3.173865	-0.114327	-20.382619
10.009831	85.014354	0.042634	3.176996	-0.114390	-20.402241
10.011940	85.015433	0.044751	3.180132	-0.114454	-20.421873
10.015288	85.017126	0.048113	3.183272	-0.114518	-20.441514
10.018597	85.018797	0.051434	3.186414	-0.114582	-20.461165
10.020584	85.019815	0.053429	3.189554	-0.114645	-20.480825
10.021248	85.020178	0.054096	3.192691	-0.114708	-20.500495
10.020589	85.019888	0.053435	3.195826	-0.114771	-20.520175
10.018607	85.018943	0.051446	3.198959	-0.114832	-20.539865
10.016583	85.017978	0.049414	3.202093	-0.114894	-20.559564
10.015794	85.017626	0.048623	3.205232	-0.114956	-20.579272
10.016241	85.017887	0.049072	3.208376	-0.115019	-20.598989
10.017923	85.018762	0.050761	3.211524	-0.115082	-20.618716
10.020842	85.020249	0.053691	3.214677	-0.115146	-20.638452
10.023718	85.021715	0.056578	3.217831	-0.115210	-20.658197
10.025271	85.022528	0.058137	3.220983	-0.115273	-20.677952
10.025499	85.022686	0.058367	3.224133	-0.115336	-20.697717
10.024402	85.022189	0.057266	3.227281	-0.115398	-20.717492
10.021982	85.021039	0.054837	3.230427	-0.115459	-20.737276
10.019521	85.019868	0.052367	3.233573	-0.115520	-20.757070
10.018300	85.019310	0.051142	3.236725	-0.115582	-20.776873
10.018319	85.019365	0.051161	3.239881	-0.115645	-20.796685
10.019577	85.020032	0.052425	3.243042	-0.115708	-20.816506
10.022076	85.021312	0.054933	3.246207	-0.115772	-20.836337
10.024534	85.022572	0.057401	3.249374	-0.115835	-20.856177
10.025669	85.023177	0.058541	3.252538	-0.115898	-20.876027
10.025481	85.023127	0.058353	3.255701	-0.115961	-20.895886
10.023970	85.022423	0.056836	3.258861	-0.116022	-20.915756
10.021137	85.021065	0.053992	3.262019	-0.116083	-20.935635
10.018263	85.019686	0.051107	3.265178	-0.116144	-20.955523
10.016626	85.018920	0.049465	3.268342	-0.116206	-20.975421
10.016225	85.018767	0.049063	3.271511	-0.116268	-20.995328
10.017060	85.019226	0.049902	3.274684	-0.116331	-21.015244
10.019132	85.020298	0.051981	3.277862	-0.116394	-21.035169
10.021161	85.021348	0.054019	3.281041	-0.116458	-21.055104
10.021870	85.021745	0.054731	3.284218	-0.116521	-21.075049
10.021258	85.021486	0.054117	3.287393	-0.116583	-21.095003
10.019325	85.020573	0.052176	3.290566	-0.116644	-21.114967
10.016072	85.019006	0.048912	3.293736	-0.116705	-21.134941
10.012782	85.017418	0.045610	3.296908	-0.116766	-21.154924
10.010731	85.016442	0.043551	3.300084	-0.116827	-21.174917
10.009917	85.016079	0.042735	3.303266	-0.116889	-21.194918
10.010341	85.016328	0.043161	3.306451	-0.116952	-21.214929
10.012002	85.017190	0.044828	3.309642	-0.117015	-21.234949
10.013623	85.018030	0.046456	3.312833	-0.117078	-21.254979
10.013924	85.018215	0.046759	3.316022	-0.117140	-21.275018
10.012906	85.017746	0.045737	3.319210	-0.117202	-21.295067
10.010570	85.016623	0.043392	3.322395	-0.117263	-21.315126
10.006917	85.014845	0.039725	3.325578	-0.117324	-21.335194
10.003225	85.013046	0.036020	3.328762	-0.117384	-21.355272
10.000768	85.011859	0.033554	3.331951	-0.117446	-21.375359
9.999544	85.011285	0.032326	3.335144	-0.117507	-21.395456
9.999553	85.011323	0.032335	3.338343	-0.117570	-21.415561
10.000793	85.011972	0.033581	3.341545	-0.117632	-21.435676
10.001994	85.012601	0.034786	3.344749	-0.117695	-21.455800
10.001880	85.012575	0.034672	3.347951	-0.117757	-21.475934
10.000453	85.011894	0.033240	3.351151	-0.117819	-21.496077
9.997714	85.010558	0.030491	3.354348	-0.117880	-21.516231
9.993666	85.008568	0.026428	3.357544	-0.117940	-21.536394
9.989582	85.006557	0.022328	3.360741	-0.118001	-21.556567
9.986732	85.005158	0.019468	3.363942	-0.118062	-21.576748
9.985114	85.004371	0.017845	3.367148	-0.118123	-21.596939
9.984728	85.004196	0.017457	3.370358	-0.118185	-21.617140
9.985572	85.004632	0.018305	3.373573	-0.118248	-21.637349
9.986376	85.005048	0.019112	3.376790	-0.118310	-21.657568
9.985869	85.004808	0.018603	3.380004	-0.118372	-21.677796
9.984051	85.003914	0.016779	3.383216	-0.118434	-21.698035
9.980924	85.002365	0.013641	3.386426	-0.118494	-21.718283
9.976491	85.000162	0.009191	3.389634	-0.118554	-21.738540
9.972022	84.997937	0.004705	3.392843	-0.118614	-21.758808
9.968781	84.996324	0.001452	3.396057	-0.118675	-21.779084
9.966767	84.995323	-0.000570	3.399275	-0.118736	-21.799370
9.965977	84.994934	-0.001362	3.402498	-0.118798	-21.819665
9.966411	84.995157	-0.000926	3.405726	-0.118861	-21.839968
9.967155	84.995531	-0.000178	3.408955	-0.118923	-21.860282
9.967295	84.995599	-0.000038	3.412185	-0.118985	-21.880605
9.966830	84.995359	-0.000504	3.415414	-0.119047	-21.900938
9.965761	84.994811	-0.001577	3.418643	-0.119109	-21.921281
9.964088	84.993957	-0.003256	3.421872	-0.119170	-21.941634
9.962725	84.993254	-0.004624	3.425103	-0.119232	-21.961996
9.962583	84.993163	-0.004766	3.428338	-0.119294	-21.982368
9.963663	84.993684	-0.003681	3.431578	-0.119356	-22.002748
9.965966	84.994816	-0.001370	3.434823	-0.119420	-22.023138
9.969492	84.996559	0.002170	3.438072	-0.119483	-22.043537
9.972975	84.998280	0.005667	3.441323	-0.119547	-22.063945
9.975147	84.999346	0.007848	3.444571	-0.119610	-22.084363
9.976007	84.999757	0.008711	3.447818	-0.119673	-22.104791
9.975553	84.999514	0.008256	3.451062	-0.119735	-22.125229
9.973786	84.998616	0.006483	3.454304	-0.119796	-22.145676
9.971974	84.997696	0.004664	3.457547	-0.119857	-22.166133
9.971383	84.997387	0.004071	3.460795	-0.119919	-22.186599
9.972012	84.997690	0.004703	3.464047	-0.119981	-22.207074
9.973861	84.998604	0.006559	3.467304	-0.120044	-22.227558
9.976931	85.000128	0.009642	3.470566	-0.120108	-22.248052
9.979957	85.001631	0.012679	3.473829	-0.120171	-22.268555
9.981667	85.002479	0.014396	3.477090	-0.120234	-22.289067
9.982062	85.002671	0.014793	3.480348	-0.120296	-22.309590
9.981141	85.002209	0.013869	3.483605	-0.120358	-22.330122
9.978905	85.001093	0.011624	3.486859	-0.120419	-22.350664
9.976621	84.999952	0.009332	3.490115	-0.120480	-22.371215
9.975542	84.999411	0.008249	3.493375	-0.120541	-22.391775
9.975643	84.999459	0.008351	3.496639	-0.120603	-22.412344
9.976900	85.000083	0.009613	3.499908	-0.120666	-22.432921
9.979291	85.001272	0.012014	3.503181	-0.120729	-22.453505
9.981651	85.002444	0.014383	3.506455	-0.120792	-22.474097
9.982840	85.003031	0.015577	3.509727	-0.120855	-22.494697
9.982881	85.003046	0.015618	3.512997	-0.120917	-22.515303
9.981798	85.002500	0.014532	3.516266	-0.120978	-22.535917
9.979616	85.001405	0.012342	3.519532	-0.121039	-22.556537
9.977385	85.000285	0.010102	3.522799	-0.121100	-22.577163
9.976137	84.999655	0.008851	3.526070	-0.121161	-22.597794
9.975874	84.999517	0.008586	3.529345	-0.121223	-22.618431
9.976593	84.999869	0.009309	3.532623	-0.121286	-22.639074
9.978297	85.000712	0.011019	3.535905	-0.121348	-22.659722
9.979956	85.001533	0.012685	3.539188	-0.121411	-22.680376
9.980540	85.001818	0.013272	3.542469	-0.121473	-22.701035
9.980048	85.001567	0.012779	3.545748	-0.121535	-22.721701
9.978482	85.000781	0.011207	3.549025	-0.121596	-22.742373
9.975842	84.999459	0.008556	3.552301	-0.121657	-22.763051
9.973159	84.998115	0.005864	3.555577	-0.121718	-22.783735
9.971465	84.997262	0.004164	3.558857	-0.121779	-22.804424
9.970758	84.996901	0.003454	3.562141	-0.121840	-22.825119
9.971038	84.997031	0.003736	3.565428	-0.121902	-22.845819
9.972305	84.997653	0.005008	3.568719	-0.121965	-22.866525
9.973528	84.998253	0.006236	3.572011	-0.122027	-22.887236
9.973677	84.998316	0.006386	3.575301	-0.122089	-22.907954
9.972752	84.997842	0.005458	3.578589	-0.122151	-22.928678
9.970752	84.996832	0.003451	3.581875	-0.122212	-22.949407
9.967680	84.995285	0.000367	3.585160	-0.122272	-22.970143
9.964566	84.993716	-0.002759	3.588445	-0.122333	-22.990885
9.962439	84.992639	-0.004894	3.591734	-0.122393	-23.011632
9.961297	84.992054	-0.006039	3.595027	-0.122455	-23.032385
9.961141	84.991962	-0.006195	3.598323	-0.122517	-23.053143
9.961970	84.992362	-0.005363	3.601623	-0.122579	-23.073907
9.963007	84.992865	-0.004322	3.604924	-0.122641	-23.094677
9.963474	84.993081	-0.003853	3.608225	-0.122703	-23.115453
9.963370	84.993009	-0.003957	3.611526	-0.122765	-23.136235
9.962695	84.992651	-0.004634	3.614826	-0.122827	-23.157023
9.961451	84.992004	-0.005883	3.618126	-0.122888	-23.177817
9.960415	84.991461	-0.006923	3.621427	-0.122949	-23.198618
9.960365	84.991411	-0.006972	3.624732	-0.123011	-23.219423
9.961303	84.991854	-0.006030	3.628040	-0.123073	-23.240235
9.963228	84.992789	-0.004097	3.631352	-0.123136	-23.261052
9.966142	84.994218	-0.001172	3.634668	-0.123199	-23.281874
9.969011	84.995624	0.001708	3.637985	-0.123262	-23.302703
9.970801	84.996491	0.003506	3.641299	-0.123325	-23.323537
9.971510	84.996819	0.004218	3.644612	-0.123387	-23.344378
9.971139	84.996609	0.003845	3.647924	-0.123449	-23.365225
9.969686	84.995860	0.002388	3.651233	-0.123510	-23.386078
9.968187	84.995088	0.000883	3.654543	-0.123571	-23.406936
9.967675	84.994811	0.000369	3.657857	-0.123633	-23.427801
9.968149	84.995027	0.000845	3.661174	-0.123695	-23.448671
9.969609	84.995736	0.002311	3.664495	-0.123757	-23.469546
9.972056	84.996939	0.004768	3.667820	-0.123820	-23.490427
9.974457	84.998120	0.007178	3.671146	-0.123883	-23.511315
9.975773	84.998760	0.008500	3.674470	-0.123945	-23.532208
9.976006	84.998862	0.008734	3.677792	-0.124007	-23.553107
9.975154	84.998423	0.007879	3.681112	-0.124068	-23.574013
9.973217	84.997445	0.005935	3.684430	-0.124129	-23.594924
9.971236	84.996444	0.003946	3.687749	-0.124190	-23.615842
9.970245	84.995938	0.002953	3.691072	-0.124251	-23.636765
9.970246	84.995926	0.002954	3.694398	-0.124313	-23.657694
9.971239	84.996408	0.003950	3.697729	-0.124375	-23.678628
9.973223	84.997385	0.005942	3.701062	-0.124438	-23.699568
9.975161	84.998338	0.007889	3.704397	-0.124501	-23.720514
9.976017	84.998751	0.008748	3.707730	-0.124563	-23.741466
9.975788	84.998624	0.008519	3.711061	-0.124624	-23.762424
9.974476	84.997955	0.007202	3.714390	-0.124685	-23.783389
9.972080	84.996747	0.004797	3.717717	-0.124746	-23.804360
9.969640	84.995515	0.002348	3.721045	-0.124807	-23.825336
9.968191	84.994779	0.000894	3.724377	-0.124868	-23.846318
9.967733	84.994537	0.000434	3.727712	-0.124929	-23.867306
9.968265	84.994791	0.000969	3.731052	-0.124991	-23.888300
9.969789	84.995539	0.002499	3.734394	-0.125053	-23.909299
9.971266	84.996265	0.003982	3.737738	-0.125116	-23.930304
9.971659	84.996449	0.004377	3.741080	-0.125178	-23.951315
9.970969	84.996092	0.003684	3.744420	-0.125239	-23.972333
9.969194	84.995193	0.001903	3.747758	-0.125300	-23.993356
9.966337	84.993752	-0.000965	3.751094	-0.125360	-24.014386
9.963437	84.992289	-0.003875	3.754431	-0.125420	-24.035422
9.961532	84.991321	-0.005787	3.757772	-0.125481	-24.056464
9.960621	84.990849	-0.006701	3.761117	-0.125542	-24.077511
9.960703	84.990873	-0.006619	3.764465	-0.125604	-24.098564
9.961779	84.991392	-0.005539	3.767816	-0.125666	-24.119622
9.962993	84.991980	-0.004319	3.771170	-0.125728	-24.140687
9.963492	84.992209	-0.003818	3.774522	-0.125790	-24.161758
9.963274	84.992079	-0.004037	3.777873	-0.125852	-24.182835
9.962341	84.991589	-0.004974	3.781224	-0.125913	-24.203918
9.960691	84.990740	-0.006629	3.784574	-0.125974	-24.225008
9.959180	84.989960	-0.008145	3.787925	-0.126035	-24.246103
9.958662	84.989676	-0.008665	3.791279	-0.126096	-24.267205
9.959137	84.989889	-0.008188	3.794638	-0.126158	-24.288312
9.960604	84.990598	-0.006715	3.798000	-0.126220	-24.309425
9.963065	84.991803	-0.004244	3.801366	-0.126283	-24.330543
9.965479	84.992985	-0.001821	3.804732	-0.126346	-24.351668
9.966805	84.993624	-0.000490	3.808097	-0.126408	-24.372798
9.967041	84.993719	-0.000253	3.811460	-0.126469	-24.393935
9.966187	84.993270	-0.001110	3.814821	-0.126531	-24.415078
9.964243	84.992279	-0.003060	3.818180	-0.126591	-24.436228
9.962254	84.991263	-0.005057	3.821540	-0.126652	-24.457383
9.961259	84.990745	-0.006055	3.824904	-0.126713	-24.478544
9.961259	84.990724	-0.006055	3.828272	-0.126775	-24.499711
9.962254	84.991201	-0.005056	3.831643	-0.126837	-24.520884
9.964244	84.992174	-0.003058	3.835017	-0.126899	-24.542062
9.966188	84.993124	-0.001106	3.838393	-0.126962	-24.563247
9.967043	84.993529	-0.000248	3.841767	-0.127024	-24.584438
9.966808	84.993390	-0.000483	3.845139	-0.127085	-24.605634
9.965484	84.992706	-0.001812	3.848509	-0.127146	-24.626838
9.963072	84.991478	-0.004233	3.851877	-0.127206	-24.648047
9.960613	84.990227	-0.006701	3.855246	-0.127267	-24.669263
9.959150	84.989474	-0.008169	3.858619	-0.127328	-24.690484
9.958681	84.989218	-0.008640	3.861995	-0.127389	-24.711711
9.959205	84.989460	-0.008113	3.865375	-0.127451	-24.732944
9.960724	84.990200	-0.006588	3.868759	-0.127513	-24.754182
9.962198	84.990917	-0.005108	3.872144	-0.127575	-24.775427
9.962586	84.991091	-0.004718	3.875526	-0.127637	-24.796678
9.961888	84.990721	-0.005419	3.878907	-0.127698	-24.817935
9.960104	84.989807	-0.007209	3.882286	-0.127759	-24.839198
9.957236	84.988350	-0.010088	3.885663	-0.127819	-24.860468
9.954325	84.986870	-0.013010	3.889041	-0.127879	-24.881744
9.952413	84.985888	-0.014929	3.892423	-0.127939	-24.903025
9.951498	84.985406	-0.015847	3.895809	-0.128000	-24.924312
9.951580	84.985421	-0.015765	3.899198	-0.128062	-24.945606
9.952659	84.985935	-0.014681	3.902590	-0.128124	-24.966905
9.954026	84.986593	-0.013308	3.905985	-0.128186	-24.988210
9.954974	84.987039	-0.012356	3.909380	-0.128248	-25.009521
9.955503	84.987273	-0.011825	3.912774	-0.128310	-25.030839
9.955612	84.987296	-0.011716	3.916168	-0.128371	-25.052163
9.955300	84.987106	-0.012028	3.919563	-0.128432	-25.073493
9.955278	84.987061	-0.012050	3.922959	-0.128494	-25.094830
9.956251	84.987514	-0.011073	3.926358	-0.128556	-25.116172
9.958222	84.988467	-0.009094	3.929762	-0.128618	-25.137521
9.961191	84.989918	-0.006113	3.933169	-0.128681	-25.158875
9.965160	84.991869	-0.002129	3.936580	-0.128744	-25.180235
9.969081	84.993795	0.001807	3.939992	-0.128808	-25.201601
9.971901	84.995174	0.004638	3.943401	-0.128870	-25.222973
9.973619	84.996006	0.006363	3.946809	-0.128933	-25.244352
9.974233	84.996291	0.006980	3.950215	-0.128994	-25.265736
9.973743	84.996028	0.006489	3.953619	-0.129055	-25.287128
9.973202	84.995741	0.005946	3.957024	-0.129117	-25.308525
9.973660	84.995954	0.006406	3.960433	-0.129178	-25.329928
9.975119	84.996667	0.007871	3.963846	-0.129240	-25.351337
9.977579	84.997879	0.010340	3.967262	-0.129303	-25.372752
9.981041	84.999591	0.013816	3.970681	-0.129366	-25.394173
9.984455	85.001279	0.017243	3.974102	-0.129429	-25.415600
9.986767	85.002418	0.019564	3.977521	-0.129491	-25.437033
9.987976	85.003009	0.020778	3.980938	-0.129553	-25.458473
9.988081	85.003052	0.020884	3.984352	-0.129615	-25.479919
9.987081	85.002547	0.019881	3.987765	-0.129676	-25.501371
9.986031	85.002017	0.018827	3.991179	-0.129736	-25.522830
9.985983	85.001988	0.018779	3.994597	-0.129798	-25.544294
9.986937	85.002459	0.019736	3.998018	-0.129860	-25.565764
9.988893	85.003430	0.021701	4.001443	-0.129922	-25.587240
9.991853	85.004902	0.024672	4.004872	-0.129985	-25.608722
9.994762	85.006349	0.027593	4.008301	-0.130047	-25.630210
9.996563	85.007247	0.029401	4.011729	-0.130109	-25.651705
9.997255	85.007596	0.030096	4.015155	-0.130171	-25.673205
9.996837	85.007396	0.029677	4.018579	-0.130232	-25.694713
9.995310	85.006646	0.028144	4.022000	-0.130293	-25.716226
9.993733	85.005873	0.026561	4.025423	-0.130353	-25.737746
9.993164	85.005600	0.025990	4.028850	-0.130414	-25.759272
9.993603	85.005828	0.026431	4.032280	-0.130476	-25.780803
9.995051	85.006557	0.027884	4.035714	-0.130538	-25.802340
9.997507	85.007787	0.030351	4.039151	-0.130600	-25.823884
9.999915	85.008992	0.032768	4.042590	-0.130663	-25.845433
10.001215	85.009647	0.034073	4.046026	-0.130725	-25.866989
10.001406	85.009752	0.034265	4.049461	-0.130786	-25.888551
10.000488	85.009307	0.033344	4.052893	-0.130847	-25.910120
9.998461	85.008312	0.031309	4.056324	-0.130907	-25.931695
9.996385	85.007292	0.029226	4.059756	-0.130968	-25.953276
9.995318	85.006774	0.028155	4.063191	-0.131028	-25.974864
9.995259	85.006758	0.028096	4.066630	-0.131089	-25.996457
9.996208	85.007243	0.029049	4.070073	-0.131151	-26.018056
9.998166	85.008229	0.031015	4.073519	-0.131213	-26.039661
10.000074	85.009191	0.032930	4.076967	-0.131275	-26.061272
10.000871	85.009602	0.033731	4.080412	-0.131337	-26.082889
10.000559	85.009462	0.033418	4.083855	-0.131398	-26.104513
9.999136	85.008771	0.031989	4.087297	-0.131459	-26.126144
9.996603	85.007529	0.029447	4.090736	-0.131519	-26.147781
9.994023	85.006262	0.026858	4.094177	-0.131579	-26.169424
9.992456	85.005498	0.025285	4.097621	-0.131639	-26.191073
9.991901	85.005235	0.024728	4.101069	-0.131700	-26.212728
9.992358	85.005475	0.025187	4.104521	-0.131762	-26.234388
9.993827	85.006218	0.026662	4.107976	-0.131823	-26.256055
9.995248	85.006935	0.028089	4.111432	-0.131885	-26.277728
9.995559	85.007100	0.028401	4.114886	-0.131947	-26.299408
9.994760	85.006714	0.027600	4.118338	-0.132007	-26.321094
9.992852	85.005775	0.025685	4.121789	-0.132068	-26.342786
9.989836	85.004285	0.022657	4.125237	-0.132127	-26.364485
9.986772	85.002770	0.019582	4.128687	-0.132187	-26.386190
9.984721	85.001757	0.017524	4.132140	-0.132247	-26.407901
9.983681	85.001248	0.016479	4.135596	-0.132308	-26.429618
9.983650	85.001242	0.016449	4.139057	-0.132369	-26.451341
9.984630	85.001739	0.017433	4.142521	-0.132431	-26.473070
9.985562	85.002210	0.018368	4.145986	-0.132492	-26.494805
9.985386	85.002129	0.018192	4.149449	-0.132553	-26.516547
9.984102	85.001495	0.016904	4.152910	-0.132614	-26.538295
9.981712	85.000308	0.014505	4.156369	-0.132674	-26.560049
9.978218	84.998569	0.010997	4.159827	-0.132733	-26.581811
9.974679	84.996804	0.007445	4.163285	-0.132793	-26.603578
9.972154	84.995543	0.004911	4.166747	-0.132853	-26.625351
9.970642	84.994786	0.003393	4.170212	-0.132913	-26.647130
9.970141	84.994533	0.002891	4.173682	-0.132974	-26.668916
9.970652	84.994783	0.003404	4.177155	-0.133035	-26.690707
9.971441	84.995170	0.004196	4.180630	-0.133097	-26.712505
9.971773	84.995327	0.004530	4.184104	-0.133158	-26.734309
9.971648	84.995254	0.004405	4.187579	-0.133219	-26.756119
9.971068	84.994951	0.003823	4.191053	-0.133280	-26.777937
9.970030	84.994419	0.002782	4.194527	-0.133341	-26.799761
9.969271	84.994024	0.002019	4.198003	-0.133401	-26.821591
9.969521	84.994132	0.002271	4.201482	-0.133463	-26.843427
9.970782	84.994745	0.003538	4.204965	-0.133524	-26.865269
9.973055	84.995862	0.005819	4.208452	-0.133586	-26.887117
9.976340	84.997483	0.009117	4.211943	-0.133649	-26.908971
9.979575	84.999079	0.012365	4.215435	-0.133712	-26.930832
9.981694	85.000120	0.014492	4.218924	-0.133774	-26.952699
9.982696	85.000606	0.015498	4.222412	-0.133835	-26.974572
9.982579	85.000538	0.015381	4.225898	-0.133896	-26.996452
9.981345	84.999915	0.014142	4.229381	-0.133957	-27.018339
9.980058	84.999266	0.012851	4.232866	-0.134017	-27.040232
9.979784	84.999123	0.012576	4.236354	-0.134078	-27.062131
9.980522	84.999484	0.013317	4.239847	-0.134139	-27.084036
9.982273	85.000350	0.015075	4.243342	-0.134201	-27.105947
9.985038	85.001721	0.017851	4.246842	-0.134264	-27.127864
9.987753	85.003066	0.020576	4.250342	-0.134326	-27.149787
9.989351	85.003856	0.022181	4.253841	-0.134388	-27.171717
9.989831	85.004090	0.022663	4.257337	-0.134449	-27.193653
9.989193	85.003768	0.022023	4.260832	-0.134510	-27.215596
9.987437	85.002891	0.020260	4.264324	-0.134570	-27.237546
9.985630	85.001988	0.018446	4.267818	-0.134630	-27.259502
9.984836	85.001591	0.017650	4.271315	-0.134690	-27.281464
9.985055	85.001699	0.017870	4.274816	-0.134752	-27.303432
9.986287	85.002313	0.019107	4.278321	-0.134813	-27.325406
9.988534	85.003432	0.021362	4.281829	-0.134875	-27.347386
9.990728	85.004525	0.023565	4.285338	-0.134937	-27.369372
9.991802	85.005062	0.024644	4.288845	-0.134999	-27.391365
9.991756	85.005042	0.024598	4.292351	-0.135060	-27.413365
9.990589	85.004466	0.023427	4.295854	-0.135120	-27.435371
9.988302	85.003333	0.021131	4.299355	-0.135180	-27.457384
9.985965	85.002175	0.018786	4.302858	-0.135240	-27.479403
9.984647	85.001523	0.017463	4.306364	-0.135300	-27.501428
9.984347	85.001377	0.017162	4.309873	-0.135361	-27.523459
9.985063	85.001737	0.017881	4.313387	-0.135422	-27.545496
9.986798	85.002603	0.019623	4.316904	-0.135484	-27.567540
9.988482	85.003443	0.021314	4.320422	-0.135546	-27.589589
9.989047	85.003725	0.021881	4.323938	-0.135607	-27.611646
9.988492	85.003451	0.021325	4.327452	-0.135667	-27.633709
9.986818	85.002618	0.019644	4.330964	-0.135728	-27.655778
9.984025	85.001229	0.016841	4.334475	-0.135787	-27.677854
9.981183	84.999814	0.013988	4.337986	-0.135847	-27.699937
9.979359	84.998905	0.012157	4.341500	-0.135907	-27.722026
9.978551	84.998503	0.011346	4.345019	-0.135967	-27.744120
9.978759	84.998608	0.011556	4.348541	-0.136028	-27.766221
9.979983	84.999220	0.012785	4.352067	-0.136090	-27.788328
9.981157	84.999806	0.013963	4.355594	-0.136151	-27.810441
9.981212	84.999833	0.014019	4.359119	-0.136212	-27.832561
9.980150	84.999302	0.012953	4.362642	-0.136273	-27.854688
9.977969	84.998213	0.010764	4.366163	-0.136332	-27.876821
9.974673	84.996565	0.007456	4.369682	-0.136392	-27.898961
9.971330	84.994892	0.004100	4.373202	-0.136451	-27.921107
9.969008	84.993727	0.001769	4.376725	-0.136511	-27.943259
9.967704	84.993068	0.000461	4.380253	-0.136571	-27.965418
9.967418	84.992917	0.000174	4.383784	-0.136632	-27.987582
9.968151	84.993273	0.000909	4.387319	-0.136693	-28.009753
9.969107	84.993740	0.001870	4.390855	-0.136754	-28.031930
9.969496	84.993921	0.002260	4.394391	-0.136815	-28.054114
9.969315	84.993817	0.002079	4.397926	-0.136876	-28.076305
9.968566	84.993426	0.001328	4.401461	-0.136937	-28.098502
9.967249	84.992750	0.000005	4.404996	-0.136997	-28.120706
9.966156	84.992185	-0.001092	4.408532	-0.137057	-28.142916
9.966079	84.992128	-0.001168	4.412072	-0.137118	-28.165133
9.967020	84.992578	-0.000223	4.415615	-0.137179	-28.187355
9.968978	84.993536	0.001743	4.419163	-0.137241	-28.209584
9.971955	84.995002	0.004731	4.422714	-0.137303	-28.231819
9.974880	84.996442	0.007667	4.426266	-0.137365	-28.254061
9.976679	84.997322	0.009474	4.429816	-0.137427	-28.276309
9.977353	84.997642	0.010150	4.433364	-0.137488	-28.298564
9.976899	84.997401	0.009695	4.436910	-0.137549	-28.320825
9.975320	84.996601	0.008110	4.440454	-0.137609	-28.343093
9.973687	84.995774	0.006471	4.443998	-0.137669	-28.365368
9.973074	84.995456	0.005856	4.447547	-0.137729	-28.387649
9.973479	84.995646	0.006263	4.451099	-0.137790	-28.409936
9.974903	84.996345	0.007693	4.454656	-0.137852	-28.432229
9.977348	84.997552	0.010147	4.458215	-0.137914	-28.454528
9.979740	84.998733	0.012549	4.461776	-0.137976	-28.476834
9.981007	84.999353	0.013821	4.465335	-0.138037	-28.499146
9.981148	84.999412	0.013963	4.468892	-0.138098	-28.521465
9.980163	84.998909	0.012974	4.472446	-0.138158	-28.543791
9.978052	84.997846	0.010855	4.475999	-0.138218	-28.566123
9.975888	84.996757	0.008683	4.479553	-0.138278	-28.588462
9.974744	84.996177	0.007535	4.483110	-0.138338	-28.610807
9.974619	84.996105	0.007410	4.486671	-0.138399	-28.633159
9.975513	84.996543	0.008307	4.490236	-0.138460	-28.655516
9.977425	84.997490	0.010227	4.493805	-0.138521	-28.677880
9.979285	84.998411	0.012094	4.497374	-0.138583	-28.700250
9.980018	84.998769	0.012830	4.500942	-0.138644	-28.722627
9.979623	84.998566	0.012434	4.504507	-0.138705	-28.745011
9.978101	84.997801	0.010906	4.508071	-0.138765	-28.767401
9.975453	84.996474	0.008248	4.511632	-0.138824	-28.789798
9.972755	84.995120	0.005540	4.515195	-0.138884	-28.812202
9.971080	84.994277	0.003859	4.518761	-0.138943	-28.834611
9.970428	84.993943	0.003205	4.522331	-0.139004	-28.857027
9.970798	84.994118	0.003576	4.525905	-0.139065	-28.879449
9.972190	84.994804	0.004974	4.529482	-0.139126	-28.901878
9.973531	84.995463	0.006321	4.533060	-0.139187	-28.924313
9.973746	84.995559	0.006537	4.536637	-0.139248	-28.946754
9.972834	84.995092	0.005622	4.540211	-0.139308	-28.969203
9.970797	84.994062	0.003577	4.543783	-0.139368	-28.991658
9.967636	84.992470	0.000404	4.547353	-0.139427	-29.014120
9.964425	84.990852	-0.002819	4.550925	-0.139487	-29.036588
9.962236	84.989744	-0.005016	4.554500	-0.139546	-29.059063
9.961068	84.989146	-0.006188	4.558078	-0.139606	-29.081544
9.960920	84.989058	-0.006337	4.561661	-0.139667	-29.104031
9.961792	84.989481	-0.005461	4.565247	-0.139728	-29.126524
9.962924	84.990033	-0.004325	4.568835	-0.139789	-29.149024
9.963555	84.990332	-0.003691	4.572422	-0.139850	-29.171530
9.963686	84.990378	-0.003559	4.576010	-0.139911	-29.194044
9.963316	84.990171	-0.003930	4.579597	-0.139971	-29.216564
9.962445	84.989711	-0.004804	4.583183	-0.140032	-29.239091
9.961835	84.989380	-0.005417	4.586772	-0.140092	-29.261625
9.962246	84.989560	-0.005004	4.590364	-0.140153	-29.284165
9.963679	84.990251	-0.003565	4.593960	-0.140214	-29.306711
9.966135	84.991452	-0.001100	4.597559	-0.140276	-29.329264
9.969614	84.993164	0.002394	4.601163	-0.140338	-29.351823
9.973042	84.994849	0.005834	4.604767	-0.140401	-29.374388
9.975337	84.995970	0.008139	4.608369	-0.140462	-29.396960
9.976499	84.996526	0.009305	4.611970	-0.140523	-29.419539
9.976527	84.996517	0.009334	4.615568	-0.140584	-29.442125
9.975421	84.995944	0.008223	4.619164	-0.140644	-29.464717
9.974258	84.995344	0.007057	4.622761	-0.140704	-29.487316
9.974118	84.995256	0.006916	4.626362	-0.140765	-29.509921
9.974998	84.995679	0.007800	4.629967	-0.140826	-29.532533
9.976900	84.996613	0.009710	4.633575	-0.140887	-29.555151
9.979826	84.998059	0.012647	4.637187	-0.140949	-29.577775
9.982695	84.999477	0.015527	4.640800	-0.141011	-29.600406
9.984427	85.000330	0.017266	4.644411	-0.141073	-29.623043
9.985020	85.000618	0.017861	4.648020	-0.141134	-29.645687
9.984474	85.000340	0.017313	4.651627	-0.141194	-29.668338
9.982789	84.999497	0.015623	4.655232	-0.141254	-29.690996
9.981050	84.998627	0.013877	4.658838	-0.141313	-29.713661
9.980338	84.998269	0.013162	4.662447	-0.141374	-29.736332
9.980654	84.998422	0.013479	4.666061	-0.141434	-29.759009
9.981997	84.999088	0.014828	4.669678	-0.141496	-29.781692
9.984368	85.000265	0.017208	4.673298	-0.141557	-29.804382
9.986685	85.001415	0.019535	4.676920	-0.141619	-29.827078
9.987866	85.001999	0.020720	4.680540	-0.141680	-29.849781
9.987908	85.002017	0.020763	4.684158	-0.141741	-29.872491
9.986813	85.001468	0.019663	4.687773	-0.141801	-29.895208
9.984580	85.000353	0.017422	4.691387	-0.141860	-29.917932
9.982293	84.999211	0.015127	4.695001	-0.141920	-29.940662
9.981034	84.998582	0.013863	4.698620	-0.141980	-29.963398
9.980801	84.998465	0.013630	4.702242	-0.142040	-29.986141
9.981596	84.998860	0.014428	4.705867	-0.142101	-30.008890
9.983418	84.999768	0.016257	4.709497	-0.142162	-30.031646
9.985184	85.000649	0.018030	4.713127	-0.142224	-30.054408
9.985813	85.000962	0.018662	4.716756	-0.142285	-30.077177
9.985303	85.000709	0.018150	4.720382	-0.142345	-30.099953
9.983655	84.999888	0.016496	4.724006	-0.142405	-30.122735
9.980870	84.998500	0.013700	4.727629	-0.142464	-30.145525
9.978033	84.997085	0.010852	4.731252	-0.142523	-30.168321
9.976227	84.996183	0.009040	4.734879	-0.142583	-30.191124
9.975452	84.995794	0.008263	4.738509	-0.142643	-30.213932
9.975707	84.995919	0.008519	4.742144	-0.142703	-30.236748
9.976993	84.996556	0.009809	4.745782	-0.142764	-30.259569
9.978225	84.997166	0.011046	4.749421	-0.142825	-30.282397
9.978320	84.997208	0.011142	4.753058	-0.142886	-30.305232
9.977277	84.996681	0.010095	4.756693	-0.142946	-30.328074
9.975098	84.995587	0.007908	4.760326	-0.143005	-30.350923
9.971784	84.993925	0.004582	4.763957	-0.143064	-30.373779
9.968418	84.992236	0.001203	4.767589	-0.143123	-30.396641
9.966083	84.991060	-0.001141	4.771225	-0.143183	-30.419510
9.964776	84.990399	-0.002452	4.774864	-0.143242	-30.442385
9.964497	84.990251	-0.002733	4.778507	-0.143303	-30.465266
9.965245	84.990616	-0.001981	4.782154	-0.143364	-30.488154
9.966275	84.991121	-0.000947	4.785803	-0.143425	-30.511048
9.966841	84.991392	-0.000378	4.789452	-0.143485	-30.533950
9.966943	84.991427	-0.000276	4.793100	-0.143546	-30.556858
9.966580	84.991228	-0.000640	4.796748	-0.143606	-30.579773
9.965754	84.990794	-0.001469	4.800396	-0.143666	-30.602696
9.965209	84.990499	-0.002016	4.804045	-0.143726	-30.625625
9.965694	84.990719	-0.001529	4.807699	-0.143787	-30.648560
9.967207	84.991452	-0.000010	4.811356	-0.143848	-30.671502
9.969751	84.992700	0.002544	4.815017	-0.143910	-30.694450
9.973325	84.994462	0.006132	4.818681	-0.143972	-30.717404
9.976846	84.996196	0.009666	4.822347	-0.144034	-30.740366
9.979223	84.997360	0.012053	4.826010	-0.144096	-30.763334
9.980456	84.997954	0.013291	4.829672	-0.144157	-30.786309
9.980544	84.997979	0.013379	4.833331	-0.144217	-30.809291
9.979486	84.997434	0.012317	4.836989	-0.144277	-30.832280
9.978370	84.996861	0.011197	4.840647	-0.144337	-30.855275
9.978283	84.996803	0.011110	4.844309	-0.144397	-30.878277
9.979224	84.997260	0.012055	4.847975	-0.144458	-30.901285
9.981195	84.998231	0.014033	4.851644	-0.144519	-30.924300
9.984195	84.999717	0.017046	4.855318	-0.144581	-30.947321
9.987138	85.001175	0.020000	4.858992	-0.144643	-30.970349
9.988932	85.002062	0.021801	4.862664	-0.144704	-30.993384
9.989576	85.002379	0.022447	4.866334	-0.144765	-31.016426
9.989069	85.002125	0.021939	4.870002	-0.144825	-31.039475
9.987412	85.001301	0.020276	4.873668	-0.144885	-31.062530
9.985698	85.000449	0.018556	4.877335	-0.144944	-31.085593
9.985020	85.000112	0.017875	4.881006	-0.145004	-31.108661
9.985376	85.000290	0.018233	4.884680	-0.145065	-31.131737
9.986767	85.000983	0.019629	4.888358	-0.145126	-31.154818
9.989194	85.002192	0.022066	4.892040	-0.145187	-31.177906
9.991565	85.003372	0.024446	4.895723	-0.145249	-31.201001
9.992788	85.003981	0.025674	4.899404	-0.145310	-31.224103
9.992861	85.004018	0.025747	4.903082	-0.145370	-31.247212
9.991785	85.003485	0.024667	4.906759	-0.145430	-31.270327
9.989560	85.002379	0.022434	4.910434	-0.145489	-31.293450
9.987280	85.001246	0.020145	4.914109	-0.145548	-31.316579
9.986034	85.000628	0.018895	4.917788	-0.145608	-31.339715
9.985823	85.000527	0.018683	4.921471	-0.145668	-31.362857
9.986646	85.000941	0.019510	4.925158	-0.145729	-31.386006
9.988503	85.001870	0.021374	4.928849	-0.145790	-31.409161
9.990304	85.002772	0.023182	4.932540	-0.145851	-31.432323
9.990955	85.003101	0.023836	4.936229	-0.145912	-31.455492
9.990457	85.002858	0.023336	4.939917	-0.145972	-31.478668
9.988808	85.002043	0.021681	4.943602	-0.146032	-31.501851
9.986011	85.000655	0.018874	4.947285	-0.146091	-31.525041
9.983161	84.999240	0.016013	4.950969	-0.146150	-31.548237
9.981350	84.998341	0.014195	4.954657	-0.146209	-31.571440
9.980576	84.997958	0.013419	4.958349	-0.146269	-31.594650
9.980840	84.998091	0.013684	4.962044	-0.146329	-31.617866
9.982142	84.998741	0.014991	4.965743	-0.146390	-31.641088
9.983389	84.999362	0.016242	4.969443	-0.146451	-31.664318
9.983487	84.999410	0.016341	4.973141	-0.146511	-31.687554
9.982436	84.998886	0.015287	4.976837	-0.146571	-31.710797
9.980238	84.997788	0.013080	4.980531	-0.146630	-31.734047
9.976893	84.996117	0.009723	4.984223	-0.146689	-31.757305
9.973496	84.994418	0.006313	4.987915	-0.146748	-31.780569
9.971135	84.993236	0.003944	4.991612	-0.146807	-31.803839
9.969811	84.992571	0.002614	4.995312	-0.146867	-31.827116
9.969522	84.992423	0.002324	4.999016	-0.146927	-31.850400
9.970267	84.992791	0.003073	5.002724	-0.146987	-31.873690
9.971230	84.993267	0.004039	5.006433	-0.147048	-31.896987
9.971591	84.993440	0.004402	5.010142	-0.147108	-31.920290
9.971351	84.993310	0.004162	5.013850	-0.147169	-31.943601
9.970511	84.992877	0.003318	5.017558	-0.147228	-31.966919
9.969069	84.992141	0.001871	5.021265	-0.147288	-31.990245
9.967845	84.991512	0.000643	5.024973	-0.147348	-32.013577
9.967658	84.991401	0.000455	5.028686	-0.147408	-32.036915
9.968507	84.991807	0.001307	5.032402	-0.147468	-32.060260
9.970392	84.992730	0.003200	5.036122	-0.147530	-32.083612
9.973315	84.994170	0.006134	5.039845	-0.147591	-32.106970
9.976182	84.995582	0.009012	5.043570	-0.147653	-32.130335
9.977897	84.996419	0.010734	5.047293	-0.147714	-32.153707
9.978458	84.996681	0.011297	5.051013	-0.147774	-32.177085
9.977866	84.996368	0.010703	5.054731	-0.147834	-32.200471
9.976120	84.995481	0.008951	5.058448	-0.147894	-32.223864
9.974316	84.994565	0.007140	5.062165	-0.147953	-32.247264
9.973548	84.994168	0.006369	5.065886	-0.148013	-32.270671
9.973814	84.994288	0.006637	5.069611	-0.148073	-32.294084
9.975116	84.994926	0.007943	5.073339	-0.148134	-32.317503
9.977453	84.996081	0.010290	5.077071	-0.148195	-32.340929
9.979732	84.997208	0.012578	5.080805	-0.148256	-32.364362
9.980856	84.997760	0.013706	5.084536	-0.148317	-32.387802
9.980823	84.997736	0.013674	5.088265	-0.148377	-32.411249
9.979635	84.997136	0.012481	5.091992	-0.148437	-32.434703
9.977292	84.995961	0.010129	5.095717	-0.148496	-32.458164
9.974893	84.994757	0.007721	5.099442	-0.148555	-32.481632
9.973534	84.994072	0.006357	5.103172	-0.148615	-32.505106
9.973215	84.993905	0.006037	5.106905	-0.148675	-32.528587
9.973935	84.994256	0.006760	5.110642	-0.148735	-32.552075
9.975695	84.995126	0.008527	5.114383	-0.148796	-32.575569
9.977398	84.995967	0.010237	5.118125	-0.148857	-32.599070
9.977947	84.996231	0.010788	5.121864	-0.148917	-32.622578
9.977342	84.995919	0.010181	5.125602	-0.148977	-32.646093
9.975582	84.995031	0.008414	5.129337	-0.149037	-32.669615
9.972670	84.993566	0.005491	5.133071	-0.149095	-32.693144
9.969702	84.992073	0.002512	5.136805	-0.149154	-32.716680
9.967773	84.991099	0.000576	5.140543	-0.149213	-32.740223
9.966882	84.990644	-0.000318	5.144285	-0.149273	-32.763772
9.967029	84.990707	-0.000171	5.148031	-0.149333	-32.787328
9.968214	84.991290	0.001019	5.151780	-0.149394	-32.810891
9.969451	84.991899	0.002261	5.155531	-0.149455	-32.834460
9.969758	84.992040	0.002569	5.159280	-0.149515	-32.858037
9.969132	84.991714	0.001941	5.163027	-0.149575	-32.881620
9.967575	84.990921	0.000378	5.166774	-0.149634	-32.905211
9.965087	84.989661	-0.002119	5.170518	-0.149693	-32.928809
9.962655	84.988427	-0.004561	5.174264	-0.149752	-32.952414
9.961263	84.987712	-0.005957	5.178014	-0.149812	-32.976025
9.960912	84.987517	-0.006310	5.181767	-0.149872	-32.999643
9.961600	84.987842	-0.005619	5.185524	-0.149932	-33.023268
9.963327	84.988685	-0.003885	5.189285	-0.149993	-33.046899
9.964998	84.989500	-0.002207	5.193047	-0.150054	-33.070537
9.965514	84.989736	-0.001689	5.196807	-0.150114	-33.094182
9.964876	84.989395	-0.002330	5.200565	-0.150174	-33.117835
9.963083	84.988476	-0.004129	5.204320	-0.150233	-33.141494
9.960137	84.986978	-0.007086	5.208074	-0.150292	-33.165161
9.957135	84.985452	-0.010099	5.211828	-0.150351	-33.188834
9.955172	84.984446	-0.012070	5.215586	-0.150410	-33.212514
9.954247	84.983960	-0.012999	5.219348	-0.150469	-33.236201
9.954359	84.983994	-0.012886	5.223114	-0.150530	-33.259894
9.955507	84.984548	-0.011733	5.226883	-0.150590	-33.283594
9.956926	84.985237	-0.010309	5.230655	-0.150651	-33.307301
9.957847	84.985674	-0.009384	5.234426	-0.150711	-33.331015
9.958271	84.985859	-0.008958	5.238196	-0.150772	-33.354736
9.958197	84.985794	-0.009032	5.241967	-0.150832	-33.378465
9.957625	84.985477	-0.009606	5.245737	-0.150892	-33.402200
9.957324	84.985294	-0.009908	5.249509	-0.150952	-33.425943
9.958062	84.985632	-0.009167	5.253284	-0.151012	-33.449692
9.959839	84.986490	-0.007383	5.257064	-0.151073	-33.473448
9.962656	84.987869	-0.004555	5.260847	-0.151134	-33.497211
9.966515	84.989768	-0.000681	5.264634	-0.151196	-33.520980
9.970317	84.991637	0.003135	5.268422	-0.151258	-33.544756
9.972957	84.992926	0.005786	5.272207	-0.151319	-33.568539
9.974434	84.993636	0.007269	5.275991	-0.151380	-33.592330
9.974748	84.993766	0.007584	5.279772	-0.151440	-33.616128
9.973898	84.993317	0.006731	5.283552	-0.151500	-33.639932
9.972985	84.992838	0.005815	5.287332	-0.151560	-33.663744
9.973112	84.992880	0.005942	5.291116	-0.151620	-33.687562
9.974278	84.993443	0.007113	5.294904	-0.151680	-33.711387
9.976483	84.994527	0.009327	5.298696	-0.151741	-33.735219
9.979730	84.996131	0.012586	5.302491	-0.151803	-33.759057
9.982914	84.997706	0.015783	5.306287	-0.151864	-33.782903
9.984931	84.998700	0.017807	5.310082	-0.151925	-33.806755
9.985779	84.999114	0.018658	5.313874	-0.151986	-33.830615
9.985456	84.998947	0.018335	5.317664	-0.152046	-33.854482
9.983965	84.998201	0.016838	5.321452	-0.152105	-33.878356
9.982412	84.997424	0.015279	5.325240	-0.152164	-33.902237
9.981905	84.997169	0.014771	5.329033	-0.152224	-33.926124
9.982444	84.997435	0.015312	5.332829	-0.152284	-33.950018
9.984029	84.998223	0.016903	5.336629	-0.152345	-33.973919
9.986661	84.999531	0.019545	5.340433	-0.152406	-33.997827
9.989234	85.000810	0.022128	5.344238	-0.152467	-34.021742
9.990640	85.001507	0.023539	5.348041	-0.152528	-34.045664
9.990877	85.001624	0.023777	5.351841	-0.152588	-34.069593
9.989945	85.001159	0.022842	5.355640	-0.152648	-34.093529
9.987846	85.000112	0.020735	5.359436	-0.152707	-34.117472
9.985687	84.999037	0.018568	5.363233	-0.152766	-34.141423
9.984573	84.998483	0.017451	5.367034	-0.152825	-34.165380
9.984506	84.998450	0.017383	5.370839	-0.152885	-34.189344
9.985483	84.998940	0.018364	5.374647	-0.152946	-34.213314
9.987507	84.999951	0.020395	5.378460	-0.153006	-34.237291
9.989469	85.000932	0.022366	5.382273	-0.153067	-34.261275
9.990263	85.001332	0.023163	5.386084	-0.153128	-34.285267
9.989887	85.001149	0.022786	5.389893	-0.153188	-34.309265
9.988343	85.000384	0.021235	5.393700	-0.153247	-34.333271
9.985630	84.999038	0.018512	5.397504	-0.153305	-34.357284
9.982860	84.997661	0.015732	5.401310	-0.153364	-34.381304
9.981140	84.996807	0.014005	5.405119	-0.153423	-34.405331
9.980469	84.996475	0.013332	5.408933	-0.153483	-34.429365
9.980848	84.996666	0.013712	5.412750	-0.153543	-34.453405
9.982275	84.997379	0.015145	5.416570	-0.153604	-34.477452
9.983644	84.998061	0.016519	5.420392	-0.153664	-34.501506
9.983845	84.998161	0.016721	5.424211	-0.153724	-34.525567
9.982878	84.997678	0.015751	5.428029	-0.153784	-34.549635
9.980744	84.996612	0.013609	5.431844	-0.153843	-34.573711
9.977444	84.994964	0.010297	5.435657	-0.153901	-34.597794
9.974088	84.993286	0.006927	5.439471	-0.153959	-34.621884
9.971780	84.992130	0.004611	5.443289	-0.154018	-34.645980
9.970519	84.991498	0.003346	5.447111	-0.154077	-34.670084
9.970305	84.991388	0.003131	5.450936	-0.154137	-34.694194
9.971138	84.991801	0.003967	5.454765	-0.154198	-34.718310
9.972169	84.992313	0.005003	5.458596	-0.154258	-34.742434
9.972554	84.992498	0.005389	5.462426	-0.154318	-34.766566
9.972291	84.992358	0.005125	5.466255	-0.154378	-34.790704
9.971381	84.991892	0.004212	5.470084	-0.154437	-34.814850
9.969824	84.991099	0.002649	5.473912	-0.154496	-34.839003
9.968467	84.990406	0.001287	5.477741	-0.154556	-34.863163
9.968159	84.990235	0.000977	5.481574	-0.154615	-34.887330
9.968898	84.990588	0.001719	5.485411	-0.154676	-34.911504
9.970685	84.991464	0.003514	5.489252	-0.154736	-34.935685
9.973521	84.992863	0.006361	5.493097	-0.154798	-34.959872
9.976297	84.994231	0.009148	5.496942	-0.154859	-34.984066
9.977903	84.995015	0.010759	5.500786	-0.154920	-35.008268
9.978336	84.995215	0.011195	5.504627	-0.154980	-35.032477
9.977597	84.994831	0.010453	5.508466	-0.155039	-35.056693
9.975687	84.993862	0.008535	5.512303	-0.155098	-35.080916
9.973714	84.992863	0.006556	5.516141	-0.155157	-35.105147
9.972789	84.992388	0.005627	5.519982	-0.155216	-35.129384
9.972910	84.992436	0.005749	5.523828	-0.155276	-35.153628
9.974078	84.993008	0.006921	5.527677	-0.155337	-35.177879
9.976292	84.994104	0.009144	5.531530	-0.155398	-35.202136
9.978445	84.995169	0.011305	5.535384	-0.155459	-35.226401
9.979424	84.995649	0.012288	5.539235	-0.155519	-35.250673
9.979229	84.995544	0.012093	5.543085	-0.155579	-35.274952
9.977861	84.994854	0.010720	5.546933	-0.155638	-35.299238
9.975321	84.993579	0.008170	5.550778	-0.155697	-35.323532
9.972721	84.992274	0.005560	5.554624	-0.155755	-35.347833
9.971173	84.991493	0.004006	5.558474	-0.155814	-35.372141
9.970675	84.991236	0.003507	5.562328	-0.155874	-35.396455
9.971228	84.991503	0.004062	5.566185	-0.155934	-35.420776
9.972832	84.992294	0.005671	5.570047	-0.155995	-35.445104
9.974375	84.993055	0.007221	5.573909	-0.156055	-35.469439
9.974746	84.993229	0.007594	5.577769	-0.156115	-35.493782
9.973946	84.992818	0.006790	5.581627	-0.156175	-35.518132
9.971974	84.991821	0.004811	5.585483	-0.156234	-35.542489
9.968832	84.990239	0.001657	5.589337	-0.156292	-35.566853
9.965631	84.988626	-0.001556	5.593191	-0.156350	-35.591224
9.963480	84.987537	-0.003715	5.597049	-0.156409	-35.615603
9.962379	84.986974	-0.004820	5.600912	-0.156468	-35.639988
9.962325	84.986935	-0.004874	5.604778	-0.156528	-35.664380
9.963319	84.987421	-0.003876	5.608647	-0.156588	-35.688778
9.964567	84.988032	-0.002624	5.612519	-0.156649	-35.713184
9.965272	84.988369	-0.001916	5.616390	-0.156709	-35.737597
9.965435	84.988433	-0.001752	5.620261	-0.156769	-35.762018
9.965056	84.988224	-0.002132	5.624131	-0.156828	-35.786446
9.964135	84.987741	-0.003057	5.628000	-0.156888	-35.810881
9.963468	84.987383	-0.003726	5.631872	-0.156947	-35.835324
9.963850	84.987550	-0.003342	5.635747	-0.157007	-35.859773
9.965282	84.988243	-0.001905	5.639626	-0.157068	-35.884230
9.967764	84.989460	0.000587	5.643509	-0.157129	-35.908693
9.971299	84.991202	0.004135	5.647396	-0.157190	-35.933163
9.974772	84.992913	0.007622	5.651283	-0.157252	-35.957639
9.977068	84.994037	0.009927	5.655168	-0.157312	-35.982124
9.978186	84.994573	0.011049	5.659052	-0.157373	-36.006615
9.978124	84.994522	0.010987	5.662933	-0.157433	-36.031115
9.976882	84.993883	0.009741	5.666812	-0.157492	-36.055621
9.975577	84.993214	0.008430	5.670691	-0.157551	-36.080134
9.975320	84.993070	0.008173	5.674575	-0.157611	-36.104655
9.976113	84.993451	0.008969	5.678462	-0.157671	-36.129182
9.977955	84.994358	0.010818	5.682353	-0.157731	-36.153716
9.980847	84.995791	0.013722	5.686248	-0.157792	-36.178257
9.983675	84.997192	0.016560	5.690144	-0.157854	-36.202805
9.985321	84.998005	0.018213	5.694038	-0.157914	-36.227360
9.985783	84.998229	0.018677	5.697929	-0.157974	-36.251923
9.985062	84.997866	0.017953	5.701819	-0.158034	-36.276493
9.983158	84.996915	0.016042	5.705706	-0.158092	-36.301071
9.981191	84.995932	0.014067	5.709594	-0.158151	-36.325655
9.980280	84.995476	0.013153	5.713486	-0.158211	-36.350247
9.980423	84.995545	0.013297	5.717381	-0.158270	-36.374845
9.981621	84.996141	0.014500	5.721281	-0.158331	-36.399451
9.983875	84.997262	0.016762	5.725184	-0.158391	-36.424063
9.986067	84.998351	0.018963	5.729088	-0.158452	-36.448682
9.987078	84.998852	0.019977	5.732990	-0.158512	-36.473309
9.986906	84.998763	0.019805	5.736890	-0.158572	-36.497943
9.985553	84.998086	0.018447	5.740787	-0.158631	-36.522584
9.983019	84.996820	0.015903	5.744683	-0.158690	-36.547233
9.980423	84.995523	0.013297	5.748579	-0.158748	-36.571889
9.978881	84.994753	0.011750	5.752479	-0.158807	-36.596552
9.978394	84.994508	0.011261	5.756383	-0.158867	-36.621222
9.978960	84.994790	0.011829	5.760291	-0.158927	-36.645898
9.980580	84.995599	0.013455	5.764202	-0.158987	-36.670582
9.982137	84.996376	0.015018	5.768115	-0.159048	-36.695272
9.982513	84.996563	0.015396	5.772025	-0.159107	-36.719970
9.981708	84.996160	0.014588	5.775933	-0.159167	-36.744676
9.979722	84.995168	0.012595	5.779839	-0.159226	-36.769389
9.976558	84.993587	0.009419	5.783743	-0.159284	-36.794109
9.973335	84.991974	0.006183	5.787647	-0.159342	-36.818837
9.971170	84.990889	0.004010	5.791556	-0.159401	-36.843571
9.970062	84.990330	0.002898	5.795468	-0.159460	-36.868312
9.970010	84.990297	0.002846	5.799384	-0.159520	-36.893060
9.971014	84.990792	0.003854	5.803304	-0.159580	-36.917815
9.972178	84.991365	0.005023	5.807225	-0.159640	-36.942578
9.972608	84.991570	0.005454	5.811145	-0.159700	-36.967347
9.972302	84.991406	0.005147	5.815065	-0.159759	-36.992125
9.971261	84.990873	0.004102	5.818983	-0.159819	-37.016910
9.969485	84.989971	0.002320	5.822900	-0.159877	-37.041702
9.967870	84.989148	0.000699	5.826819	-0.159936	-37.066501
9.967310	84.988852	0.000137	5.830742	-0.159996	-37.091308
9.967804	84.989084	0.000633	5.834668	-0.160056	-37.116121
9.969353	84.989843	0.002188	5.838599	-0.160116	-37.140941
9.971958	84.991129	0.004803	5.842533	-0.160177	-37.165768
9.974499	84.992382	0.007354	5.846468	-0.160238	-37.190603
9.975855	84.993045	0.008715	5.850400	-0.160298	-37.215444
9.976026	84.993117	0.008887	5.854331	-0.160358	-37.240294
9.975011	84.992598	0.007868	5.858260	-0.160417	-37.265150
9.972811	84.991488	0.005660	5.862186	-0.160476	-37.290015
9.970549	84.990346	0.003389	5.866113	-0.160534	-37.314886
9.969343	84.989732	0.002179	5.870044	-0.160593	-37.339764
9.969194	84.989646	0.002029	5.873978	-0.160653	-37.364649
9.970101	84.990087	0.002939	5.877917	-0.160713	-37.389541
9.972065	84.991055	0.004911	5.881859	-0.160774	-37.414441
9.973965	84.991992	0.006819	5.885803	-0.160834	-37.439347
9.974682	84.992337	0.007539	5.889744	-0.160894	-37.464261
9.974215	84.992090	0.007069	5.893682	-0.160954	-37.489182
9.972563	84.991251	0.005412	5.897619	-0.161012	-37.514110
9.969729	84.989821	0.002567	5.901554	-0.161071	-37.539047
9.966833	84.988359	-0.000340	5.905489	-0.161129	-37.563990
9.964993	84.987425	-0.002187	5.909428	-0.161188	-37.588940
9.964208	84.987019	-0.002975	5.913371	-0.161247	-37.613897
9.964477	84.987142	-0.002705	5.917318	-0.161307	-37.638862
9.965801	84.987792	-0.001376	5.921268	-0.161367	-37.663833
9.967204	84.988482	0.000033	5.925220	-0.161427	-37.688811
9.967712	84.988722	0.000543	5.929171	-0.161487	-37.713797
9.967325	84.988513	0.000154	5.933120	-0.161547	-37.738791
9.966041	84.987854	-0.001134	5.937067	-0.161606	-37.763792
9.963864	84.986746	-0.003320	5.941014	-0.161664	-37.788800
9.961768	84.985678	-0.005424	5.944961	-0.161723	-37.813816
9.960729	84.985138	-0.006466	5.948912	-0.161782	-37.838839
9.960747	84.985126	-0.006448	5.952867	-0.161842	-37.863869
9.961822	84.985643	-0.005369	5.956826	-0.161902	-37.888905
9.963954	84.986689	-0.003229	5.960789	-0.161962	-37.913949
9.966022	84.987702	-0.001153	5.964753	-0.162023	-37.939000
9.966906	84.988122	-0.000266	5.968714	-0.162083	-37.964058
9.966604	84.987948	-0.000569	5.972673	-0.162142	-37.989124
9.965116	84.987182	-0.002062	5.976630	-0.162201	-38.014198
9.962444	84.985822	-0.004744	5.980585	-0.162260	-38.039279
9.959710	84.984431	-0.007489	5.984541	-0.162318	-38.064367
9.958031	84.983568	-0.009174	5.988500	-0.162377	-38.089462
9.957406	84.983234	-0.009801	5.992463	-0.162436	-38.114564
9.957836	84.983430	-0.009370	5.996431	-0.162496	-38.139673
9.959320	84.984154	-0.007880	6.000402	-0.162556	-38.164789
9.960916	84.984934	-0.006278	6.004374	-0.162617	-38.189913
9.961680	84.985295	-0.005511	6.008345	-0.162677	-38.215044
9.961612	84.985239	-0.005579	6.012315	-0.162736	-38.240182
9.960712	84.984764	-0.006483	6.016283	-0.162795	-38.265329
9.958979	84.983872	-0.008221	6.020251	-0.162854	-38.290482
9.957361	84.983036	-0.009846	6.024219	-0.162913	-38.315643
9.956799	84.982728	-0.010410	6.028192	-0.162972	-38.340811
9.957295	84.982950	-0.009912	6.032168	-0.163032	-38.365986
9.958847	84.983701	-0.008354	6.036148	-0.163092	-38.391168
9.961457	84.984982	-0.005734	6.040132	-0.163153	-38.416357
9.964003	84.986229	-0.003178	6.044117	-0.163214	-38.441554
9.965361	84.986882	-0.001815	6.048100	-0.163274	-38.466758
9.965531	84.986941	-0.001644	6.052080	-0.163334	-38.491969
9.964511	84.986405	-0.002668	6.056058	-0.163393	-38.517188
9.962304	84.985274	-0.004884	6.060034	-0.163451	-38.542414
9.960031	84.984111	-0.007165	6.064011	-0.163510	-38.567648
9.958815	84.983478	-0.008385	6.067992	-0.163569	-38.592889
9.958654	84.983374	-0.008547	6.071976	-0.163628	-38.618136
9.959548	84.983800	-0.007649	6.075964	-0.163688	-38.643391
9.961498	84.984756	-0.005692	6.079957	-0.163749	-38.668653
9.963381	84.985679	-0.003801	6.083950	-0.163809	-38.693922
9.964077	84.986007	-0.003103	6.087940	-0.163869	-38.719199
9.963583	84.985739	-0.003599	6.091929	-0.163929	-38.744483
9.961900	84.984876	-0.005288	6.095915	-0.163987	-38.769775
9.959031	84.983418	-0.008168	6.099899	-0.164046	-38.795074
9.956099	84.981928	-0.011112	6.103884	-0.164104	-38.820381
9.954227	84.980968	-0.012991	6.107873	-0.164162	-38.845694
9.953414	84.980537	-0.013806	6.111866	-0.164222	-38.871015
9.953660	84.980637	-0.013560	6.115862	-0.164281	-38.896343
9.954964	84.981267	-0.012251	6.119863	-0.164341	-38.921677
9.956577	84.982051	-0.010632	6.123865	-0.164402	-38.947019
9.957748	84.982612	-0.009455	6.127867	-0.164462	-38.972369
9.958478	84.982949	-0.008722	6.131869	-0.164522	-38.997726
9.958767	84.983064	-0.008433	6.135870	-0.164581	-39.023091
9.958613	84.982956	-0.008586	6.139872	-0.164641	-39.048464
9.958768	84.983001	-0.008431	6.143875	-0.164701	-39.073844
9.959981	84.983577	-0.007214	6.147882	-0.164761	-39.099231
9.962252	84.984683	-0.004934	6.151893	-0.164821	-39.124625
9.965583	84.986319	-0.001590	6.155908	-0.164882	-39.150026
9.969976	84.988486	0.002820	6.159926	-0.164944	-39.175434
9.974302	84.990619	0.007162	6.163946	-0.165006	-39.200850
9.977427	84.992155	0.010300	6.167963	-0.165067	-39.226273
9.979350	84.993095	0.012230	6.171978	-0.165127	-39.251704
9.980070	84.993438	0.012953	6.175991	-0.165187	-39.277142
9.979585	84.993184	0.012466	6.180001	-0.165246	-39.302588
9.979030	84.992897	0.011909	6.184013	-0.165306	-39.328041
9.979537	84.993141	0.012418	6.188028	-0.165365	-39.353501
9.981106	84.993915	0.013993	6.192047	-0.165426	-39.378968
9.983738	84.995220	0.016635	6.196070	-0.165486	-39.404443
9.987435	84.997056	0.020346	6.200096	-0.165548	-39.429924
9.991065	84.998858	0.023991	6.204124	-0.165609	-39.455413
9.993495	85.000062	0.026430	6.208149	-0.165669	-39.480909
9.994723	85.000669	0.027662	6.212172	-0.165730	-39.506413
9.994747	85.000678	0.027687	6.216193	-0.165789	-39.531925
9.993568	85.000090	0.026504	6.220212	-0.165848	-39.557444
9.992320	84.999469	0.025251	6.224231	-0.165907	-39.582970
9.992135	84.999379	0.025065	6.228254	-0.165966	-39.608504
9.993013	84.999820	0.025947	6.232281	-0.166026	-39.634045
9.994955	85.000791	0.027896	6.236312	-0.166087	-39.659593
9.997961	85.002294	0.030914	6.240347	-0.166148	-39.685147
10.000898	85.003763	0.033862	6.244382	-0.166208	-39.710710
10.002629	85.004634	0.035599	6.248416	-0.166269	-39.736279
10.003152	85.004907	0.036125	6.252447	-0.166328	-39.761857
10.002468	85.004581	0.035438	6.256475	-0.166388	-39.787442
10.000577	85.003657	0.033539	6.260502	-0.166446	-39.813035
9.998618	85.002701	0.031573	6.264529	-0.166505	-39.838635
9.997728	85.002275	0.030680	6.268561	-0.166564	-39.864242
9.997908	85.002381	0.030861	6.272596	-0.166623	-39.889856
9.999158	85.003018	0.032115	6.276634	-0.166683	-39.915477
10.001477	85.004186	0.034443	6.280677	-0.166744	-39.941106
10.003729	85.005321	0.036704	6.284721	-0.166804	-39.966742
10.004776	85.005856	0.037755	6.288762	-0.166864	-39.992385
10.004617	85.005793	0.037596	6.292801	-0.166924	-40.018036
10.003253	85.005131	0.036226	6.296838	-0.166983	-40.043695
10.000683	85.003870	0.033647	6.300872	-0.167041	-40.069361
9.998047	85.002576	0.031001	6.304908	-0.167099	-40.095035
9.996480	85.001813	0.029428	6.308947	-0.167158	-40.120716
9.995981	85.001583	0.028927	6.312990	-0.167217	-40.146404
9.996550	85.001884	0.029498	6.317037	-0.167277	-40.172099
9.998187	85.002716	0.031141	6.321087	-0.167337	-40.197801
9.999756	85.003515	0.032716	6.325139	-0.167397	-40.223511
10.000120	85.003714	0.033082	6.329188	-0.167457	-40.249228
9.999280	85.003314	0.032239	6.333235	-0.167516	-40.274953
9.997236	85.002315	0.030187	6.337280	-0.167574	-40.300686
9.993990	85.000716	0.026928	6.341322	-0.167632	-40.326426
9.990680	84.999083	0.023606	6.345366	-0.167690	-40.352173
9.988443	84.997982	0.021360	6.349413	-0.167748	-40.377928
9.987276	84.997414	0.020189	6.353464	-0.167807	-40.403690
9.987180	84.997378	0.020093	6.357519	-0.167866	-40.429459
9.988154	84.997874	0.021071	6.361577	-0.167926	-40.455235
9.989078	84.998344	0.021998	6.365637	-0.167986	-40.481019
9.988831	84.998229	0.021750	6.369694	-0.168045	-40.506810
9.987413	84.997530	0.020326	6.373749	-0.168104	-40.532609
9.984825	84.996247	0.017729	6.377802	-0.168162	-40.558415
9.981069	84.994379	0.013959	6.381853	-0.168220	-40.584229
9.977266	84.992485	0.010141	6.385905	-0.168278	-40.610051
9.974533	84.991124	0.007398	6.389960	-0.168336	-40.635880
9.972868	84.990295	0.005726	6.394020	-0.168394	-40.661716
9.972270	84.990000	0.005126	6.398083	-0.168453	-40.687559
9.972738	84.990237	0.005595	6.402150	-0.168513	-40.713409
9.973622	84.990679	0.006483	6.406219	-0.168573	-40.739267
9.974272	84.991001	0.007135	6.410289	-0.168633	-40.765132
9.974687	84.991202	0.007553	6.414359	-0.168692	-40.791005
9.974868	84.991281	0.007735	6.418429	-0.168752	-40.816886
9.974815	84.991240	0.007681	6.422500	-0.168811	-40.842775
9.975090	84.991361	0.007957	6.426572	-0.168871	-40.868671
9.976256	84.991927	0.009128	6.430648	-0.168930	-40.894574
9.978314	84.992939	0.011193	6.434727	-0.168991	-40.920485
9.981264	84.994396	0.014155	6.438810	-0.169052	-40.946402
9.985108	84.996299	0.018014	6.442896	-0.169113	-40.972328
9.988795	84.998123	0.021715	6.446982	-0.169174	-40.998260
9.991274	84.999345	0.024203	6.451067	-0.169234	-41.024201
9.992540	84.999966	0.025475	6.455149	-0.169294	-41.050149
9.992595	84.999986	0.025530	6.459228	-0.169354	-41.076104
9.991438	84.999403	0.024368	6.463306	-0.169413	-41.102068
9.990209	84.998787	0.023134	6.467384	-0.169471	-41.128039
9.990047	84.998704	0.022971	6.471466	-0.169531	-41.154017
9.990951	84.999155	0.023880	6.475552	-0.169590	-41.180002
9.992924	85.000138	0.025859	6.479642	-0.169651	-41.205994
9.995964	85.001654	0.028912	6.483736	-0.169712	-41.231994
9.998934	85.003136	0.031893	6.487830	-0.169772	-41.258001
10.000689	85.004015	0.033655	6.491922	-0.169832	-41.284016
10.001230	85.004292	0.034197	6.496012	-0.169892	-41.310038
10.000554	85.003967	0.033520	6.500100	-0.169951	-41.336068
9.998664	85.003040	0.031622	6.504185	-0.170010	-41.362106
9.996705	85.002079	0.029655	6.508272	-0.170068	-41.388152
9.995819	85.001651	0.028766	6.512362	-0.170127	-41.414204
9.996006	85.001757	0.028953	6.516455	-0.170186	-41.440264
9.997266	85.002396	0.030218	6.520553	-0.170246	-41.466331
9.999600	85.003568	0.032561	6.524655	-0.170307	-41.492405
10.001865	85.004706	0.034835	6.528757	-0.170367	-41.518487
10.002917	85.005241	0.035891	6.532857	-0.170427	-41.544576
10.002756	85.005172	0.035730	6.536955	-0.170486	-41.570673
10.001381	85.004501	0.034350	6.541050	-0.170545	-41.596778
9.998794	85.003228	0.031753	6.545144	-0.170603	-41.622890
9.996138	85.001920	0.029087	6.549238	-0.170661	-41.649010
9.994555	85.001145	0.027498	6.553335	-0.170719	-41.675137
9.994044	85.000905	0.026985	6.557437	-0.170779	-41.701272
9.994605	85.001198	0.027548	6.561543	-0.170838	-41.727413
9.996237	85.002026	0.029186	6.565652	-0.170898	-41.753562
9.997799	85.002818	0.030754	6.569762	-0.170958	-41.779718
9.998150	85.003007	0.031106	6.573870	-0.171018	-41.805882
9.997288	85.002592	0.030241	6.577976	-0.171077	-41.832054
9.995215	85.001574	0.028161	6.582079	-0.171135	-41.858234
9.991933	84.999953	0.024865	6.586180	-0.171193	-41.884421
9.988585	84.998297	0.021505	6.590282	-0.171250	-41.910615
9.986313	84.997175	0.019224	6.594388	-0.171309	-41.936817
9.985116	84.996588	0.018023	6.598497	-0.171367	-41.963027
9.984993	84.996535	0.017899	6.602611	-0.171426	-41.989243
9.985944	84.997016	0.018854	6.606728	-0.171486	-42.015467
9.986880	84.997488	0.019794	6.610846	-0.171546	-42.041698
9.986715	84.997411	0.019628	6.614962	-0.171605	-42.067937
9.985448	84.996783	0.018356	6.619077	-0.171664	-42.094183
9.983079	84.995604	0.015978	6.623189	-0.171722	-42.120438
9.979612	84.993875	0.012497	6.627299	-0.171780	-42.146700
9.976133	84.992138	0.009005	6.631410	-0.171837	-42.172970
9.973726	84.990936	0.006590	6.635525	-0.171895	-42.199247
9.972392	84.990269	0.005250	6.639644	-0.171954	-42.225531
9.972128	84.990136	0.004985	6.643767	-0.172013	-42.251822
9.972934	84.990538	0.005794	6.647894	-0.172073	-42.278121
9.973982	84.991059	0.006846	6.652022	-0.172133	-42.304427
9.974444	84.991284	0.007310	6.656149	-0.172192	-42.330741
9.974318	84.991213	0.007184	6.660276	-0.172251	-42.357063
9.973606	84.990845	0.006469	6.664403	-0.172310	-42.383393
9.972307	84.990182	0.005165	6.668529	-0.172369	-42.409731
9.971251	84.989638	0.004105	6.672656	-0.172428	-42.436076
9.971266	84.989629	0.004119	6.676787	-0.172487	-42.462428
9.972351	84.990155	0.005209	6.680922	-0.172547	-42.488788
9.974507	84.991215	0.007373	6.685061	-0.172607	-42.515155
9.977735	84.992810	0.010614	6.689204	-0.172668	-42.541529
9.980895	84.994370	0.013785	6.693348	-0.172728	-42.567910
9.982840	84.995324	0.015738	6.697489	-0.172789	-42.594300
9.983570	84.995673	0.016471	6.701628	-0.172848	-42.620697
9.983084	84.995417	0.015983	6.705765	-0.172907	-42.647102
9.981383	84.994555	0.014275	6.709899	-0.172966	-42.673515
9.979609	84.993658	0.012495	6.714035	-0.173024	-42.699935
9.978906	84.993297	0.011790	6.718174	-0.173083	-42.726363
9.979272	84.993471	0.012157	6.722317	-0.173142	-42.752798
9.980708	84.994179	0.013598	6.726464	-0.173202	-42.779240
9.983214	84.995423	0.016114	6.730614	-0.173263	-42.805689
9.985648	84.996632	0.018557	6.734766	-0.173323	-42.832146
9.986864	84.997234	0.019778	6.738915	-0.173383	-42.858611
9.986863	84.997230	0.019777	6.743062	-0.173442	-42.885083
9.985645	84.996621	0.018554	6.747206	-0.173501	-42.911564
9.983210	84.995405	0.016110	6.751348	-0.173559	-42.938052
9.980706	84.994155	0.013596	6.755491	-0.173617	-42.964548
9.979276	84.993440	0.012161	6.759638	-0.173675	-42.991051
9.978921	84.993260	0.011805	6.763789	-0.173734	-43.017561
9.979640	84.993616	0.012526	6.767943	-0.173794	-43.044078
9.981434	84.994507	0.014327	6.772102	-0.173854	-43.070603
9.983157	84.995363	0.016057	6.776261	-0.173914	-43.097135
9.983665	84.995612	0.016567	6.780418	-0.173974	-43.123675
9.982958	84.995254	0.015857	6.784573	-0.174032	-43.150223
9.981036	84.994290	0.013927	6.788725	-0.174091	-43.176779
9.977900	84.992720	0.010780	6.792875	-0.174148	-43.203343
9.974696	84.991114	0.007564	6.797026	-0.174206	-43.229914
9.972566	84.990044	0.005425	6.801180	-0.174264	-43.256492
9.971508	84.989510	0.004363	6.805339	-0.174323	-43.283078
9.971521	84.989512	0.004376	6.809501	-0.174382	-43.309671
9.972606	84.990050	0.005465	6.813667	-0.174442	-43.336271
9.973809	84.990646	0.006673	6.817835	-0.174502	-43.362879
9.974179	84.990824	0.007044	6.822001	-0.174561	-43.389495
9.973714	84.990582	0.006577	6.826166	-0.174620	-43.416119
9.972415	84.989921	0.005273	6.830330	-0.174679	-43.442750
9.970283	84.988842	0.003133	6.834492	-0.174737	-43.469390
9.968272	84.987821	0.001115	6.838656	-0.174795	-43.496037
9.967335	84.987337	0.000174	6.842823	-0.174854	-43.522691
9.967471	84.987388	0.000310	6.846995	-0.174913	-43.549353
9.968679	84.987976	0.001523	6.851170	-0.174973	-43.576022
9.970961	84.989100	0.003814	6.855349	-0.175033	-43.602698
9.973173	84.990187	0.006034	6.859529	-0.175093	-43.629382
9.974169	84.990667	0.007034	6.863707	-0.175153	-43.656074
9.973948	84.990539	0.006812	6.867882	-0.175212	-43.682773
9.972511	84.989803	0.005370	6.872055	-0.175271	-43.709481
9.969859	84.988460	0.002707	6.876226	-0.175329	-43.736196
9.967137	84.987081	-0.000026	6.880397	-0.175386	-43.762919
9.965486	84.986239	-0.001682	6.884572	-0.175445	-43.789649
9.964906	84.985933	-0.002264	6.888752	-0.175504	-43.816387
9.965397	84.986164	-0.001772	6.892935	-0.175563	-43.843131
9.966958	84.986931	-0.000205	6.897121	-0.175623	-43.869883
9.968500	84.987688	0.001343	6.901309	-0.175683	-43.896643
9.968932	84.987889	0.001777	6.905495	-0.175742	-43.923411
9.968256	84.987535	0.001098	6.909679	-0.175801	-43.950186
9.966470	84.986625	-0.000694	6.913860	-0.175860	-43.976969
9.963577	84.985158	-0.003599	6.918040	-0.175917	-44.003761
9.960669	84.983683	-0.006518	6.922221	-0.175975	-44.030559
9.958835	84.982744	-0.008359	6.926405	-0.176034	-44.057366
9.958075	84.982342	-0.009123	6.930594	-0.176092	-44.084179
9.958387	84.982477	-0.008809	6.934786	-0.176152	-44.111000
9.959771	84.983149	-0.007420	6.938982	-0.176211	-44.137828
9.961367	84.983926	-0.005817	6.943179	-0.176271	-44.164664
9.962314	84.984375	-0.004867	6.947376	-0.176331	-44.191508
9.962610	84.984497	-0.004570	6.951572	-0.176390	-44.218359
9.962256	84.984293	-0.004926	6.955768	-0.176449	-44.245219
9.961251	84.983761	-0.005934	6.959962	-0.176508	-44.272086
9.960458	84.983334	-0.006730	6.964158	-0.176567	-44.298962
9.960736	84.983444	-0.006451	6.968358	-0.176626	-44.325844
9.962085	84.984092	-0.005097	6.972562	-0.176686	-44.352734
9.964507	84.985276	-0.002666	6.976769	-0.176746	-44.379631
9.968002	84.986997	0.000842	6.980981	-0.176807	-44.406536
9.971423	84.988681	0.004277	6.985193	-0.176868	-44.433448
9.973622	84.989756	0.006484	6.989403	-0.176928	-44.460368
9.974596	84.990221	0.007462	6.993611	-0.176988	-44.487296
9.974345	84.990077	0.007210	6.997816	-0.177047	-44.514232
9.972869	84.989323	0.005728	7.002019	-0.177105	-44.541176
9.971318	84.988533	0.004172	7.006222	-0.177164	-44.568127
9.970843	84.988280	0.003694	7.010430	-0.177223	-44.595086
9.971442	84.988565	0.004296	7.014641	-0.177282	-44.622052
9.973116	84.989386	0.005976	7.018857	-0.177342	-44.649025
9.975865	84.990745	0.008735	7.023076	-0.177402	-44.676006
9.978542	84.992067	0.011422	7.027296	-0.177463	-44.702994
9.979996	84.992779	0.012883	7.031513	-0.177523	-44.729991
9.980227	84.992881	0.013115	7.035729	-0.177582	-44.756995
9.979235	84.992372	0.012119	7.039941	-0.177641	-44.784007
9.977021	84.991253	0.009896	7.044152	-0.177699	-44.811027
9.974733	84.990098	0.007599	7.048363	-0.177757	-44.838054
9.973520	84.989481	0.006382	7.052579	-0.177815	-44.865089
9.973381	84.989401	0.006242	7.056798	-0.177874	-44.892132
9.974314	84.989859	0.007179	7.061021	-0.177934	-44.919182
9.976322	84.990854	0.009194	7.065247	-0.177994	-44.946239
9.978255	84.991812	0.011135	7.069475	-0.178054	-44.973303
9.978966	84.992160	0.011848	7.073700	-0.178114	-45.000376
9.978454	84.991897	0.011334	7.077923	-0.178173	-45.027457
9.976719	84.991023	0.009592	7.082144	-0.178231	-45.054545
9.973762	84.989538	0.006624	7.086362	-0.178289	-45.081642
9.970736	84.988018	0.003586	7.090581	-0.178346	-45.108746
9.968788	84.987035	0.001631	7.094804	-0.178405	-45.135857
9.967917	84.986589	0.000757	7.099030	-0.178463	-45.162976
9.968123	84.986682	0.000964	7.103261	-0.178523	-45.190102
9.969406	84.987313	0.002251	7.107495	-0.178582	-45.217236
9.970815	84.988005	0.003666	7.111731	-0.178642	-45.244377
9.971401	84.988285	0.004254	7.115966	-0.178701	-45.271526
9.971163	84.988151	0.004015	7.120199	-0.178761	-45.298683
9.970102	84.987604	0.002949	7.124431	-0.178819	-45.325848
9.968217	84.986644	0.001058	7.128661	-0.178877	-45.353022
9.966459	84.985747	-0.000707	7.132893	-0.178936	-45.380203
9.965777	84.985387	-0.001392	7.137129	-0.178994	-45.407391
9.966169	84.985566	-0.000998	7.141369	-0.179054	-45.434587
9.967637	84.986283	0.000475	7.145613	-0.179114	-45.461790
9.970180	84.987537	0.003027	7.149860	-0.179174	-45.489000
9.972649	84.988755	0.005506	7.154108	-0.179234	-45.516218
9.973893	84.989361	0.006755	7.158354	-0.179294	-45.543444
9.973911	84.989354	0.006773	7.162598	-0.179353	-45.570678
9.972703	84.988736	0.005560	7.166839	-0.179412	-45.597920
9.970270	84.987506	0.003118	7.171078	-0.179470	-45.625170
9.967765	84.986239	0.000603	7.175317	-0.179528	-45.652428
9.966337	84.985511	-0.000830	7.179561	-0.179586	-45.679693
9.965987	84.985321	-0.001182	7.183808	-0.179645	-45.706965
9.966713	84.985669	-0.000453	7.188059	-0.179704	-45.734245
9.968515	84.986556	0.001356	7.192314	-0.179764	-45.761532
9.970245	84.987405	0.003093	7.196570	-0.179824	-45.788827
9.970752	84.987642	0.003601	7.200824	-0.179884	-45.816130
9.970034	84.987267	0.002881	7.205075	-0.179942	-45.843441
9.968094	84.986279	0.000933	7.209324	-0.180001	-45.870759
9.964932	84.984679	-0.002241	7.213570	-0.180058	-45.898086
9.961699	84.983041	-0.005487	7.217817	-0.180116	-45.925420
9.959541	84.981943	-0.007653	7.222068	-0.180174	-45.952762
9.958459	84.981384	-0.008739	7.226323	-0.180233	-45.980111
9.958450	84.981363	-0.008748	7.230582	-0.180292	-46.007468
9.959515	84.981881	-0.007679	7.234845	-0.180351	-46.034832
9.960958	84.982587	-0.006231	7.239109	-0.180411	-46.062204
9.962084	84.983131	-0.005101	7.243374	-0.180471	-46.089583
9.962892	84.983514	-0.004289	7.247639	-0.180530	-46.116971
9.963382	84.983734	-0.003797	7.251904	-0.180590	-46.144367
9.963555	84.983792	-0.003625	7.256169	-0.180649	-46.171771
9.964105	84.984038	-0.003072	7.260436	-0.180708	-46.199182
9.965731	84.984824	-0.001439	7.264707	-0.180768	-46.226601
9.968433	84.986148	0.001273	7.268981	-0.180828	-46.254027
9.972213	84.988010	0.005067	7.273260	-0.180889	-46.281461
9.977073	84.990411	0.009945	7.277542	-0.180951	-46.308902
9.981858	84.992774	0.014749	7.281826	-0.181012	-46.336351
9.985413	84.994523	0.018317	7.286107	-0.181073	-46.363808
9.987733	84.995659	0.020647	7.290385	-0.181133	-46.391273
9.988818	84.996180	0.021736	7.294661	-0.181193	-46.418746
9.988667	84.996088	0.021584	7.298935	-0.181252	-46.446227
9.988436	84.995959	0.021351	7.303209	-0.181311	-46.473715
9.989280	84.996368	0.022199	7.307488	-0.181370	-46.501211
9.991201	84.997316	0.024127	7.311770	-0.181430	-46.528715
9.994199	84.998803	0.027137	7.316056	-0.181491	-46.556226
9.998277	85.000829	0.031230	7.320346	-0.181552	-46.583744
10.002275	85.002817	0.035243	7.324637	-0.181613	-46.611270
10.005032	85.004191	0.038010	7.328925	-0.181673	-46.638804
10.006545	85.004950	0.039529	7.333211	-0.181733	-46.666346
10.006814	85.005094	0.039800	7.337494	-0.181792	-46.693896
10.005839	85.004625	0.038820	7.341776	-0.181851	-46.721454
10.004784	85.004118	0.037762	7.346058	-0.181909	-46.749020
10.004815	85.004150	0.037792	7.350343	-0.181968	-46.776593
10.005930	85.004721	0.038912	7.354633	-0.182028	-46.804173
10.008131	85.005831	0.041121	7.358926	-0.182088	-46.831762
10.011418	85.007480	0.044421	7.363224	-0.182149	-46.859357
10.014630	85.009091	0.047644	7.367522	-0.182209	-46.886960
10.016601	85.010086	0.049623	7.371818	-0.182269	-46.914572
10.017329	85.010467	0.050354	7.376111	-0.182329	-46.942191
10.016815	85.010233	0.049838	7.380402	-0.182387	-46.969818
10.015059	85.009384	0.048075	7.384690	-0.182446	-46.997453
10.013225	85.008497	0.046234	7.388980	-0.182504	-47.025096
10.012476	85.008149	0.045482	7.393273	-0.182562	-47.052747
10.012811	85.008341	0.045819	7.397570	-0.182622	-47.080405
10.014232	85.009072	0.047244	7.401871	-0.182681	-47.108070
10.016737	85.010343	0.049759	7.406175	-0.182742	-47.135743
10.019164	85.011574	0.052196	7.410481	-0.182802	-47.163423
10.020348	85.012191	0.053384	7.414784	-0.182861	-47.191112
10.020288	85.012192	0.053324	7.419084	-0.182920	-47.218809
10.018984	85.011577	0.052014	7.423383	-0.182979	-47.246513
10.016437	85.010348	0.049457	7.427679	-0.183037	-47.274226
10.013814	85.009080	0.046825	7.431975	-0.183094	-47.301946
10.012283	85.008352	0.045287	7.436276	-0.183153	-47.329674
10.011840	85.008163	0.044843	7.440580	-0.183212	-47.357409
10.012487	85.008514	0.045492	7.444888	-0.183271	-47.385152
10.014223	85.009405	0.047234	7.449200	-0.183331	-47.412902
10.015883	85.010257	0.048901	7.453513	-0.183391	-47.440660
10.016301	85.010493	0.049321	7.457823	-0.183450	-47.468426
10.015478	85.010113	0.048494	7.462131	-0.183508	-47.496201
10.013414	85.009117	0.046422	7.466437	-0.183566	-47.523983
10.010110	85.007505	0.043105	7.470740	-0.183624	-47.551773
10.006732	85.005855	0.039714	7.475044	-0.183681	-47.579571
10.004443	85.004745	0.037416	7.479352	-0.183739	-47.607376
10.003241	85.004175	0.036210	7.483664	-0.183798	-47.635189
10.003125	85.004145	0.036093	7.487979	-0.183857	-47.663009
10.004095	85.004655	0.037067	7.492298	-0.183916	-47.690837
10.004990	85.005126	0.037965	7.496618	-0.183975	-47.718673
10.004647	85.004981	0.037621	7.500936	-0.184034	-47.746516
10.003068	85.004220	0.036036	7.505251	-0.184092	-47.774368
10.000254	85.002841	0.033211	7.509564	-0.184150	-47.802228
9.996207	85.000847	0.029149	7.513875	-0.184207	-47.830095
9.992090	84.998815	0.025016	7.518186	-0.184264	-47.857971
9.989064	84.997323	0.021978	7.522501	-0.184322	-47.885854
9.987126	84.996371	0.020032	7.526820	-0.184380	-47.913744
9.986275	84.995959	0.019178	7.531143	-0.184438	-47.941642
9.986510	84.996087	0.019414	7.535470	-0.184498	-47.969548
9.987087	84.996384	0.019993	7.539799	-0.184557	-47.997461
9.987260	84.996477	0.020167	7.544127	-0.184616	-48.025382
9.987031	84.996366	0.019936	7.548455	-0.184675	-48.053312
9.986397	84.996051	0.019301	7.552783	-0.184733	-48.081249
9.985361	84.995533	0.018261	7.557111	-0.184792	-48.109195
9.984666	84.995182	0.017563	7.561441	-0.184851	-48.137149
9.985056	84.995372	0.017954	7.565775	-0.184910	-48.165110
9.986530	84.996103	0.019433	7.570113	-0.184969	-48.193078
9.989090	84.997373	0.022003	7.574454	-0.185030	-48.221054
9.992737	84.999184	0.025664	7.578799	-0.185090	-48.249038
9.996306	85.000955	0.029247	7.583145	-0.185151	-48.277029
9.998630	85.002109	0.031580	7.587489	-0.185211	-48.305029
9.999708	85.002645	0.032661	7.591830	-0.185270	-48.333036
9.999538	85.002564	0.032490	7.596169	-0.185329	-48.361051
9.998120	85.001865	0.031067	7.600505	-0.185388	-48.389075
9.996623	85.001128	0.029565	7.604843	-0.185446	-48.417106
9.996213	85.000931	0.029153	7.609184	-0.185505	-48.445145
9.996889	85.001275	0.029831	7.613529	-0.185564	-48.473192
9.998652	85.002159	0.031600	7.617877	-0.185624	-48.501246
10.001502	85.003583	0.034461	7.622230	-0.185684	-48.529307
10.004275	85.004969	0.037245	7.626583	-0.185744	-48.557376
10.005803	85.005736	0.038778	7.630934	-0.185804	-48.585453
10.006085	85.005884	0.039062	7.635282	-0.185863	-48.613539
10.005122	85.005415	0.038095	7.639629	-0.185921	-48.641632
10.002914	85.004328	0.035879	7.643972	-0.185979	-48.669734
10.000628	85.003202	0.033584	7.648317	-0.186037	-48.697843
9.999428	85.002617	0.032379	7.652665	-0.186096	-48.725960
9.999314	85.002573	0.032264	7.657017	-0.186154	-48.754084
10.000285	85.003069	0.033238	7.661373	-0.186214	-48.782216
10.002341	85.004106	0.035302	7.665733	-0.186274	-48.810356
10.004318	85.005104	0.037287	7.670093	-0.186334	-48.838503
10.005050	85.005483	0.038022	7.674451	-0.186393	-48.866658
10.004537	85.005244	0.037507	7.678807	-0.186452	-48.894821
10.002779	85.004386	0.035742	7.683160	-0.186510	-48.922993
9.999778	85.002909	0.032729	7.687511	-0.186567	-48.951172
9.996702	85.001394	0.029641	7.691863	-0.186625	-48.979360
9.994716	85.000420	0.027648	7.696218	-0.186683	-49.007555
9.993819	84.999987	0.026748	7.700578	-0.186741	-49.035757
9.994011	85.000094	0.026940	7.704941	-0.186800	-49.063967
9.995292	85.000743	0.028226	7.709308	-0.186860	-49.092185
9.996496	85.001352	0.029434	7.713676	-0.186919	-49.120410
9.996457	85.001342	0.029395	7.718041	-0.186978	-49.148643
9.995175	85.000713	0.028108	7.722404	-0.187036	-49.176885
9.992653	84.999466	0.025576	7.726765	-0.187094	-49.205134
9.988891	84.997599	0.021800	7.731123	-0.187151	-49.233392
9.985055	84.995693	0.017949	7.735482	-0.187208	-49.261658
9.982308	84.994329	0.015191	7.739844	-0.187266	-49.289931
9.980646	84.993506	0.013523	7.744211	-0.187324	-49.318211
9.980070	84.993225	0.012945	7.748581	-0.187383	-49.346499
9.980578	84.993484	0.013454	7.752956	-0.187442	-49.374795
9.981380	84.993889	0.014259	7.757332	-0.187501	-49.403099
9.981684	84.994041	0.014564	7.761707	-0.187560	-49.431410
9.981491	84.993941	0.014370	7.766082	-0.187619	-49.459730
9.980800	84.993590	0.013677	7.770457	-0.187678	-49.488058
9.979612	84.992986	0.012484	7.774832	-0.187736	-49.516395
9.978719	84.992527	0.011587	7.779208	-0.187794	-49.544739
9.978910	84.992610	0.011779	7.783588	-0.187853	-49.573090
9.980186	84.993234	0.013060	7.787971	-0.187913	-49.601450
9.982548	84.994399	0.015430	7.792359	-0.187973	-49.629816
9.985996	84.996105	0.018892	7.796751	-0.188033	-49.658191
9.989366	84.997771	0.022275	7.801143	-0.188094	-49.686573
9.991491	84.998818	0.024407	7.805533	-0.188154	-49.714963
9.992368	84.999244	0.025288	7.809920	-0.188213	-49.743362
9.991998	84.999050	0.024916	7.814305	-0.188272	-49.771768
9.990381	84.998235	0.023293	7.818688	-0.188330	-49.800183
9.988683	84.997382	0.021588	7.823071	-0.188388	-49.828605
9.988069	84.997070	0.020972	7.827458	-0.188447	-49.857035
9.988538	84.997300	0.021443	7.831849	-0.188506	-49.885473
9.990091	84.998071	0.023001	7.836244	-0.188565	-49.913918
9.992728	84.999384	0.025648	7.840643	-0.188626	-49.942371
9.995284	85.000657	0.028214	7.845042	-0.188686	-49.970831
9.996592	85.001309	0.029526	7.849439	-0.188745	-49.999300
9.996650	85.001340	0.029585	7.853834	-0.188804	-50.027777
9.995458	85.000751	0.028389	7.858226	-0.188862	-50.056262
9.993019	84.999542	0.025939	7.862615	-0.188920	-50.084755
9.990501	84.998293	0.023412	7.867006	-0.188978	-50.113256
9.989072	84.997586	0.021978	7.871400	-0.189036	-50.141764
9.988733	84.997420	0.021637	7.875798	-0.189095	-50.170280
9.989481	84.997797	0.022388	7.880200	-0.189154	-50.198804
9.991318	84.998714	0.024232	7.884606	-0.189214	-50.227335
9.993077	84.999592	0.025997	7.889013	-0.189273	-50.255874
9.993589	84.999849	0.026511	7.893417	-0.189333	-50.284421
9.992854	84.999485	0.025774	7.897818	-0.189391	-50.312977
9.990874	84.998500	0.023785	7.902218	-0.189449	-50.341540
9.987648	84.996893	0.020547	7.906615	-0.189506	-50.370112
9.984346	84.995248	0.017232	7.911012	-0.189564	-50.398691
9.982132	84.994144	0.015009	7.915414	-0.189621	-50.427278
9.981004	84.993583	0.013877	7.919819	-0.189680	-50.455873
9.980961	84.993563	0.013834	7.924228	-0.189739	-50.484475
9.982003	84.994085	0.014880	7.928641	-0.189798	-50.513085
9.983052	84.994610	0.015933	7.933055	-0.189857	-50.541703
9.983030	84.994598	0.015910	7.937467	-0.189916	-50.570329
9.981935	84.994049	0.014811	7.941877	-0.189975	-50.598963
9.979770	84.992964	0.012637	7.946285	-0.190032	-50.627605
9.976535	84.991341	0.009390	7.950691	-0.190090	-50.656255
9.973311	84.989722	0.006154	7.955098	-0.190147	-50.684914
9.971176	84.988645	0.004010	7.959509	-0.190205	-50.713580
9.970128	84.988110	0.002958	7.963923	-0.190263	-50.742253
9.970165	84.988117	0.002996	7.968342	-0.190322	-50.770934
9.971289	84.988667	0.004124	7.972765	-0.190382	-50.799623
9.972572	84.989294	0.005411	7.977188	-0.190441	-50.828319
9.973084	84.989535	0.005925	7.981611	-0.190500	-50.857024
9.972826	84.989389	0.005666	7.986032	-0.190559	-50.885737
9.971799	84.988857	0.004635	7.990453	-0.190617	-50.914458
9.970002	84.987938	0.002831	7.994872	-0.190675	-50.943188
9.968364	84.987098	0.001186	7.999293	-0.190733	-50.971925
9.967810	84.986800	0.000630	8.003717	-0.190792	-51.000670
9.968340	84.987045	0.001162	8.008145	-0.190851	-51.029423
9.969954	84.987831	0.002782	8.012578	-0.190911	-51.058183
9.972652	84.989160	0.005490	8.017014	-0.190971	-51.086951
9.975271	84.990448	0.008119	8.021450	-0.191031	-51.115727
9.976641	84.991114	0.009494	8.025884	-0.191090	-51.144510
9.976764	84.991157	0.009617	8.030316	-0.191149	-51.173303
9.975638	84.990578	0.008487	8.034746	-0.191208	-51.202103
9.973265	84.989377	0.006105	8.039173	-0.191265	-51.230911
9.970813	84.988135	0.003643	8.043600	-0.191323	-51.259727
9.969448	84.987437	0.002273	8.048032	-0.191381	-51.288551
9.969168	84.987281	0.001992	8.052467	-0.191440	-51.317383
9.969974	84.987667	0.002800	8.056906	-0.191499	-51.346222
9.971865	84.988595	0.004698	8.061350	-0.191559	-51.375068
9.973677	84.989484	0.006517	8.065793	-0.191619	-51.403923
9.974243	84.989749	0.007085	8.070235	-0.191678	-51.432786
9.973564	84.989391	0.006403	8.074674	-0.191736	-51.461657
9.971640	84.988410	0.004472	8.079110	-0.191794	-51.490536
9.968472	84.986807	0.001292	8.083544	-0.191852	-51.519423
9.965227	84.985164	-0.001966	8.087979	-0.191909	-51.548318
9.963066	84.984063	-0.004135	8.092418	-0.191967	-51.577221
9.961989	84.983506	-0.005217	8.096860	-0.192025	-51.606131
9.961994	84.983491	-0.005212	8.101306	-0.192084	-51.635049
9.963081	84.984019	-0.004120	8.105756	-0.192143	-51.663975
9.964470	84.984697	-0.002726	8.110208	-0.192203	-51.692908
9.965380	84.985131	-0.001813	8.114660	-0.192262	-51.721850
9.965810	84.985324	-0.001382	8.119111	-0.192321	-51.750800
9.965760	84.985273	-0.001432	8.123562	-0.192380	-51.779759
9.965231	84.984979	-0.001963	8.128012	-0.192439	-51.808725
9.965004	84.984836	-0.002192	8.132465	-0.192498	-51.837700
9.965860	84.985235	-0.001332	8.136921	-0.192557	-51.866682
9.967801	84.986177	0.000616	8.141381	-0.192617	-51.895672
9.970826	84.987662	0.003653	8.145844	-0.192677	-51.924669
9.974939	84.989689	0.007781	8.150312	-0.192738	-51.953674
9.978971	84.991675	0.011828	8.154780	-0.192798	-51.982687
9.981752	84.993036	0.014620	8.159246	-0.192859	-52.011708
9.983280	84.993774	0.016154	8.163710	-0.192918	-52.040737
9.983555	84.993888	0.016429	8.168171	-0.192977	-52.069775
9.982575	84.993378	0.015446	8.172629	-0.193036	-52.098821
9.981511	84.992828	0.014377	8.177088	-0.193094	-52.127874
9.981530	84.992820	0.014397	8.181551	-0.193153	-52.156935
9.982633	84.993355	0.015503	8.186018	-0.193212	-52.186004
9.984819	84.994433	0.017698	8.190489	-0.193272	-52.215081
9.988091	84.996054	0.020982	8.194964	-0.193333	-52.244165
9.991278	84.997633	0.024181	8.199439	-0.193393	-52.273257
9.993208	84.998588	0.026118	8.203912	-0.193453	-52.302357
9.993879	84.998919	0.026792	8.208382	-0.193512	-52.331466
9.993293	84.998625	0.026203	8.212850	-0.193570	-52.360583
9.991448	84.997707	0.024351	8.217315	-0.193628	-52.389707
9.989521	84.996749	0.022416	8.221781	-0.193686	-52.418840
9.988684	84.996333	0.021576	8.226251	-0.193745	-52.447981
9.988937	84.996460	0.021830	8.230725	-0.193804	-52.477129
9.990281	84.997131	0.023178	8.235203	-0.193863	-52.506285
9.992715	84.998343	0.025621	8.239685	-0.193923	-52.535448
9.995067	84.999515	0.027983	8.244167	-0.193983	-52.564619
9.996164	85.000062	0.029084	8.248647	-0.194042	-52.593799
9.996005	84.999984	0.028924	8.253124	-0.194101	-52.622987
9.994591	84.999281	0.027505	8.257599	-0.194159	-52.652182
9.991923	84.997953	0.024826	8.262071	-0.194217	-52.681387
9.989173	84.996585	0.022065	8.266544	-0.194275	-52.710599
9.987513	84.995760	0.020399	8.271021	-0.194333	-52.739818
9.986941	84.995478	0.019824	8.275502	-0.194391	-52.769046
9.987456	84.995739	0.020342	8.279986	-0.194450	-52.798281
9.989060	84.996543	0.021951	8.284475	-0.194510	-52.827524
9.990581	84.997306	0.023478	8.288964	-0.194569	-52.856774
9.990849	84.997443	0.023747	8.293451	-0.194628	-52.886033
9.989864	84.996956	0.022757	8.297935	-0.194687	-52.915300
9.987626	84.995843	0.020511	8.302416	-0.194744	-52.944575
9.984139	84.994105	0.017010	8.306896	-0.194802	-52.973859
9.980574	84.992326	0.013431	8.311376	-0.194859	-53.003150
9.978101	84.991091	0.010949	8.315860	-0.194916	-53.032449
9.976720	84.990399	0.009562	8.320347	-0.194975	-53.061756
9.976428	84.990251	0.009269	8.324839	-0.195033	-53.091071
9.977226	84.990645	0.010070	8.329334	-0.195092	-53.120393
9.978270	84.991161	0.011118	8.333831	-0.195152	-53.149723
9.978715	84.991376	0.011564	8.338327	-0.195211	-53.179061
9.978562	84.991290	0.011410	8.342823	-0.195270	-53.208408
9.977810	84.990903	0.010656	8.347318	-0.195328	-53.237763
9.976461	84.990215	0.009301	8.351812	-0.195386	-53.267126
9.975357	84.989649	0.008193	8.356308	-0.195445	-53.296497
9.975341	84.989626	0.008176	8.360807	-0.195503	-53.325876
9.976413	84.990146	0.009252	8.365311	-0.195563	-53.355263
9.978573	84.991210	0.011420	8.369818	-0.195623	-53.384657
9.981822	84.992817	0.014682	8.374329	-0.195683	-53.414059
9.984988	84.994382	0.017860	8.378841	-0.195743	-53.443469
9.986896	84.995320	0.019774	8.383350	-0.195803	-53.472887
9.987543	84.995633	0.020424	8.387857	-0.195862	-53.502313
9.986931	84.995320	0.019810	8.392361	-0.195921	-53.531748
9.985060	84.994380	0.017931	8.396863	-0.195979	-53.561191
9.983104	84.993399	0.015968	8.401366	-0.196036	-53.590641
9.982239	84.992962	0.015099	8.405872	-0.196095	-53.620100
9.982464	84.993068	0.015324	8.410383	-0.196154	-53.649566
9.983778	84.993718	0.016643	8.414897	-0.196213	-53.679040
9.986182	84.994911	0.019057	8.419415	-0.196273	-53.708521
9.988504	84.996062	0.021387	8.423933	-0.196333	-53.738011
9.989568	84.996587	0.022455	8.428450	-0.196392	-53.767508
9.989376	84.996485	0.022262	8.432963	-0.196451	-53.797014
9.987926	84.995756	0.020806	8.437475	-0.196509	-53.826528
9.985220	84.994401	0.018090	8.441983	-0.196567	-53.856051
9.982432	84.993005	0.015291	8.446493	-0.196624	-53.885581
9.980733	84.992152	0.013585	8.451006	-0.196682	-53.915119
9.980122	84.991844	0.012971	8.455523	-0.196741	-53.944665
9.980597	84.992078	0.013449	8.460044	-0.196800	-53.974218
9.982161	84.992857	0.015018	8.464569	-0.196859	-54.003780
9.983641	84.993593	0.016503	8.469094	-0.196919	-54.033349
9.983866	84.993703	0.016729	8.473617	-0.196978	-54.062926
9.982837	84.993185	0.015696	8.478138	-0.197036	-54.092512
9.980554	84.992041	0.013404	8.482656	-0.197094	-54.122105
9.977019	84.990270	0.009855	8.487171	-0.197151	-54.151707
9.973406	84.988458	0.006229	8.491688	-0.197208	-54.181317
9.970886	84.987189	0.003698	8.496208	-0.197266	-54.210935
9.969456	84.986465	0.002262	8.500732	-0.197324	-54.240561
9.969115	84.986284	0.001920	8.505260	-0.197383	-54.270194
9.969863	84.986647	0.002671	8.509791	-0.197442	-54.299834
9.971007	84.987207	0.003819	8.514325	-0.197501	-54.329483
9.971854	84.987615	0.004669	8.518859	-0.197560	-54.359140
9.972404	84.987873	0.005221	8.523392	-0.197619	-54.388806
9.972658	84.987979	0.005475	8.527926	-0.197678	-54.418480
9.972614	84.987935	0.005431	8.532460	-0.197737	-54.448162
9.972965	84.988086	0.005784	8.536996	-0.197796	-54.477852
9.974405	84.988782	0.007229	8.541536	-0.197856	-54.507549
9.976933	84.990021	0.009766	8.546080	-0.197916	-54.537255
9.980551	84.991804	0.013398	8.550628	-0.197976	-54.566968
9.985261	84.994130	0.018126	8.555179	-0.198037	-54.596689
9.989886	84.996414	0.022768	8.559731	-0.198098	-54.626417
9.993244	84.998070	0.026139	8.564281	-0.198159	-54.656154
9.995333	84.999098	0.028236	8.568828	-0.198218	-54.685900
9.996152	84.999497	0.029057	8.573372	-0.198278	-54.715653
9.995699	84.999269	0.028603	8.577915	-0.198336	-54.745415
9.995158	84.998999	0.028059	8.582457	-0.198395	-54.775185
9.995707	84.999273	0.028611	8.587004	-0.198454	-54.804963
9.997349	85.000091	0.030258	8.591554	-0.198513	-54.834748
10.000083	85.001452	0.033002	8.596109	-0.198574	-54.864541
10.003910	85.003356	0.036844	8.600667	-0.198634	-54.894341
10.007654	85.005218	0.040602	8.605226	-0.198695	-54.924150
10.010130	85.006452	0.043087	8.609782	-0.198755	-54.953967
10.011338	85.007057	0.044300	8.614336	-0.198814	-54.983792
10.011278	85.007033	0.044239	8.618887	-0.198873	-55.013626
10.009948	85.006381	0.042904	8.623436	-0.198931	-55.043467
10.008531	85.005687	0.041481	8.627985	-0.198989	-55.073317
10.008206	85.005537	0.041154	8.632538	-0.199048	-55.103175
10.008972	85.005931	0.041923	8.637095	-0.199107	-55.133040
10.010830	85.006869	0.043788	8.641656	-0.199167	-55.162913
10.013781	85.008350	0.046750	8.646221	-0.199227	-55.192793
10.016644	85.009788	0.049624	8.650786	-0.199287	-55.222682
10.018236	85.010598	0.051221	8.655349	-0.199346	-55.252579
10.018556	85.010778	0.051543	8.659910	-0.199405	-55.282484
10.017604	85.010330	0.050587	8.664468	-0.199464	-55.312397
10.015381	85.009254	0.048356	8.669023	-0.199521	-55.342319
10.013074	85.008135	0.046039	8.673579	-0.199579	-55.372249
10.011864	85.007560	0.044824	8.678139	-0.199637	-55.402186
10.011752	85.007529	0.044711	8.682703	-0.199696	-55.432131
10.012737	85.008042	0.045700	8.687270	-0.199755	-55.462084
10.014819	85.009098	0.047790	8.691842	-0.199815	-55.492045
10.016817	85.010112	0.049795	8.696414	-0.199875	-55.522013
10.017546	85.010496	0.050526	8.700983	-0.199934	-55.551990
10.017005	85.010251	0.049984	8.705550	-0.199992	-55.581975
10.015196	85.009377	0.048168	8.710114	-0.200050	-55.611969
10.012120	85.007875	0.045080	8.714676	-0.200108	-55.641970
10.008961	85.006329	0.041908	8.719239	-0.200165	-55.671980
10.006898	85.005328	0.039837	8.723805	-0.200223	-55.701997
10.005930	85.004872	0.038866	8.728376	-0.200281	-55.732023
10.006057	85.004959	0.038992	8.732950	-0.200340	-55.762056
10.007278	85.005590	0.040218	8.737528	-0.200399	-55.792096
10.008414	85.006178	0.041358	8.742106	-0.200458	-55.822145
10.008285	85.006137	0.041228	8.746683	-0.200517	-55.852202
10.006892	85.005466	0.039830	8.751256	-0.200575	-55.882267
10.004235	85.004166	0.037163	8.755827	-0.200633	-55.912341
10.000318	85.002236	0.033231	8.760396	-0.200689	-55.942422
9.996322	85.000264	0.029219	8.764965	-0.200746	-55.972512
9.993425	84.998837	0.026310	8.769538	-0.200804	-56.002610
9.991625	84.997954	0.024503	8.774115	-0.200862	-56.032715
9.990920	84.997615	0.023795	8.778696	-0.200920	-56.062828
9.991310	84.997820	0.024187	8.783280	-0.200979	-56.092949
9.991910	84.998128	0.024789	8.787866	-0.201038	-56.123078
9.991835	84.998098	0.024713	8.792451	-0.201097	-56.153215
9.991085	84.997728	0.023960	8.797035	-0.201155	-56.183360
9.989660	84.997020	0.022529	8.801619	-0.201213	-56.213514
9.987561	84.995974	0.020422	8.806201	-0.201271	-56.243677
9.985672	84.995030	0.018525	8.810785	-0.201329	-56.273847
9.984876	84.994631	0.017726	8.815372	-0.201387	-56.304025
9.985173	84.994776	0.018024	8.819964	-0.201446	-56.334211
9.986562	84.995466	0.019418	8.824559	-0.201505	-56.364404
9.989044	84.996699	0.021910	8.829158	-0.201565	-56.394606
9.991441	84.997889	0.024316	8.833758	-0.201625	-56.424815
9.992572	84.998449	0.025451	8.838355	-0.201684	-56.455033
9.992436	84.998379	0.025314	8.842950	-0.201743	-56.485259
9.991034	84.997678	0.023906	8.847542	-0.201801	-56.515493
9.988366	84.996348	0.021228	8.852132	-0.201859	-56.545736
9.985615	84.994974	0.018466	8.856722	-0.201916	-56.575986
9.983957	84.994146	0.016802	8.861316	-0.201974	-56.606244
9.983393	84.993861	0.016235	8.865914	-0.202033	-56.636510
9.983921	84.994121	0.016764	8.870516	-0.202092	-56.666784
9.985541	84.994926	0.018391	8.875122	-0.202151	-56.697066
9.987076	84.995687	0.019932	8.879728	-0.202211	-56.727355
9.987348	84.995817	0.020204	8.884332	-0.202269	-56.757653
9.986357	84.995317	0.019209	8.888933	-0.202328	-56.787960
9.984102	84.994187	0.016946	8.893532	-0.202385	-56.818274
9.980588	84.992426	0.013417	8.898128	-0.202442	-56.848597
9.976990	84.990622	0.009806	8.902725	-0.202499	-56.878928
9.974485	84.989363	0.007290	8.907326	-0.202557	-56.909266
9.973070	84.988649	0.005869	8.911930	-0.202615	-56.939613
9.972743	84.988480	0.005541	8.916539	-0.202674	-56.969967
9.973505	84.988855	0.006306	8.921151	-0.202733	-57.000329
9.974577	84.989383	0.007382	8.925765	-0.202792	-57.030699
9.975181	84.989674	0.007988	8.930379	-0.202851	-57.061077
9.975315	84.989727	0.008122	8.934992	-0.202910	-57.091464
9.974980	84.989542	0.007786	8.939605	-0.202968	-57.121859
9.974177	84.989119	0.006979	8.944217	-0.203027	-57.152262
9.973684	84.988850	0.006484	8.948832	-0.203085	-57.182674
9.974280	84.989126	0.007082	8.953450	-0.203144	-57.213093
9.975966	84.989946	0.008774	8.958071	-0.203204	-57.243520
9.978742	84.991310	0.011561	8.962697	-0.203264	-57.273955
9.982610	84.993219	0.015443	8.967327	-0.203324	-57.304397
9.986392	84.995083	0.019239	8.971957	-0.203385	-57.334848
9.988906	84.996317	0.021763	8.976584	-0.203445	-57.365307
9.990151	84.996918	0.023012	8.981210	-0.203504	-57.395774
9.990126	84.996889	0.022987	8.985832	-0.203563	-57.426250
9.988832	84.996228	0.021687	8.990452	-0.203621	-57.456733
9.987447	84.995524	0.020297	8.995073	-0.203679	-57.487225
9.987152	84.995364	0.020000	8.999697	-0.203738	-57.517725
9.987944	84.995749	0.020796	9.004326	-0.203797	-57.548232
9.989825	84.996679	0.022683	9.008958	-0.203857	-57.578748
9.992795	84.998152	0.025665	9.013594	-0.203917	-57.609271
9.995676	84.999582	0.028556	9.018231	-0.203977	-57.639802
9.997285	85.000380	0.030171	9.022865	-0.204036	-57.670341
9.997621	85.000547	0.030508	9.027496	-0.204095	-57.700889
9.996684	85.000081	0.029568	9.032125	-0.204153	-57.731445
9.994476	84.998984	0.027350	9.036752	-0.204211	-57.762009
9.992180	84.997844	0.025046	9.041379	-0.204269	-57.792581
9.990979	84.997249	0.023840	9.046010	-0.204327	-57.823162
9.990873	84.997198	0.023733	9.050645	-0.204386	-57.853749
9.991860	84.997691	0.024724	9.055283	-0.204445	-57.884345
9.993941	84.998729	0.026813	9.059926	-0.204505	-57.914949
9.995936	84.999723	0.028815	9.064569	-0.204564	-57.945560
9.996661	85.000085	0.029543	9.069209	-0.204623	-57.976180
9.996117	84.999815	0.028996	9.073847	-0.204682	-58.006808
9.994304	84.998912	0.027175	9.078483	-0.204740	-58.037445
9.991223	84.997378	0.024082	9.083116	-0.204797	-58.068089
9.988056	84.995801	0.020904	9.087749	-0.204854	-58.098742
9.985983	84.994768	0.018822	9.092387	-0.204912	-58.129403
9.985002	84.994280	0.017837	9.097028	-0.204970	-58.160071
9.985111	84.994337	0.017946	9.101673	-0.205029	-58.190748
9.986312	84.994939	0.019151	9.106322	-0.205088	-58.221432
9.987425	84.995496	0.020268	9.110971	-0.205147	-58.252124
9.987273	84.995421	0.020116	9.115618	-0.205206	-58.282824
9.985857	84.994714	0.018694	9.120263	-0.205264	-58.313533
9.983177	84.993375	0.016003	9.124904	-0.205322	-58.344250
9.979236	84.991403	0.012047	9.129544	-0.205378	-58.374975
9.975215	84.989388	0.008010	9.134184	-0.205435	-58.405709
9.972289	84.987918	0.005072	9.138828	-0.205493	-58.436450
9.970456	84.986993	0.003232	9.143475	-0.205550	-58.467199
9.969716	84.986613	0.002489	9.148127	-0.205609	-58.497956
9.970066	84.986778	0.002841	9.152782	-0.205668	-58.528720
9.971000	84.987232	0.003778	9.157440	-0.205727	-58.559493
9.972009	84.987720	0.004790	9.162099	-0.205786	-58.590274
9.973092	84.988242	0.005877	9.166759	-0.205845	-58.621063
9.974250	84.988798	0.007039	9.171420	-0.205905	-58.651860
9.975483	84.989387	0.008276	9.176082	-0.205964	-58.682666
9.976588	84.989913	0.009385	9.180744	-0.206023	-58.713480
9.977362	84.990274	0.010162	9.185407	-0.206082	-58.744303
9.977806	84.990473	0.010607	9.190070	-0.206141	-58.775134
9.977919	84.990508	0.010720	9.194732	-0.206200	-58.805973
9.977701	84.990379	0.010501	9.199395	-0.206259	-58.836821
9.977863	84.990442	0.010664	9.204060	-0.206318	-58.867677
9.979118	84.991049	0.011923	9.208728	-0.206377	-58.898540
9.981464	84.992200	0.014278	9.213400	-0.206437	-58.929412
9.984903	84.993896	0.017730	9.218077	-0.206497	-58.960291
9.989438	84.996136	0.022282	9.222756	-0.206558	-58.991178
9.993884	84.998331	0.026745	9.227437	-0.206619	-59.022073
9.997055	84.999893	0.029928	9.232115	-0.206679	-59.052976
9.998947	85.000822	0.031827	9.236790	-0.206739	-59.083888
9.999561	85.001117	0.032442	9.241463	-0.206798	-59.114808
9.998894	85.000779	0.031773	9.246134	-0.206856	-59.145737
9.998134	85.000397	0.031010	9.250805	-0.206914	-59.176673
9.998465	85.000559	0.031342	9.255479	-0.206973	-59.207617
9.999888	85.001266	0.032770	9.260158	-0.207033	-59.238569
10.002403	85.002518	0.035294	9.264840	-0.207093	-59.269529
10.006011	85.004313	0.038915	9.269527	-0.207153	-59.300497
10.009529	85.006064	0.042447	9.274213	-0.207213	-59.331473
10.011771	85.007181	0.044696	9.278898	-0.207273	-59.362457
10.012734	85.007665	0.045664	9.283579	-0.207332	-59.393449
10.012420	85.007514	0.045347	9.288258	-0.207391	-59.424450
10.010827	85.006730	0.043748	9.292935	-0.207449	-59.455459
10.009143	85.005902	0.042057	9.297612	-0.207507	-59.486477
10.008552	85.005618	0.041464	9.302293	-0.207565	-59.517502
10.009054	85.005879	0.041968	9.306978	-0.207624	-59.548534
10.010650	85.006685	0.043569	9.311667	-0.207684	-59.579575
10.013339	85.008035	0.046268	9.316359	-0.207744	-59.610623
10.015936	85.009340	0.048875	9.321052	-0.207804	-59.641680
10.017254	85.010011	0.050197	9.325743	-0.207863	-59.672745
10.017292	85.010047	0.050235	9.330430	-0.207922	-59.703818
10.016049	85.009450	0.048988	9.335116	-0.207980	-59.734900
10.013528	85.008219	0.046457	9.339798	-0.208037	-59.765990
10.010918	85.006944	0.043836	9.344482	-0.208095	-59.797088
10.009405	85.006213	0.042317	9.349169	-0.208153	-59.828193
10.008988	85.006028	0.041899	9.353860	-0.208211	-59.859307
10.009668	85.006386	0.042580	9.358555	-0.208270	-59.890428
10.011444	85.007289	0.044363	9.363254	-0.208330	-59.921558
10.013129	85.008147	0.046055	9.367953	-0.208389	-59.952695
10.013539	85.008371	0.046465	9.372649	-0.208448	-59.983841
10.012671	85.007961	0.045594	9.377344	-0.208507	-60.014995
10.010528	85.006916	0.043443	9.382035	-0.208564	-60.046157
10.007111	85.005237	0.040012	9.386724	-0.208621	-60.077328
10.003609	85.003514	0.036496	9.391414	-0.208678	-60.108507
10.001208	85.002335	0.034086	9.396107	-0.208736	-60.139693
9.999906	85.001702	0.032779	9.400804	-0.208794	-60.170888
9.999702	85.001613	0.032574	9.405505	-0.208853	-60.202090
10.000596	85.002069	0.033471	9.410210	-0.208912	-60.233300
10.001401	85.002479	0.034279	9.414915	-0.208971	-60.264518
10.000931	85.002256	0.033806	9.419618	-0.209029	-60.295745
9.999186	85.001397	0.032054	9.424318	-0.209087	-60.326980
9.996167	84.999905	0.029023	9.429016	-0.209144	-60.358223
9.991877	84.997778	0.024717	9.433711	-0.209201	-60.389474
9.987504	84.995607	0.020326	9.438407	-0.209258	-60.420734
9.984229	84.993981	0.017038	9.443107	-0.209315	-60.452002
9.982050	84.992900	0.014851	9.447810	-0.209372	-60.483277
9.980965	84.992364	0.013762	9.452517	-0.209431	-60.514560
9.980974	84.992373	0.013771	9.457228	-0.209489	-60.545851
9.981515	84.992644	0.014313	9.461942	-0.209548	-60.577150
9.982025	84.992897	0.014824	9.466656	-0.209607	-60.608457
9.982504	84.993130	0.015305	9.471371	-0.209666	-60.639773
9.982953	84.993345	0.015756	9.476086	-0.209725	-60.671097
9.983372	84.993540	0.016176	9.480803	-0.209784	-60.702430
9.983866	84.993772	0.016672	9.485520	-0.209843	-60.733770
9.984544	84.994096	0.017352	9.490239	-0.209902	-60.765119
9.985405	84.994512	0.018216	9.494960	-0.209961	-60.796477
9.986449	84.995020	0.019263	9.499681	-0.210020	-60.827843
9.987675	84.995619	0.020494	9.504404	-0.210079	-60.859216
9.988565	84.996052	0.021387	9.509128	-0.210138	-60.890599
9.988596	84.996058	0.021417	9.513849	-0.210197	-60.921990
9.987768	84.995638	0.020586	9.518569	-0.210255	-60.953389
9.986083	84.994791	0.018895	9.523288	-0.210313	-60.984796
9.983542	84.993519	0.016343	9.528005	-0.210371	-61.016213
9.981121	84.992306	0.013912	9.532724	-0.210428	-61.047637
9.979795	84.991638	0.012581	9.537446	-0.210486	-61.079069
9.979563	84.991514	0.012348	9.542172	-0.210545	-61.110509
9.980424	84.991936	0.013212	9.546902	-0.210604	-61.141956
9.982380	84.992902	0.015175	9.551636	-0.210664	-61.173412
9.984247	84.993823	0.017049	9.556370	-0.210723	-61.204875
9.984841	84.994108	0.017645	9.561102	-0.210782	-61.236347
9.984163	84.993758	0.016964	9.565831	-0.210841	-61.267828
9.982213	84.992772	0.015006	9.570558	-0.210898	-61.299316
9.978992	84.991152	0.011773	9.575282	-0.210956	-61.330814
9.975686	84.989486	0.008453	9.580007	-0.211013	-61.362319
9.973473	84.988366	0.006232	9.584735	-0.211070	-61.393832
9.972353	84.987791	0.005107	9.589468	-0.211128	-61.425353
9.972325	84.987760	0.005079	9.594204	-0.211187	-61.456881
9.973389	84.988275	0.006146	9.598944	-0.211246	-61.488418
9.974648	84.988886	0.007410	9.603685	-0.211306	-61.519962
9.975206	84.989146	0.007970	9.608425	-0.211365	-61.551515
9.975064	84.989055	0.007827	9.613164	-0.211423	-61.583077
9.974222	84.988613	0.006981	9.617903	-0.211482	-61.614647
9.972680	84.987821	0.005433	9.622640	-0.211539	-61.646225
9.971333	84.987125	0.004081	9.627378	-0.211598	-61.677812
9.971077	84.986975	0.003823	9.632121	-0.211656	-61.709406
9.971911	84.987369	0.004660	9.636867	-0.211715	-61.741008
9.973834	84.988308	0.006590	9.641617	-0.211775	-61.772619
9.976849	84.989792	0.009616	9.646371	-0.211835	-61.804236
9.979774	84.991229	0.012552	9.651125	-0.211895	-61.835862
9.981425	84.992031	0.014209	9.655877	-0.211955	-61.867497
9.981802	84.992196	0.014587	9.660627	-0.212013	-61.899139
9.980905	84.991726	0.013686	9.665373	-0.212072	-61.930790
9.978734	84.990620	0.011507	9.670117	-0.212129	-61.962450
9.976472	84.989469	0.009236	9.674862	-0.212187	-61.994118
9.975300	84.988862	0.008059	9.679611	-0.212245	-62.025793
9.975216	84.988801	0.007974	9.684363	-0.212304	-62.057476
9.976219	84.989284	0.008981	9.689119	-0.212363	-62.089167
9.978311	84.990312	0.011080	9.693879	-0.212423	-62.120866
9.980311	84.991294	0.013087	9.698639	-0.212482	-62.152573
9.981036	84.991640	0.013815	9.703397	-0.212541	-62.184289
9.980486	84.991350	0.013263	9.708153	-0.212600	-62.216012
9.978663	84.990424	0.011432	9.712906	-0.212658	-62.247745
9.975567	84.988861	0.008324	9.717656	-0.212715	-62.279485
9.972382	84.987254	0.005127	9.722406	-0.212772	-62.311234
9.970289	84.986191	0.003025	9.727161	-0.212830	-62.342990
9.969285	84.985674	0.002017	9.731919	-0.212888	-62.374755
9.969369	84.985701	0.002101	9.736682	-0.212947	-62.406527
9.970542	84.986273	0.003278	9.741448	-0.213006	-62.438307
9.971899	84.986936	0.004640	9.746215	-0.213065	-62.470095
9.972534	84.987236	0.005277	9.750981	-0.213124	-62.501891
9.972447	84.987173	0.005189	9.755746	-0.213183	-62.533696
9.971638	84.986747	0.004377	9.760511	-0.213241	-62.565510
9.970109	84.985957	0.002841	9.765274	-0.213299	-62.597332
9.968764	84.985259	0.001491	9.770038	-0.213358	-62.629162
9.968510	84.985106	0.001235	9.774806	-0.213416	-62.661000
9.969345	84.985497	0.002073	9.779578	-0.213475	-62.692846
9.971270	84.986434	0.004005	9.784354	-0.213535	-62.724699
9.974286	84.987914	0.007032	9.789133	-0.213595	-62.756561
9.977210	84.989348	0.009967	9.793913	-0.213655	-62.788430
9.978857	84.990146	0.011620	9.798691	-0.213715	-62.820308
9.979226	84.990307	0.011990	9.803466	-0.213774	-62.852195
9.978317	84.989831	0.011078	9.808238	-0.213832	-62.884089
9.976131	84.988718	0.008883	9.813008	-0.213890	-62.915992
9.973853	84.987560	0.006595	9.817778	-0.213947	-62.947904
9.972663	84.986947	0.005401	9.822552	-0.214005	-62.979823
9.972562	84.986878	0.005299	9.827330	-0.214064	-63.011750
9.973549	84.987355	0.006289	9.832112	-0.214123	-63.043684
9.975624	84.988376	0.008372	9.836898	-0.214183	-63.075627
9.977607	84.989350	0.010362	9.841684	-0.214243	-63.107578
9.978316	84.989688	0.011074	9.846467	-0.214302	-63.139537
9.977752	84.989389	0.010508	9.851248	-0.214360	-63.171504
9.975916	84.988452	0.008664	9.856027	-0.214418	-63.203480
9.972808	84.986879	0.005543	9.860803	-0.214475	-63.235464
9.969612	84.985261	0.002335	9.865579	-0.214532	-63.267457
9.967508	84.984187	0.000222	9.870359	-0.214590	-63.299457
9.966494	84.983658	-0.000796	9.875143	-0.214648	-63.331465
9.966569	84.983674	-0.000721	9.879931	-0.214707	-63.363481
9.967733	84.984235	0.000447	9.884722	-0.214766	-63.395504
9.969168	84.984930	0.001887	9.889515	-0.214826	-63.427536
9.970055	84.985350	0.002777	9.894308	-0.214885	-63.459577
9.970394	84.985495	0.003118	9.899100	-0.214944	-63.491625
9.970186	84.985365	0.002908	9.903891	-0.215003	-63.523683
9.969430	84.984959	0.002148	9.908682	-0.215061	-63.555748
9.968944	84.984689	0.001660	9.913474	-0.215119	-63.587822
9.969546	84.984963	0.002265	9.918270	-0.215178	-63.619904
9.971237	84.985782	0.003962	9.923070	-0.215238	-63.651994
9.974017	84.987145	0.006752	9.927874	-0.215298	-63.684091
9.977888	84.989052	0.010638	9.932681	-0.215359	-63.716196
9.981667	84.990913	0.014431	9.937489	-0.215419	-63.748310
9.984169	84.992136	0.016942	9.942294	-0.215479	-63.780431
9.985391	84.992721	0.018168	9.947097	-0.215538	-63.812562
9.985334	84.992668	0.018111	9.951897	-0.215597	-63.844700
9.983997	84.991978	0.016768	9.956695	-0.215655	-63.876847
9.982565	84.991242	0.015330	9.961493	-0.215713	-63.909002
9.982218	84.991051	0.014982	9.966295	-0.215772	-63.941165
9.982957	84.991404	0.015723	9.971101	-0.215831	-63.973336
9.984782	84.992302	0.017555	9.975910	-0.215891	-64.005515
9.987694	84.993744	0.020477	9.980724	-0.215951	-64.037701
9.990510	84.995139	0.023304	9.985538	-0.216011	-64.069896
9.992046	84.995896	0.024845	9.990349	-0.216070	-64.102099
9.992301	84.996015	0.025100	9.995158	-0.216129	-64.134310
9.991274	84.995497	0.024070	9.999964	-0.216187	-64.166530
9.988968	84.994341	0.021754	10.004767	-0.216245	-64.198758
9.986568	84.993138	0.019345	10.009571	-0.216303	-64.230994
9.985259	84.992481	0.018031	10.014379	-0.216361	-64.263238
9.985041	84.992368	0.017811	10.019190	-0.216419	-64.295490
9.985911	84.992799	0.018684	10.024006	-0.216479	-64.327750
9.987872	84.993775	0.020652	10.028825	-0.216538	-64.360018
9.989739	84.994703	0.022526	10.033645	-0.216598	-64.392294
9.990328	84.994994	0.023117	10.038462	-0.216657	-64.424578
9.989639	84.994647	0.022425	10.043276	-0.216715	-64.456870
9.987673	84.993661	0.020451	10.048088	-0.216773	-64.489171
9.984431	84.992038	0.017196	10.052898	-0.216830	-64.521481
9.981100	84.990369	0.013852	10.057707	-0.216888	-64.553798
9.978864	84.989244	0.011606	10.062521	-0.216945	-64.586124
9.977719	84.988664	0.010457	10.067339	-0.217003	-64.618457
9.977667	84.988628	0.010404	10.072160	-0.217062	-64.650798
9.978705	84.989137	0.011446	10.076985	-0.217121	-64.683147
9.979917	84.989732	0.012662	10.081811	-0.217181	-64.715504
9.980384	84.989953	0.013130	10.086636	-0.217240	-64.747869
9.980105	84.989801	0.012850	10.091460	-0.217298	-64.780243
9.979081	84.989276	0.011822	10.096283	-0.217357	-64.812626
9.977313	84.988378	0.010046	10.101105	-0.217414	-64.845017
9.975718	84.987566	0.008445	10.105928	-0.217472	-64.877416
9.975213	84.987299	0.007938	10.110754	-0.217531	-64.909823
9.975798	84.987576	0.008525	10.115585	-0.217590	-64.942238
9.977473	84.988397	0.010206	10.120419	-0.217650	-64.974660
9.980239	84.989763	0.012982	10.125258	-0.217710	-65.007091
9.982912	84.991081	0.015664	10.130096	-0.217770	-65.039530
9.984306	84.991760	0.017063	10.134932	-0.217829	-65.071977
9.984420	84.991801	0.017178	10.139766	-0.217888	-65.104432
9.983256	84.991204	0.016009	10.144597	-0.217946	-65.136896
9.980814	84.989968	0.013557	10.149425	-0.218004	-65.169368
9.978279	84.988685	0.011011	10.154253	-0.218061	-65.201849
9.976833	84.987948	0.009560	10.159086	-0.218119	-65.234337
9.976476	84.987754	0.009201	10.163922	-0.218178	-65.266833
9.977207	84.988105	0.009934	10.168763	-0.218237	-65.299337
9.979025	84.989001	0.011759	10.173606	-0.218297	-65.331849
9.980749	84.989849	0.013489	10.178451	-0.218356	-65.364369
9.981195	84.990058	0.013936	10.183293	-0.218415	-65.396897
9.980361	84.989629	0.013099	10.188132	-0.218474	-65.429434
9.978249	84.988561	0.010979	10.192969	-0.218531	-65.461979
9.974862	84.986855	0.007578	10.197803	-0.218588	-65.494532
9.971383	84.985102	0.004086	10.202637	-0.218646	-65.527094
9.968995	84.983894	0.001688	10.207475	-0.218703	-65.559663
9.967696	84.983230	0.000383	10.212318	-0.218761	-65.592241
9.967485	84.983111	0.000171	10.217163	-0.218820	-65.624826
9.968360	84.983536	0.001049	10.222013	-0.218879	-65.657419
9.969640	84.984162	0.002333	10.226865	-0.218939	-65.690020
9.970641	84.984646	0.003338	10.231717	-0.218998	-65.722630
9.971363	84.984987	0.004062	10.236568	-0.219057	-65.755248
9.971806	84.985185	0.004506	10.241420	-0.219116	-65.787875
9.971970	84.985241	0.004670	10.246272	-0.219175	-65.820510
9.972538	84.985498	0.005240	10.251126	-0.219234	-65.853153
9.974193	84.986299	0.006901	10.255984	-0.219293	-65.885804
9.976937	84.987644	0.009655	10.260845	-0.219353	-65.918463
9.980770	84.989533	0.013503	10.265711	-0.219414	-65.951129
9.985695	84.991965	0.018446	10.270580	-0.219475	-65.983804
9.990525	84.994349	0.023294	10.275449	-0.219536	-66.016487
9.994069	84.996094	0.026851	10.280316	-0.219597	-66.049178
9.996324	84.997200	0.029114	10.285180	-0.219657	-66.081877
9.997288	84.997666	0.030082	10.290042	-0.219716	-66.114585
9.996963	84.997493	0.029755	10.294901	-0.219774	-66.147301
9.996536	84.997273	0.029326	10.299761	-0.219833	-66.180026
9.997198	84.997596	0.029990	10.304624	-0.219892	-66.212758
9.998948	84.998464	0.031746	10.309491	-0.219952	-66.245498
10.001788	84.999875	0.034597	10.314362	-0.220012	-66.278246
10.005718	85.001830	0.038542	10.319237	-0.220072	-66.311002
10.009552	85.003737	0.042390	10.324112	-0.220133	-66.343766
10.012098	85.005004	0.044945	10.328984	-0.220193	-66.376539
10.013355	85.005631	0.046206	10.333854	-0.220252	-66.409319
10.013321	85.005619	0.046172	10.338721	-0.220311	-66.442109
10.011998	85.004967	0.044843	10.343586	-0.220369	-66.474906
10.010576	85.004268	0.043415	10.348451	-0.220427	-66.507712
10.010244	85.004113	0.043081	10.353320	-0.220486	-66.540526
10.011002	85.004502	0.043842	10.358193	-0.220545	-66.573347
10.012850	85.005434	0.045697	10.363069	-0.220605	-66.606176
10.015789	85.006910	0.048647	10.367949	-0.220665	-66.639014
10.018629	85.008337	0.051497	10.372830	-0.220725	-66.671859
10.020179	85.009125	0.053052	10.377708	-0.220784	-66.704713
10.020436	85.009273	0.053310	10.382584	-0.220843	-66.737575
10.019401	85.008781	0.052271	10.387457	-0.220902	-66.770445
10.017076	85.007650	0.049936	10.392327	-0.220959	-66.803324
10.014654	85.006471	0.047505	10.397197	-0.221017	-66.836211
10.013328	85.005836	0.046173	10.402072	-0.221075	-66.869106
10.013096	85.005744	0.045940	10.406950	-0.221134	-66.902009
10.013958	85.006197	0.046804	10.411832	-0.221193	-66.934920
10.015914	85.007193	0.048768	10.416718	-0.221252	-66.967838
10.017773	85.008140	0.050634	10.421604	-0.221312	-67.000765
10.018344	85.008447	0.051206	10.426488	-0.221371	-67.033700
10.017626	85.008115	0.050485	10.431369	-0.221429	-67.066643
10.015620	85.007143	0.048471	10.436247	-0.221487	-67.099595
10.012328	85.005531	0.045166	10.441123	-0.221544	-67.132555
10.008943	85.003872	0.041768	10.445999	-0.221602	-67.165524
10.006658	85.002756	0.039473	10.450879	-0.221659	-67.198500
10.005470	85.002184	0.038280	10.455762	-0.221717	-67.231484
10.005377	85.002156	0.038187	10.460650	-0.221776	-67.264476
10.006381	85.002672	0.039194	10.465541	-0.221835	-67.297476
10.007289	85.003139	0.040104	10.470433	-0.221894	-67.330484
10.006909	85.002966	0.039723	10.475322	-0.221953	-67.363500
10.005242	85.002153	0.038049	10.480209	-0.222011	-67.396525
10.002290	85.000701	0.035085	10.485092	-0.222068	-67.429558
9.998055	84.998609	0.030834	10.489974	-0.222125	-67.462600
9.993729	84.996469	0.026491	10.494855	-0.222182	-67.495649
9.990500	84.994873	0.023249	10.499741	-0.222239	-67.528707
9.988366	84.993822	0.021107	10.504630	-0.222297	-67.561772
9.987325	84.993314	0.020061	10.509523	-0.222355	-67.594846
9.987375	84.993350	0.020111	10.514420	-0.222414	-67.627927
9.987899	84.993619	0.020636	10.519319	-0.222473	-67.661016
9.988278	84.993813	0.021016	10.524218	-0.222532	-67.694114
9.988512	84.993930	0.021250	10.529118	-0.222590	-67.727220
9.988601	84.993972	0.021339	10.534018	-0.222649	-67.760334
9.988544	84.993937	0.021282	10.538919	-0.222708	-67.793457
9.988761	84.994037	0.021499	10.543821	-0.222767	-67.826589
9.989669	84.994481	0.022410	10.548726	-0.222826	-67.859728
9.991267	84.995269	0.024014	10.553633	-0.222885	-67.892875
9.993558	84.996401	0.026313	10.558543	-0.222945	-67.926031
9.996540	84.997877	0.029307	10.563456	-0.223005	-67.959195
9.999224	84.999204	0.032000	10.568369	-0.223066	-67.992367
10.000616	84.999891	0.033397	10.573280	-0.223125	-68.025547
10.000716	84.999938	0.033497	10.578187	-0.223184	-68.058736
9.999524	84.999344	0.032300	10.583092	-0.223242	-68.091933
9.997041	84.998111	0.029807	10.587994	-0.223299	-68.125138
9.994461	84.996829	0.027216	10.592897	-0.223357	-68.158352
9.992972	84.996091	0.025721	10.597804	-0.223415	-68.191574
9.992574	84.995897	0.025321	10.602714	-0.223474	-68.224803
9.993266	84.996246	0.026016	10.607628	-0.223533	-68.258040
9.995049	84.997138	0.027805	10.612546	-0.223592	-68.291286
9.996735	84.997981	0.029497	10.617465	-0.223652	-68.324539
9.997137	84.998184	0.029900	10.622380	-0.223711	-68.357800
9.996254	84.997746	0.029013	10.627293	-0.223769	-68.391071
9.994087	84.996669	0.026837	10.632204	-0.223827	-68.424349
9.990638	84.994951	0.023375	10.637111	-0.223884	-68.457636
9.987098	84.993184	0.019820	10.642020	-0.223941	-68.490931
9.984651	84.991962	0.017364	10.646932	-0.223998	-68.524234
9.983298	84.991283	0.016005	10.651848	-0.224057	-68.557545
9.983035	84.991147	0.015741	10.656767	-0.224115	-68.590863
9.983864	84.991555	0.016572	10.661690	-0.224174	-68.624190
9.984892	84.992061	0.017604	10.666615	-0.224234	-68.657524
9.985226	84.992220	0.017939	10.671539	-0.224292	-68.690867
9.984868	84.992032	0.017579	10.676461	-0.224351	-68.724219
9.983817	84.991498	0.016523	10.681383	-0.224409	-68.757579
9.982074	84.990617	0.014773	10.686303	-0.224467	-68.790947
9.980530	84.989834	0.013223	10.691225	-0.224525	-68.824324
9.980075	84.989595	0.012766	10.696151	-0.224584	-68.857709
9.980709	84.989899	0.013402	10.701080	-0.224643	-68.891101
9.982432	84.990746	0.015131	10.706013	-0.224702	-68.924501
9.985245	84.992136	0.017954	10.710950	-0.224762	-68.957909
9.987960	84.993477	0.020679	10.715887	-0.224823	-68.991326
9.989392	84.994177	0.022116	10.720822	-0.224882	-69.024750
9.989538	84.994236	0.022262	10.725754	-0.224941	-69.058183
9.988399	84.993654	0.021118	10.730683	-0.224999	-69.091625
9.985975	84.992432	0.018685	10.735610	-0.225057	-69.125075
9.983456	84.991161	0.016155	10.740537	-0.225114	-69.158533
9.982024	84.990434	0.014717	10.745468	-0.225172	-69.191999
9.981679	84.990251	0.014371	10.750403	-0.225231	-69.225472
9.982421	84.990610	0.015115	10.755341	-0.225290	-69.258954
9.984250	84.991512	0.016950	10.760284	-0.225350	-69.292443
9.985980	84.992365	0.018686	10.765226	-0.225409	-69.325941
9.986425	84.992577	0.019133	10.770166	-0.225468	-69.359447
9.985586	84.992149	0.018290	10.775104	-0.225526	-69.392961
9.983463	84.991079	0.016158	10.780039	-0.225584	-69.426484
9.980058	84.989370	0.012740	10.784971	-0.225641	-69.460015
9.976559	84.987611	0.009227	10.789903	-0.225698	-69.493554
9.974149	84.986396	0.006807	10.794840	-0.225756	-69.527102
9.972826	84.985725	0.005479	10.799780	-0.225814	-69.560657
9.972590	84.985597	0.005241	10.804724	-0.225873	-69.594220
9.973439	84.986011	0.006093	10.809671	-0.225932	-69.627790
9.974625	84.986593	0.007283	10.814621	-0.225991	-69.661369
9.975399	84.986966	0.008059	10.819570	-0.226050	-69.694956
9.975760	84.987129	0.008422	10.824518	-0.226109	-69.728552
9.975709	84.987084	0.008370	10.829467	-0.226168	-69.762156
9.975246	84.986830	0.007904	10.834415	-0.226227	-69.795769
9.975119	84.986743	0.007777	10.839365	-0.226285	-69.829390
9.976079	84.987200	0.008740	10.844318	-0.226345	-69.863019
9.978126	84.988198	0.010794	10.849276	-0.226404	-69.896655
9.981260	84.989740	0.013940	10.854237	-0.226465	-69.930300
9.985484	84.991823	0.018179	10.859202	-0.226525	-69.963952
9.989608	84.993857	0.022319	10.864167	-0.226586	-69.997613
9.992443	84.995250	0.025164	10.869130	-0.226646	-70.031281
9.993986	84.996001	0.026712	10.874090	-0.226706	-70.064959
9.994236	84.996111	0.026963	10.879047	-0.226765	-70.098644
9.993194	84.995579	0.025916	10.884002	-0.226823	-70.132338
9.992048	84.994999	0.024766	10.888957	-0.226881	-70.166040
9.991989	84.994962	0.024706	10.893916	-0.226940	-70.199750
9.993016	84.995467	0.025736	10.898878	-0.226999	-70.233468
9.995129	84.996515	0.027857	10.903845	-0.227059	-70.267194
9.998329	84.998105	0.031069	10.908815	-0.227119	-70.300928
10.001430	84.999645	0.034180	10.913785	-0.227179	-70.334669
10.003241	85.000543	0.035998	10.918753	-0.227239	-70.368419
10.003762	85.000800	0.036520	10.923719	-0.227298	-70.402178
10.002992	85.000416	0.035747	10.928681	-0.227357	-70.435945
10.000933	84.999390	0.033680	10.933641	-0.227414	-70.469720
9.998775	84.998315	0.031513	10.938601	-0.227472	-70.503503
9.997705	84.997783	0.030438	10.943565	-0.227530	-70.537295
9.997722	84.997794	0.030455	10.948533	-0.227589	-70.571094
9.998826	84.998347	0.031563	10.953505	-0.227648	-70.604901
10.001018	84.999442	0.033763	10.958480	-0.227708	-70.638716
10.003109	85.000487	0.035861	10.963456	-0.227768	-70.672539
10.003910	85.000891	0.036664	10.968429	-0.227827	-70.706370
10.003419	85.000653	0.036172	10.973400	-0.227886	-70.740210
10.001639	84.999774	0.034384	10.978368	-0.227944	-70.774058
9.998571	84.998253	0.031303	10.983333	-0.228001	-70.807914
9.995405	84.996684	0.028125	10.988298	-0.228058	-70.841779
9.993330	84.995657	0.026041	10.993268	-0.228116	-70.875652
9.992344	84.995172	0.025051	10.998241	-0.228174	-70.909532
9.992446	84.995230	0.025153	11.003217	-0.228233	-70.943420
9.993636	84.995831	0.026347	11.008198	-0.228292	-70.977316
9.994727	84.996381	0.027442	11.013179	-0.228352	-71.011220
9.994534	84.996290	0.027247	11.018157	-0.228410	-71.045133
9.993056	84.995557	0.025763	11.023133	-0.228468	-71.079054
9.990294	84.994183	0.022991	11.028106	-0.228526	-71.112983
9.986252	84.992168	0.018932	11.033076	-0.228583	-71.146921
9.982119	84.990103	0.014783	11.038047	-0.228640	-71.180867
9.979079	84.988582	0.011731	11.043022	-0.228697	-71.214821
9.977132	84.987602	0.009776	11.048000	-0.228755	-71.248782
9.976275	84.987166	0.008915	11.052982	-0.228813	-71.282752
9.976507	84.987271	0.009147	11.057968	-0.228872	-71.316729
9.977373	84.987691	0.010016	11.062956	-0.228931	-71.350715
9.978418	84.988198	0.011064	11.067946	-0.228990	-71.384708
9.979641	84.988792	0.012292	11.072937	-0.229050	-71.418710
9.981044	84.989473	0.013699	11.077929	-0.229109	-71.452721
9.982625	84.990240	0.015286	11.082922	-0.229169	-71.486739
9.983881	84.990845	0.016546	11.087916	-0.229228	-71.520766
9.984307	84.991038	0.016974	11.092908	-0.229287	-71.554802
9.983904	84.990820	0.016569	11.097898	-0.229346	-71.588846
9.982672	84.990190	0.015331	11.102887	-0.229404	-71.622898
9.980611	84.989149	0.013262	11.107875	-0.229462	-71.656959
9.978681	84.988174	0.011324	11.112864	-0.229520	-71.691028
9.977838	84.987741	0.010477	11.117856	-0.229578	-71.725105
9.978081	84.987849	0.010720	11.122852	-0.229637	-71.759190
9.979410	84.988500	0.012054	11.127852	-0.229696	-71.793283
9.981825	84.989693	0.014478	11.132856	-0.229756	-71.827383
9.984142	84.990835	0.016803	11.137860	-0.229816	-71.861492
9.985171	84.991336	0.017835	11.142862	-0.229875	-71.895609
9.984912	84.991194	0.017575	11.147861	-0.229934	-71.929734
9.983367	84.990411	0.016023	11.152857	-0.229992	-71.963868
9.980536	84.988986	0.013181	11.157850	-0.230050	-71.998010
9.977607	84.987512	0.010241	11.162844	-0.230107	-72.032160
9.975766	84.986580	0.008392	11.167842	-0.230165	-72.066318
9.975011	84.986191	0.007633	11.172843	-0.230223	-72.100484
9.975341	84.986343	0.007964	11.177848	-0.230282	-72.134658
9.976756	84.987037	0.009384	11.182857	-0.230342	-72.168840
9.978224	84.987756	0.010858	11.187867	-0.230401	-72.203030
9.978714	84.987985	0.011348	11.192875	-0.230460	-72.237228
9.978224	84.987723	0.010856	11.197881	-0.230519	-72.271435
9.976755	84.986972	0.009381	11.202885	-0.230577	-72.305650
9.974309	84.985730	0.006925	11.207888	-0.230635	-72.339873
9.971917	84.984514	0.004523	11.212891	-0.230692	-72.374105
9.970609	84.983840	0.003210	11.217898	-0.230750	-72.408345
9.970383	84.983708	0.002982	11.222909	-0.230809	-72.442592
9.971239	84.984118	0.003841	11.227923	-0.230868	-72.476847
9.973177	84.985070	0.005786	11.232941	-0.230928	-72.511110
9.975016	84.985971	0.007631	11.237960	-0.230988	-72.545381
9.975571	84.986230	0.008188	11.242976	-0.231047	-72.579661
9.974843	84.985847	0.007457	11.247989	-0.231105	-72.613949
9.972833	84.984823	0.005439	11.253000	-0.231163	-72.648245
9.969543	84.983157	0.002135	11.258008	-0.231220	-72.682550
9.966157	84.981441	-0.001264	11.263016	-0.231278	-72.716863
9.963856	84.980267	-0.003575	11.268029	-0.231335	-72.751184
9.962639	84.979635	-0.004797	11.273044	-0.231394	-72.785512
9.962504	84.979545	-0.004933	11.278064	-0.231452	-72.819848
9.963452	84.979997	-0.003982	11.283087	-0.231512	-72.854193
9.964902	84.980699	-0.002527	11.288113	-0.231571	-72.888545
9.966278	84.981360	-0.001146	11.293139	-0.231631	-72.922906
9.967578	84.981981	0.000158	11.298166	-0.231690	-72.957275
9.968802	84.982562	0.001386	11.303193	-0.231749	-72.991652
9.969951	84.983102	0.002539	11.308221	-0.231809	-73.026038
9.971176	84.983680	0.003768	11.313250	-0.231868	-73.060432
9.972628	84.984373	0.005226	11.318280	-0.231928	-73.094835
9.974309	84.985181	0.006913	11.323312	-0.231987	-73.129245
9.976218	84.986105	0.008828	11.328345	-0.232047	-73.163664
9.978356	84.987144	0.010973	11.333379	-0.232107	-73.198092
9.979961	84.987920	0.012584	11.338413	-0.232167	-73.232527
9.980273	84.988053	0.012897	11.343445	-0.232226	-73.266972
9.979292	84.987545	0.011912	11.348473	-0.232284	-73.301424
9.977020	84.986394	0.009630	11.353499	-0.232342	-73.335885
9.973458	84.984602	0.006054	11.358522	-0.232399	-73.370354
9.969797	84.982761	0.002379	11.363546	-0.232456	-73.404832
9.967225	84.981461	-0.000204	11.368573	-0.232514	-73.439317
9.965740	84.980702	-0.001696	11.373604	-0.232572	-73.473810
9.965340	84.980485	-0.002098	11.378639	-0.232630	-73.508311
9.966025	84.980809	-0.001411	11.383677	-0.232689	-73.542819
9.967313	84.981432	-0.000117	11.388718	-0.232749	-73.577336
9.968725	84.982115	0.001299	11.393760	-0.232808	-73.611861
9.970260	84.982857	0.002840	11.398803	-0.232868	-73.646395
9.971919	84.983657	0.004504	11.403848	-0.232928	-73.680936
9.973700	84.984517	0.006291	11.408893	-0.232987	-73.715486
9.975252	84.985261	0.007849	11.413939	-0.233047	-73.750045
9.976222	84.985716	0.008822	11.418983	-0.233106	-73.784612
9.976610	84.985883	0.009211	11.424027	-0.233165	-73.819187
9.976417	84.985761	0.009016	11.429071	-0.233224	-73.853771
9.975641	84.985350	0.008237	11.434113	-0.233283	-73.888363
9.975116	84.985065	0.007709	11.439157	-0.233341	-73.922963
9.975673	84.985322	0.008268	11.444205	-0.233400	-73.957572
9.977311	84.986119	0.009912	11.449256	-0.233460	-73.992188
9.980033	84.987456	0.012643	11.454311	-0.233520	-74.026812
9.983838	84.989335	0.016463	11.459370	-0.233581	-74.061443
9.987541	84.991161	0.020179	11.464429	-0.233642	-74.096083
9.989953	84.992345	0.022600	11.469486	-0.233702	-74.130731
9.991073	84.992887	0.023723	11.474540	-0.233761	-74.165388
9.990899	84.992786	0.023549	11.479591	-0.233820	-74.200053
9.989433	84.992043	0.022076	11.484639	-0.233878	-74.234726
9.987862	84.991250	0.020499	11.489688	-0.233936	-74.269407
9.987373	84.990997	0.020007	11.494741	-0.233995	-74.304097
9.987964	84.991285	0.020600	11.499797	-0.234054	-74.338794
9.989637	84.992113	0.022279	11.504857	-0.234113	-74.373499
9.992392	84.993482	0.025044	11.509921	-0.234174	-74.408211
9.995044	84.994799	0.027705	11.514985	-0.234234	-74.442932
9.996407	84.995474	0.029073	11.520046	-0.234293	-74.477661
9.996480	84.995506	0.029146	11.525105	-0.234352	-74.512399
9.995264	84.994895	0.027925	11.530161	-0.234410	-74.547145
9.992760	84.993642	0.025411	11.535215	-0.234468	-74.581899
9.990156	84.992339	0.022795	11.540268	-0.234526	-74.616661
9.988635	84.991577	0.021268	11.545326	-0.234584	-74.651431
9.988197	84.991355	0.020828	11.550387	-0.234643	-74.686210
9.988841	84.991673	0.021474	11.555452	-0.234702	-74.720995
9.990567	84.992531	0.023206	11.560520	-0.234761	-74.755789
9.992190	84.993339	0.024835	11.565590	-0.234821	-74.790591
9.992525	84.993503	0.025170	11.570656	-0.234880	-74.825401
9.991570	84.993026	0.024211	11.575720	-0.234938	-74.860219
9.989328	84.991905	0.021960	11.580780	-0.234996	-74.895046
9.985801	84.990143	0.018418	11.585839	-0.235053	-74.929881
9.982175	84.988330	0.014778	11.590897	-0.235111	-74.964725
9.979633	84.987058	0.012226	11.595960	-0.235168	-74.999576
9.978174	84.986326	0.010761	11.601026	-0.235226	-75.034435
9.977798	84.986135	0.010382	11.606095	-0.235285	-75.069301
9.978502	84.986484	0.011088	11.611169	-0.235344	-75.104176
9.979588	84.987023	0.012178	11.616244	-0.235404	-75.139059
9.980358	84.987400	0.012951	11.621319	-0.235463	-75.173950
9.980812	84.987617	0.013406	11.626395	-0.235522	-75.208849
9.980949	84.987672	0.013543	11.631470	-0.235581	-75.243757
9.980770	84.987567	0.013363	11.636545	-0.235640	-75.278673
9.980974	84.987651	0.013566	11.641621	-0.235699	-75.313598
9.982259	84.988275	0.014856	11.646702	-0.235758	-75.348530
9.984625	84.989439	0.017231	11.651786	-0.235818	-75.383470
9.988075	84.991143	0.020693	11.656874	-0.235879	-75.418418
9.992610	84.993385	0.025245	11.661965	-0.235940	-75.453374
9.997041	84.995576	0.029693	11.667057	-0.236001	-75.488338
10.000178	84.997124	0.032841	11.672147	-0.236061	-75.523310
10.002018	84.998029	0.034687	11.677233	-0.236121	-75.558290
10.002560	84.998291	0.035230	11.682317	-0.236180	-75.593279
10.001804	84.997911	0.034471	11.687398	-0.236239	-75.628276
10.000940	84.997479	0.033603	11.692479	-0.236297	-75.663281
10.001157	84.997587	0.033820	11.697565	-0.236356	-75.698295
10.002455	84.998234	0.035123	11.702653	-0.236416	-75.733315
10.004835	84.999421	0.037511	11.707746	-0.236476	-75.768344
10.008297	85.001148	0.040986	11.712842	-0.236536	-75.803381
10.011654	85.002822	0.044355	11.717939	-0.236597	-75.838425
10.013717	85.003853	0.046426	11.723033	-0.236657	-75.873478
10.014484	85.004241	0.047195	11.728124	-0.236716	-75.908540
10.013956	85.003986	0.046664	11.733213	-0.236774	-75.943609
10.012132	85.003089	0.044832	11.738299	-0.236832	-75.978687
10.010202	85.002140	0.042895	11.743385	-0.236890	-76.013773
10.009357	85.001731	0.042045	11.748475	-0.236949	-76.048867
10.009593	85.001861	0.042282	11.753568	-0.237008	-76.083969
10.010912	85.002531	0.043605	11.758665	-0.237067	-76.119079
10.013313	85.003739	0.046015	11.763766	-0.237127	-76.154196
10.015608	85.004896	0.048318	11.768868	-0.237187	-76.189321
10.016608	85.005409	0.049321	11.773967	-0.237247	-76.224455
10.016310	85.005280	0.049022	11.779062	-0.237305	-76.259597
10.014717	85.004508	0.047422	11.784156	-0.237363	-76.294748
10.011830	85.003093	0.044523	11.789246	-0.237421	-76.329906
10.008840	85.001627	0.041521	11.794337	-0.237478	-76.365073
10.006936	85.000700	0.039609	11.799431	-0.237536	-76.400248
10.006117	85.000313	0.038787	11.804530	-0.237595	-76.435431
10.006383	85.000465	0.039053	11.809632	-0.237654	-76.470621
10.007732	85.001156	0.040406	11.814737	-0.237713	-76.505819
10.008978	85.001795	0.041656	11.819843	-0.237773	-76.541025
10.008932	85.001791	0.041610	11.824947	-0.237832	-76.576240
10.007596	85.001144	0.040268	11.830047	-0.237890	-76.611462
10.004970	84.999855	0.037631	11.835145	-0.237947	-76.646694
10.001057	84.997923	0.033703	11.840240	-0.238004	-76.681933
9.997047	84.995939	0.029677	11.845336	-0.238061	-76.717181
9.994127	84.994496	0.026746	11.850435	-0.238119	-76.752436
9.992295	84.993591	0.024906	11.855538	-0.238177	-76.787699
9.991550	84.993226	0.024157	11.860644	-0.238235	-76.822970
9.991889	84.993400	0.024497	11.865755	-0.238294	-76.858249
9.992604	84.993759	0.025214	11.870867	-0.238354	-76.893536
9.992985	84.993949	0.025596	11.875979	-0.238413	-76.928831
9.993032	84.993972	0.025642	11.881090	-0.238472	-76.964135
9.992745	84.993826	0.025353	11.886202	-0.238530	-76.999447
9.992124	84.993513	0.024729	11.891314	-0.238589	-77.034768
9.991819	84.993354	0.024422	11.896427	-0.238648	-77.070095
9.992420	84.993645	0.025026	11.901543	-0.238707	-77.105428
9.993814	84.994326	0.026424	11.906661	-0.238766	-77.140764
9.995884	84.995337	0.028502	11.911781	-0.238826	-77.176101
9.998517	84.996621	0.031144	11.916903	-0.238886	-77.211438
10.001121	84.997881	0.033757	11.922025	-0.238946	-77.246772
10.003221	84.998882	0.035865	11.927145	-0.239006	-77.282103
10.004942	84.999683	0.037591	11.932263	-0.239066	-77.317428
10.006405	85.000343	0.039060	11.937380	-0.239126	-77.352745
10.007735	85.000920	0.040394	11.942496	-0.239185	-77.388053
10.008994	85.001446	0.041657	11.947610	-0.239245	-77.423350
10.010180	85.001918	0.042847	11.952723	-0.239304	-77.458637
10.011294	85.002338	0.043964	11.957836	-0.239363	-77.493914
10.012336	85.002705	0.045010	11.962947	-0.239423	-77.529180
10.013306	85.003019	0.045983	11.968057	-0.239482	-77.564435
10.014204	85.003281	0.046884	11.973165	-0.239541	-77.599680
10.015031	85.003491	0.047713	11.978273	-0.239601	-77.634915
10.015785	85.003647	0.048469	11.983379	-0.239660	-77.670139
10.016467	85.003752	0.049153	11.988484	-0.239719	-77.705353
10.017077	85.003803	0.049765	11.993588	-0.239778	-77.740556
10.017615	85.003803	0.050304	11.998691	-0.239837	-77.775749
10.018081	85.003750	0.050772	12.003793	-0.239897	-77.810931
10.018475	85.003644	0.051167	12.008894	-0.239956	-77.846103
10.018798	85.003486	0.051489	12.013993	-0.240015	-77.881265
10.019048	85.003276	0.051740	12.019091	-0.240074	-77.916416
10.019227	85.003014	0.051919	12.024188	-0.240133	-77.951557
10.019333	85.002699	0.052025	12.029284	-0.240192	-77.986687
10.019368	85.002332	0.052060	12.034379	-0.240250	-78.021807
10.019332	85.001913	0.052023	12.039473	-0.240309	-78.056916
10.019224	85.001441	0.051913	12.044565	-0.240368	-78.092015
10.019044	85.000918	0.051732	12.049657	-0.240427	-78.127103
10.018793	85.000342	0.051480	12.054747	-0.240486	-78.162181
10.018471	84.999715	0.051155	12.059836	-0.240544	-78.197249
10.018078	84.999035	0.050760	12.064924	-0.240603	-78.232306
10.017613	84.998303	0.050293	12.070010	-0.240662	-78.267352
10.017077	84.997520	0.049754	12.075096	-0.240720	-78.302389
10.016471	84.996684	0.049144	12.080180	-0.240779	-78.337414
10.015793	84.995797	0.048464	12.085264	-0.240838	-78.372430
10.015045	84.994858	0.047712	12.090346	-0.240896	-78.407435
10.014227	84.993867	0.046890	12.095427	-0.240955	-78.442429
10.013338	84.992824	0.045996	12.100507	-0.241013	-78.477413
10.012378	84.991730	0.045033	12.105585	-0.241071	-78.512387
10.011349	84.990584	0.043999	12.110663	-0.241130	-78.547350
10.010250	84.989387	0.042894	12.115739	-0.241188	-78.582303
10.009080	84.988138	0.041720	12.120815	-0.241247	-78.617245
10.007842	84.986837	0.040476	12.125889	-0.241305	-78.652177
10.006533	84.985485	0.039161	12.130962	-0.241363	-78.687098
10.005156	84.984082	0.037778	12.136033	-0.241421	-78.722009
10.003709	84.982627	0.036325	12.141104	-0.241480	-78.756910
10.002193	84.981121	0.034802	12.146174	-0.241538	-78.791800
10.000609	84.979564	0.033211	12.151242	-0.241596	-78.826679
9.998956	84.977955	0.031551	12.156309	-0.241654	-78.861549
9.997234	84.976296	0.029822	12.161376	-0.241712	-78.896407
9.995445	84.974585	0.028024	12.166441	-0.241770	-78.931256
9.993587	84.972824	0.026159	12.171504	-0.241828	-78.966094
9.991662	84.971011	0.024225	12.176567	-0.241886	-79.000921
9.989669	84.969147	0.022224	12.181629	-0.241944	-79.035738
9.987609	84.967233	0.020155	12.186689	-0.242002	-79.070545
9.985482	84.965268	0.018019	12.191749	-0.242060	-79.105341
9.983288	84.963252	0.015815	12.196807	-0.242118	-79.140127
9.981028	84.961185	0.013545	12.201864	-0.242176	-79.174902
9.978701	84.959068	0.011208	12.206920	-0.242233	-79.209667
9.976308	84.956900	0.008805	12.211975	-0.242291	-79.244422
9.973849	84.954682	0.006336	12.217028	-0.242349	-79.279166
9.971325	84.952413	0.003800	12.222081	-0.242406	-79.313899
9.968735	84.950094	0.001200	12.227133	-0.242464	-79.348623
9.966080	84.947724	-0.001466	12.232183	-0.242522	-79.383335
9.963361	84.945304	-0.004198	12.237232	-0.242579	-79.418038
9.960577	84.942834	-0.006994	12.242280	-0.242637	-79.452730
9.957728	84.940314	-0.009854	12.247327	-0.242694	-79.487411
9.954816	84.937744	-0.012779	12.252373	-0.242752	-79.522082
9.951840	84.935124	-0.015767	12.257418	-0.242809	-79.556743
9.948801	84.932454	-0.018820	12.262462	-0.242867	-79.591393
9.945698	84.929734	-0.021935	12.267504	-0.242924	-79.626033
9.942533	84.926964	-0.025114	12.272546	-0.242982	-79.660662
9.939306	84.924145	-0.028355	12.277586	-0.243039	-79.695281
9.936016	84.921276	-0.031659	12.282625	-0.243096	-79.729889
9.932665	84.918357	-0.035025	12.287663	-0.243154	-79.764488
9.929252	84.915389	-0.038453	12.292700	-0.243211	-79.799075
9.925777	84.912371	-0.041942	12.297736	-0.243268	-79.833652
9.922242	84.909304	-0.045492	12.302771	-0.243325	-79.868219
9.918647	84.906188	-0.049103	12.307805	-0.243383	-79.902776
9.914991	84.903022	-0.052775	12.312837	-0.243440	-79.937322
9.911275	84.899808	-0.056506	12.317869	-0.243497	-79.971857
9.907500	84.896544	-0.060298	12.322899	-0.243554	-80.006382
9.903665	84.893231	-0.064149	12.327928	-0.243611	-80.040897
9.899772	84.889869	-0.068059	12.332957	-0.243668	-80.075401
9.895820	84.886459	-0.072028	12.337984	-0.243725	-80.109895
9.891810	84.882999	-0.076055	12.343010	-0.243782	-80.144378
9.887743	84.879491	-0.080140	12.348035	-0.243839	-80.178851
9.883617	84.875935	-0.084283	12.353059	-0.243896	-80.213314
9.879435	84.872329	-0.088484	12.358081	-0.243953	-80.247766
9.875196	84.868676	-0.092741	12.363103	-0.244010	-80.282208
9.870901	84.864974	-0.097055	12.368124	-0.244066	-80.316639
9.866550	84.861223	-0.101425	12.373143	-0.244123	-80.351060
9.862143	84.857425	-0.105851	12.378162	-0.244180	-80.385471
9.857681	84.853578	-0.110332	12.383179	-0.244237	-80.419871
9.853164	84.849683	-0.114869	12.388195	-0.244294	-80.454260
9.848593	84.845741	-0.119460	12.393211	-0.244350	-80.488640
9.843968	84.841750	-0.124106	12.398225	-0.244407	-80.523009
9.839289	84.837712	-0.128805	12.403238	-0.244464	-80.557367
9.834557	84.833625	-0.133558	12.408250	-0.244520	-80.591715
9.829772	84.829492	-0.138364	12.413261	-0.244577	-80.626052
9.824934	84.825310	-0.143223	12.418271	-0.244633	-80.660380
9.820044	84.821082	-0.148135	12.423279	-0.244690	-80.694696
9.815103	84.816805	-0.153098	12.428287	-0.244746	-80.729003
9.810110	84.812482	-0.158113	12.433294	-0.244803	-80.763299
9.805067	84.808111	-0.163178	12.438299	-0.244859	-80.797584
9.799973	84.803694	-0.168295	12.443304	-0.244916	-80.831859
9.794829	84.799229	-0.173462	12.448307	-0.244972	-80.866124
9.789635	84.794717	-0.178679	12.453310	-0.245029	-80.900378
9.784392	84.790159	-0.183945	12.458311	-0.245085	-80.934622
9.779100	84.785554	-0.189261	12.463312	-0.245141	-80.968855
9.773760	84.780902	-0.194625	12.468311	-0.245198	-81.003079
9.768371	84.776203	-0.200038	12.473309	-0.245254	-81.037291
9.762936	84.771458	-0.205498	12.478306	-0.245310	-81.071493
9.757453	84.766667	-0.211006	12.483303	-0.245366	-81.105685
9.751923	84.761829	-0.216561	12.488298	-0.245423	-81.139867
9.746347	84.756946	-0.222162	12.493292	-0.245479	-81.174037
9.740725	84.752016	-0.227809	12.498285	-0.245535	-81.208198
9.735057	84.747040	-0.233503	12.503277	-0.245591	-81.242348
9.729345	84.742018	-0.239241	12.508268	-0.245647	-81.276488
9.723587	84.736951	-0.245025	12.513258	-0.245703	-81.310617
9.717786	84.731837	-0.250852	12.518247	-0.245759	-81.344736
9.711941	84.726678	-0.256724	12.523234	-0.245815	-81.378845
9.706053	84.721474	-0.262640	12.528221	-0.245871	-81.412943
9.700121	84.716224	-0.268598	12.533207	-0.245927	-81.447031
9.694147	84.710929	-0.274600	12.538192	-0.245983	-81.481108
9.688132	84.705589	-0.280643	12.543176	-0.246039	-81.515175
9.682074	84.700204	-0.286729	12.548159	-0.246095	-81.549231
9.675976	84.694773	-0.292855	12.553140	-0.246151	-81.583277
9.669836	84.689298	-0.299023	12.558121	-0.246207	-81.617313
9.663657	84.683778	-0.305232	12.563101	-0.246263	-81.651338
9.657437	84.678213	-0.311480	12.568079	-0.246319	-81.685353
9.651179	84.672603	-0.317768	12.573057	-0.246375	-81.719358
9.644881	84.666949	-0.324095	12.578034	-0.246430	-81.753352
9.638544	84.661251	-0.330462	12.583010	-0.246486	-81.787335
9.632170	84.655508	-0.336866	12.587984	-0.246542	-81.821308
9.625758	84.649722	-0.343308	12.592958	-0.246598	-81.855271
9.619309	84.643891	-0.349788	12.597931	-0.246654	-81.889224
9.612823	84.638016	-0.356305	12.602902	-0.246709	-81.923166
9.606300	84.632097	-0.362858	12.607873	-0.246765	-81.957097
9.599742	84.626135	-0.369448	12.612843	-0.246821	-81.991019
9.593148	84.620129	-0.376073	12.617811	-0.246876	-82.024929
9.586520	84.614079	-0.382733	12.622779	-0.246932	-82.058830
9.579856	84.607986	-0.389429	12.627746	-0.246988	-82.092720
9.573159	84.601850	-0.396158	12.632712	-0.247043	-82.126600
9.566428	84.595670	-0.402922	12.637676	-0.247099	-82.160469
9.559663	84.589447	-0.409719	12.642640	-0.247154	-82.194328
9.552866	84.583181	-0.416549	12.647603	-0.247210	-82.228176
9.546036	84.576873	-0.423412	12.652565	-0.247265	-82.262014
9.539175	84.570521	-0.430307	12.657526	-0.247321	-82.295842
9.532282	84.564127	-0.437234	12.662486	-0.247376	-82.329659
9.525358	84.557691	-0.444192	12.667445	-0.247432	-82.363466
9.518403	84.551212	-0.451180	12.672403	-0.247487	-82.397262
9.511418	84.544690	-0.458200	12.677360	-0.247543	-82.431048
9.504404	84.538127	-0.465249	12.682316	-0.247598	-82.464824
9.497360	84.531521	-0.472328	12.687271	-0.247654	-82.498589
9.490287	84.524873	-0.479436	12.692225	-0.247709	-82.532344
9.483186	84.518184	-0.486572	12.697178	-0.247764	-82.566088
9.476056	84.511452	-0.493737	12.702130	-0.247820	-82.599822
9.468899	84.504679	-0.500930	12.707082	-0.247875	-82.633546
9.461715	84.497865	-0.508150	12.712032	-0.247931	-82.667259
9.454505	84.491009	-0.515397	12.716981	-0.247986	-82.700962
9.447268	84.484112	-0.522670	12.721930	-0.248041	-82.734654
9.440005	84.477174	-0.529970	12.726877	-0.248096	-82.768336
9.432716	84.470194	-0.537295	12.731824	-0.248152	-82.802008
9.425403	84.463174	-0.544646	12.736770	-0.248207	-82.835669
9.418065	84.456113	-0.552021	12.741714	-0.248262	-82.869320
9.410703	84.449011	-0.559421	12.746658	-0.248318	-82.902961
9.403317	84.441868	-0.566844	12.751601	-0.248373	-82.936591
9.395908	84.434686	-0.574291	12.756543	-0.248428	-82.970210
9.388476	84.427462	-0.581762	12.761484	-0.248483	-83.003820
9.381022	84.420199	-0.589255	12.766424	-0.248538	-83.037419
9.373545	84.412895	-0.596770	12.771363	-0.248594	-83.071007
9.366047	84.405552	-0.604307	12.776301	-0.248649	-83.104585
9.358528	84.398168	-0.611866	12.781239	-0.248704	-83.138153
9.350988	84.390745	-0.619445	12.786175	-0.248759	-83.171710
9.343427	84.383282	-0.627045	12.791110	-0.248814	-83.205257
9.335847	84.375780	-0.634666	12.796045	-0.248869	-83.238794
9.328246	84.368239	-0.642306	12.800979	-0.248924	-83.272320
9.320627	84.360658	-0.649966	12.805912	-0.248980	-83.305836
9.312989	84.353038	-0.657644	12.810843	-0.249035	-83.339341
9.305333	84.345379	-0.665341	12.815774	-0.249090	-83.372836
9.297659	84.337681	-0.673057	12.820705	-0.249145	-83.406321
9.289967	84.329944	-0.680790	12.825634	-0.249200	-83.439795
9.282258	84.322169	-0.688540	12.830562	-0.249255	-83.473259
9.274532	84.314356	-0.696307	12.835489	-0.249310	-83.506712
9.266790	84.306504	-0.704091	12.840416	-0.249365	-83.540155
9.259032	84.298613	-0.711891	12.845342	-0.249420	-83.573588
9.251258	84.290685	-0.719707	12.850266	-0.249475	-83.607010
9.243470	84.282718	-0.727538	12.855190	-0.249530	-83.640422
9.235666	84.274714	-0.735384	12.860113	-0.249585	-83.673823
9.227848	84.266672	-0.743245	12.865036	-0.249640	-83.707214
9.220016	84.258592	-0.751120	12.869957	-0.249695	-83.740595
9.212171	84.250475	-0.759009	12.874877	-0.249750	-83.773966
9.204312	84.242321	-0.766911	12.879797	-0.249805	-83.807325
9.196440	84.234129	-0.774827	12.884715	-0.249860	-83.840675
9.188556	84.225901	-0.782755	12.889633	-0.249915	-83.874014
9.180660	84.217635	-0.790695	12.894550	-0.249970	-83.907343
9.172752	84.209332	-0.798647	12.899466	-0.250025	-83.940661
9.164833	84.200993	-0.806611	12.904382	-0.250080	-83.973969
9.156903	84.192617	-0.814586	12.909296	-0.250135	-84.007267
9.148962	84.184205	-0.822572	12.914210	-0.250190	-84.040554
9.141011	84.175756	-0.830568	12.919122	-0.250245	-84.073831
9.133050	84.167272	-0.838574	12.924034	-0.250300	-84.107097
9.125080	84.158751	-0.846590	12.928945	-0.250355	-84.140354
9.117100	84.150194	-0.854616	12.933856	-0.250410	-84.173599
9.109111	84.141602	-0.862650	12.938765	-0.250465	-84.206835
9.101115	84.132974	-0.870693	12.943673	-0.250520	-84.240060
9.093110	84.124310	-0.878744	12.948581	-0.250574	-84.273274
9.085097	84.115611	-0.886804	12.953488	-0.250629	-84.306478
9.077077	84.106877	-0.894871	12.958394	-0.250684	-84.339672
9.069050	84.098107	-0.902945	12.963299	-0.250739	-84.372855
9.061016	84.089303	-0.911026	12.968204	-0.250794	-84.406028
9.052976	84.080464	-0.919113	12.973108	-0.250849	-84.439191
9.044930	84.071590	-0.927207	12.978010	-0.250904	-84.472343
9.036878	84.062681	-0.935306	12.982912	-0.250959	-84.505485
9.028821	84.053738	-0.943411	12.987814	-0.251014	-84.538617
9.020758	84.044761	-0.951522	12.992714	-0.251069	-84.571738
9.012691	84.035750	-0.959637	12.997614	-0.251124	-84.604849
9.004620	84.026704	-0.967757	13.002512	-0.251179	-84.637949
8.996545	84.017625	-0.975880	13.007410	-0.251233	-84.671039
8.988466	84.008512	-0.984008	13.012308	-0.251288	-84.704118
8.980384	83.999365	-0.992140	13.017204	-0.251343	-84.737188
8.972299	83.990185	-1.000274	13.022100	-0.251398	-84.770246
8.964211	83.980971	-1.008412	13.026994	-0.251453	-84.803295
8.956120	83.971725	-1.016552	13.031889	-0.251508	-84.836333
8.948028	83.962445	-1.024694	13.036782	-0.251563	-84.869361
8.939933	83.953132	-1.032838	13.041674	-0.251618	-84.902378
8.931837	83.943787	-1.040984	13.046566	-0.251673	-84.935385
8.923740	83.934408	-1.049131	13.051457	-0.251728	-84.968381
8.915643	83.924998	-1.057280	13.056347	-0.251783	-85.001368
8.907544	83.915555	-1.065429	13.061237	-0.251838	-85.034343
8.899446	83.906079	-1.073578	13.066125	-0.251893	-85.067309
8.891347	83.896572	-1.081728	13.071013	-0.251948	-85.100264
8.883249	83.887032	-1.089878	13.075900	-0.252003	-85.133209
8.875151	83.877461	-1.098027	13.080787	-0.252058	-85.166143
8.867054	83.867858	-1.106175	13.085672	-0.252113	-85.199067
8.858958	83.858224	-1.114322	13.090557	-0.252168	-85.231980
8.850864	83.848558	-1.122468	13.095442	-0.252223	-85.264883
8.842772	83.838861	-1.130613	13.100325	-0.252277	-85.297776
8.834682	83.829132	-1.138755	13.105208	-0.252332	-85.330659
8.826594	83.819373	-1.146896	13.110090	-0.252387	-85.363531
8.818508	83.809583	-1.155034	13.114971	-0.252442	-85.396392
8.810426	83.799762	-1.163169	13.119851	-0.252498	-85.429244
8.802347	83.789911	-1.171301	13.124731	-0.252553	-85.462085
8.794271	83.780029	-1.179430	13.129610	-0.252608	-85.494915
8.786198	83.770117	-1.187556	13.134488	-0.252663	-85.527735
8.778130	83.760175	-1.195677	13.139366	-0.252718	-85.560545
8.770066	83.750203	-1.203795	13.144243	-0.252773	-85.593344
8.762006	83.740201	-1.211908	13.149119	-0.252828	-85.626133
8.753951	83.730169	-1.220017	13.153994	-0.252883	-85.658912
8.745901	83.720108	-1.228121	13.158869	-0.252938	-85.691680
8.737857	83.710017	-1.236220	13.163743	-0.252993	-85.724438
8.729818	83.699897	-1.244314	13.168616	-0.253048	-85.757186
8.721784	83.689748	-1.252402	13.173489	-0.253103	-85.789923
8.713757	83.679570	-1.260484	13.178361	-0.253158	-85.822650
8.705735	83.669363	-1.268560	13.183232	-0.253214	-85.855366
8.697720	83.659128	-1.276630	13.188103	-0.253269	-85.888072
8.689712	83.648864	-1.284693	13.192972	-0.253324	-85.920768
8.681711	83.638571	-1.292750	13.197842	-0.253379	-85.953453
8.673717	83.628250	-1.300799	13.202710	-0.253434	-85.986128
8.665730	83.617901	-1.308841	13.207578	-0.253489	-86.018793
8.657751	83.607524	-1.316876	13.212445	-0.253545	-86.051447
8.649780	83.597120	-1.324903	13.217311	-0.253600	-86.084091
8.641817	83.586687	-1.332922	13.222177	-0.253655	-86.116724
8.633862	83.576227	-1.340933	13.227042	-0.253710	-86.149347
8.625916	83.565740	-1.348936	13.231907	-0.253766	-86.181960
8.617979	83.555225	-1.356930	13.236770	-0.253821	-86.214562
8.610050	83.544683	-1.364915	13.241633	-0.253876	-86.247154
8.602131	83.534115	-1.372891	13.246496	-0.253931	-86.279736
8.594221	83.523519	-1.380858	13.251358	-0.253987	-86.312307
8.586320	83.512897	-1.388816	13.256219	-0.254042	-86.344868
8.578430	83.502248	-1.396764	13.261079	-0.254097	-86.377419
8.570549	83.491573	-1.404702	13.265939	-0.254153	-86.409959
8.562679	83.480872	-1.412629	13.270798	-0.254208	-86.442488
8.554819	83.470144	-1.420547	13.275657	-0.254264	-86.475008
8.546969	83.459391	-1.428454	13.280515	-0.254319	-86.507517
8.539131	83.448612	-1.436351	13.285372	-0.254374	-86.540016
8.531303	83.437807	-1.444236	13.290229	-0.254430	-86.572504
8.523487	83.426976	-1.452111	13.295085	-0.254485	-86.604982
8.515682	83.416121	-1.459974	13.299940	-0.254541	-86.637449
8.507888	83.405240	-1.467826	13.304795	-0.254596	-86.669906
8.500106	83.394334	-1.475666	13.309649	-0.254652	-86.702353
8.492337	83.383403	-1.483495	13.314503	-0.254707	-86.734790
8.484579	83.372447	-1.491311	13.319356	-0.254763	-86.767216
8.476833	83.361467	-1.499116	13.324208	-0.254819	-86.799631
8.469101	83.350462	-1.506908	13.329060	-0.254874	-86.832037
8.461380	83.339433	-1.514687	13.333911	-0.254930	-86.864432
8.453673	83.328380	-1.522454	13.338762	-0.254985	-86.896816
8.445978	83.317303	-1.530208	13.343611	-0.255041	-86.929191
8.438297	83.306201	-1.537949	13.348461	-0.255097	-86.961554
8.430629	83.295076	-1.545677	13.353309	-0.255153	-86.993908
8.422974	83.283928	-1.553391	13.358158	-0.255208	-87.026251
8.415333	83.272756	-1.561092	13.363005	-0.255264	-87.058584
8.407706	83.261561	-1.568779	13.367852	-0.255320	-87.090906
8.400093	83.250342	-1.576452	13.372699	-0.255376	-87.123218
8.392494	83.239101	-1.584112	13.377544	-0.255431	-87.155520
8.384910	83.227837	-1.591757	13.382390	-0.255487	-87.187811
8.377339	83.216550	-1.599387	13.387234	-0.255543	-87.220092
8.369784	83.205240	-1.607004	13.392078	-0.255599	-87.252363
8.362243	83.193908	-1.614606	13.396922	-0.255655	-87.284623
8.354716	83.182554	-1.622193	13.401765	-0.255711	-87.316873
8.347205	83.171178	-1.629765	13.406607	-0.255767	-87.349112
8.339709	83.159779	-1.637322	13.411449	-0.255823	-87.381341
8.332229	83.148359	-1.644863	13.416290	-0.255879	-87.413560
8.324764	83.136918	-1.652390	13.421131	-0.255935	-87.445769
8.317314	83.125454	-1.659901	13.425971	-0.255991	-87.477967
8.309880	83.113970	-1.667396	13.430811	-0.256047	-87.510154
8.302462	83.102464	-1.674876	13.435650	-0.256103	-87.542332
8.295060	83.090937	-1.682340	13.440489	-0.256159	-87.574498
8.287674	83.079389	-1.689788	13.445327	-0.256215	-87.606655
8.280304	83.067820	-1.697219	13.450164	-0.256272	-87.638801
8.272951	83.056231	-1.704635	13.455001	-0.256328	-87.670937
8.265614	83.044621	-1.712034	13.459838	-0.256384	-87.703063
8.258294	83.032991	-1.719416	13.464674	-0.256440	-87.735178
8.250990	83.021341	-1.726782	13.469509	-0.256497	-87.767282
8.243704	83.009670	-1.734131	13.474344	-0.256553	-87.799377
8.236434	82.997980	-1.741463	13.479178	-0.256609	-87.831461
8.229181	82.986270	-1.748778	13.484012	-0.256666	-87.863534
8.221946	82.974540	-1.756077	13.488845	-0.256722	-87.895598
8.214728	82.962791	-1.763357	13.493678	-0.256779	-87.927651
8.207527	82.951023	-1.770621	13.498511	-0.256835	-87.959693
8.200344	82.939235	-1.777867	13.503342	-0.256892	-87.991725
8.193178	82.927429	-1.785096	13.508174	-0.256948	-88.023747
8.186030	82.915603	-1.792307	13.513004	-0.257005	-88.055759
8.178900	82.903759	-1.799500	13.517835	-0.257061	-88.087760
8.171788	82.891897	-1.806675	13.522665	-0.257118	-88.119751
8.164695	82.880016	-1.813833	13.527494	-0.257175	-88.151731
8.157619	82.868116	-1.820972	13.532323	-0.257232	-88.183701
8.150561	82.856199	-1.828093	13.537151	-0.257288	-88.215661
8.143522	82.844263	-1.835196	13.541979	-0.257345	-88.247610
8.136501	82.832310	-1.842280	13.546807	-0.257402	-88.279549
8.129499	82.820339	-1.849346	13.551634	-0.257459	-88.311478
8.122515	82.808351	-1.856394	13.556460	-0.257516	-88.343396
8.115550	82.796345	-1.863423	13.561286	-0.257572	-88.375304
8.108604	82.784322	-1.870433	13.566112	-0.257629	-88.407201
8.101677	82.772282	-1.877424	13.570937	-0.257686	-88.439088
8.094769	82.760225	-1.884397	13.575762	-0.257743	-88.470965
8.087880	82.748151	-1.891350	13.580586	-0.257800	-88.502832
8.081010	82.736061	-1.898284	13.585410	-0.257858	-88.534688
8.074159	82.723954	-1.905200	13.590233	-0.257915	-88.566533
8.067327	82.711830	-1.912096	13.595056	-0.257972	-88.598369
8.060515	82.699691	-1.918972	13.599878	-0.258029	-88.630194
8.053722	82.687535	-1.925830	13.604700	-0.258086	-88.662008
8.046949	82.675364	-1.932668	13.609522	-0.258143	-88.693813
8.040196	82.663177	-1.939486	13.614343	-0.258201	-88.725607
8.033462	82.650974	-1.946285	13.619163	-0.258258	-88.757390
8.026747	82.638755	-1.953064	13.623984	-0.258316	-88.789163
8.020053	82.626522	-1.959823	13.628804	-0.258373	-88.820926
8.013379	82.614273	-1.966563	13.633623	-0.258430	-88.852679
8.006724	82.602009	-1.973282	13.638442	-0.258488	-88.884421
8.000090	82.589731	-1.979982	13.643261	-0.258545	-88.916152
7.993475	82.577437	-1.986661	13.648079	-0.258603	-88.947874
7.986881	82.565129	-1.993321	13.652896	-0.258661	-88.979585
7.980307	82.552807	-1.999960	13.657714	-0.258718	-89.011285
7.973753	82.540470	-2.006579	13.662531	-0.258776	-89.042976
7.967220	82.528119	-2.013178	13.667347	-0.258834	-89.074656
7.960706	82.515755	-2.019757	13.672163	-0.258891	-89.106325
7.954214	82.503376	-2.026315	13.676979	-0.258949	-89.137985
7.947742	82.490983	-2.032853	13.681795	-0.259007	-89.169633
7.941290	82.478578	-2.039370	13.686609	-0.259065	-89.201272
7.934859	82.466158	-2.045866	13.691424	-0.259123	-89.232900
7.928449	82.453726	-2.052343	13.696238	-0.259181	-89.264518
7.922059	82.441280	-2.058798	13.701052	-0.259239	-89.296125
7.915690	82.428821	-2.065233	13.705866	-0.259297	-89.327722
7.909342	82.416350	-2.071647	13.710679	-0.259355	-89.359309
7.903015	82.403865	-2.078040	13.715491	-0.259413	-89.390885
7.896709	82.391369	-2.084412	13.720304	-0.259471	-89.422451
7.890423	82.378859	-2.090763	13.725116	-0.259530	-89.454007
7.884159	82.366338	-2.097094	13.729927	-0.259588	-89.485552
7.877915	82.353805	-2.103403	13.734738	-0.259646	-89.517087
7.871693	82.341259	-2.109691	13.739549	-0.259705	-89.548612
7.865492	82.328702	-2.115959	13.744360	-0.259763	-89.580126
7.859312	82.316133	-2.122205	13.749170	-0.259822	-89.611630
7.853153	82.303552	-2.128430	13.753980	-0.259880	-89.643123
7.847016	82.290961	-2.134634	13.758789	-0.259939	-89.674607
7.840899	82.278358	-2.140816	13.763598	-0.259997	-89.706079
7.834804	82.265743	-2.146978	13.768407	-0.260056	-89.737542
7.828730	82.253118	-2.153118	13.773216	-0.260115	-89.768994
7.822678	82.240482	-2.159236	13.778024	-0.260173	-89.800436
7.816647	82.227836	-2.165334	13.782832	-0.260232	-89.831867
7.810638	82.215179	-2.171410	13.787639	-0.260291	-89.863288
7.804650	82.202511	-2.177464	13.792446	-0.260350	-89.894698
7.798683	82.189833	-2.183497	13.797253	-0.260409	-89.926099
7.792738	82.177146	-2.189509	13.802059	-0.260468	-89.957489
7.786815	82.164448	-2.195499	13.806866	-0.260527	-89.988868
7.780913	82.151740	-2.201467	13.811672	-0.260586	-90.020237
7.775032	82.139023	-2.207414	13.816477	-0.260645	-90.051596
7.769174	82.126296	-2.213339	13.821282	-0.260704	-90.082945
7.763337	82.113560	-2.219243	13.826087	-0.260763	-90.114283
7.757521	82.100815	-2.225125	13.830892	-0.260823	-90.145611
7.751728	82.088061	-2.230985	13.835696	-0.260882	-90.176928
7.745956	82.075297	-2.236823	13.840500	-0.260941	-90.208235
7.740206	82.062525	-2.242640	13.845304	-0.261001	-90.239532
7.734477	82.049744	-2.248435	13.850107	-0.261060	-90.270818
7.728771	82.036955	-2.254209	13.854911	-0.261120	-90.302094
7.723086	82.024157	-2.259960	13.859713	-0.261179	-90.333360
7.717423	82.011351	-2.265690	13.864516	-0.261239	-90.364615
7.711781	81.998537	-2.271398	13.869318	-0.261299	-90.395860
7.706162	81.985715	-2.277084	13.874120	-0.261358	-90.427094
7.700565	81.972885	-2.282748	13.878922	-0.261418	-90.458319
7.694989	81.960047	-2.288390	13.883724	-0.261478	-90.489533
7.689435	81.947202	-2.294011	13.888525	-0.261538	-90.520736
7.683903	81.934350	-2.299610	13.893326	-0.261598	-90.551929
7.678393	81.921490	-2.305186	13.898127	-0.261658	-90.583112
7.672905	81.908623	-2.310741	13.902927	-0.261718	-90.614284
7.667439	81.895749	-2.316274	13.907727	-0.261778	-90.645446
7.661995	81.882869	-2.321785	13.912527	-0.261838	-90.676598
7.656573	81.869981	-2.327274	13.917327	-0.261898	-90.707739
7.651173	81.857087	-2.332741	13.922126	-0.261959	-90.738870
7.645795	81.844187	-2.338186	13.926925	-0.262019	-90.769991
7.640438	81.831280	-2.343609	13.931724	-0.262079	-90.801101
7.635104	81.818367	-2.349010	13.936523	-0.262140	-90.832201
7.629792	81.805448	-2.354389	13.941321	-0.262200	-90.863291
7.624501	81.792524	-2.359746	13.946120	-0.262261	-90.894370
7.619233	81.779593	-2.365081	13.950918	-0.262321	-90.925439
7.613987	81.766657	-2.370394	13.955715	-0.262382	-90.956497
7.608762	81.753716	-2.375685	13.960513	-0.262443	-90.987545
7.603560	81.740769	-2.380954	13.965310	-0.262504	-91.018583
7.598379	81.727817	-2.386201	13.970107	-0.262564	-91.049611
7.593221	81.714860	-2.391426	13.974904	-0.262625	-91.080628
7.588085	81.701898	-2.396629	13.979701	-0.262686	-91.111634
7.582970	81.688931	-2.401810	13.984497	-0.262747	-91.142631
7.577878	81.675959	-2.406969	13.989293	-0.262808	-91.173617
7.572808	81.662983	-2.412106	13.994089	-0.262869	-91.204592
7.567759	81.650003	-2.417221	13.998885	-0.262931	-91.235558
7.562733	81.637019	-2.422313	14.003681	-0.262992	-91.266513
7.557729	81.624030	-2.427384	14.008476	-0.263053	-91.297457
7.552746	81.611037	-2.432433	14.013271	-0.263115	-91.328391
7.547786	81.598041	-2.437460	14.018066	-0.263176	-91.359315
7.542847	81.585041	-2.442465	14.022861	-0.263237	-91.390229
7.537931	81.572037	-2.447448	14.027656	-0.263299	-91.421132
7.533036	81.559030	-2.452409	14.032450	-0.263361	-91.452025
7.528164	81.546019	-2.457347	14.037245	-0.263422	-91.482907
7.523313	81.533006	-2.462264	14.042039	-0.263484	-91.513779
7.518485	81.519989	-2.467159	14.046832	-0.263546	-91.544641
7.513678	81.506970	-2.472032	14.051626	-0.263608	-91.575492
7.508893	81.493948	-2.476883	14.056420	-0.263670	-91.606333
7.504130	81.480923	-2.481712	14.061213	-0.263732	-91.637164
7.499389	81.467895	-2.486519	14.066006	-0.263794	-91.667984
7.494670	81.454866	-2.491305	14.070799	-0.263856	-91.698794
7.489973	81.441834	-2.496068	14.075592	-0.263918	-91.729594
7.485298	81.428799	-2.500809	14.080385	-0.263980	-91.760383
7.480644	81.415763	-2.505529	14.085178	-0.264042	-91.791162
7.476013	81.402726	-2.510226	14.089970	-0.264105	-91.821930
7.471403	81.389686	-2.514902	14.094762	-0.264167	-91.852688
7.466815	81.376645	-2.519556	14.099554	-0.264230	-91.883436
7.462249	81.363602	-2.524187	14.104346	-0.264292	-91.914173
7.457705	81.350558	-2.528798	14.109138	-0.264355	-91.944901
7.453182	81.337513	-2.533386	14.113930	-0.264417	-91.975617
7.448682	81.324467	-2.537952	14.118721	-0.264480	-92.006324
7.444203	81.311420	-2.542497	14.123513	-0.264543	-92.037020
7.439745	81.298372	-2.547020	14.128304	-0.264606	-92.067705
7.435310	81.285323	-2.551521	14.133095	-0.264669	-92.098381
7.430896	81.272274	-2.556000	14.137886	-0.264732	-92.129045
7.426504	81.259225	-2.560458	14.142677	-0.264795	-92.159700
7.422134	81.246175	-2.564893	14.147468	-0.264858	-92.190344
7.417785	81.233125	-2.569308	14.152258	-0.264921	-92.220978
7.413458	81.220075	-2.573700	14.157049	-0.264984	-92.251602
7.409152	81.207025	-2.578071	14.161839	-0.265048	-92.282215
7.404868	81.193976	-2.582420	14.166630	-0.265111	-92.312818
7.400606	81.180926	-2.586747	14.171420	-0.265175	-92.343410
7.396365	81.167878	-2.591053	14.176210	-0.265238	-92.373992
7.392146	81.154829	-2.595337	14.181000	-0.265302	-92.404564
7.387948	81.141782	-2.599600	14.185790	-0.265365	-92.435125
7.383772	81.128735	-2.603841	14.190579	-0.265429	-92.465676
7.379618	81.115690	-2.608060	14.195369	-0.265493	-92.496217
7.375484	81.102645	-2.612258	14.200159	-0.265557	-92.526747
7.371373	81.089602	-2.616435	14.204948	-0.265621	-92.557267
7.367282	81.076560	-2.620590	14.209738	-0.265685	-92.587777
7.363213	81.063520	-2.624723	14.214527	-0.265749	-92.618276
7.359166	81.050481	-2.628835	14.219316	-0.265813	-92.648765
7.355140	81.037444	-2.632926	14.224105	-0.265877	-92.679243
7.351135	81.024408	-2.636995	14.228894	-0.265942	-92.709711
7.347151	81.011375	-2.641043	14.233683	-0.266006	-92.740169
7.343189	80.998344	-2.645069	14.238472	-0.266070	-92.770617
7.339248	80.985315	-2.649074	14.243261	-0.266135	-92.801054
7.335329	80.972289	-2.653058	14.248050	-0.266199	-92.831480
7.331430	80.959265	-2.657020	14.252838	-0.266264	-92.861897
7.327553	80.946243	-2.660962	14.257627	-0.266329	-92.892303
7.323697	80.933224	-2.664882	14.262415	-0.266394	-92.922698
7.319862	80.920208	-2.668780	14.267204	-0.266458	-92.953084
7.316048	80.907195	-2.672658	14.271992	-0.266523	-92.983459
7.312255	80.894185	-2.676514	14.276781	-0.266588	-93.013823
7.308483	80.881179	-2.680349	14.281569	-0.266653	-93.044177
7.304733	80.868175	-2.684163	14.286357	-0.266719	-93.074521
7.301003	80.855175	-2.687956	14.291146	-0.266784	-93.104855
7.297295	80.842179	-2.691728	14.295934	-0.266849	-93.135178
7.293607	80.829186	-2.695479	14.300722	-0.266914	-93.165491
7.289940	80.816197	-2.699209	14.305510	-0.266980	-93.195793
7.286295	80.803212	-2.702918	14.310298	-0.267045	-93.226085
7.282670	80.790231	-2.706605	14.315086	-0.267111	-93.256367
7.279066	80.777255	-2.710272	14.319874	-0.267177	-93.286638
7.275482	80.764282	-2.713918	14.324662	-0.267242	-93.316899
7.271920	80.751314	-2.717543	14.329450	-0.267308	-93.347150
7.268379	80.738350	-2.721147	14.334238	-0.267374	-93.377390
7.264858	80.725391	-2.724731	14.339026	-0.267440	-93.407620
7.261358	80.712437	-2.728293	14.343813	-0.267506	-93.437840
7.257878	80.699488	-2.731835	14.348601	-0.267572	-93.468049
7.254419	80.686543	-2.735356	14.353389	-0.267638	-93.498248
7.250981	80.673604	-2.738856	14.358177	-0.267705	-93.528436
7.247564	80.660669	-2.742335	14.362965	-0.267771	-93.558614
7.244167	80.647741	-2.745794	14.367752	-0.267837	-93.588782
7.240791	80.634817	-2.749232	14.372540	-0.267904	-93.618940
7.237435	80.621899	-2.752650	14.377328	-0.267970	-93.649087
7.234099	80.608987	-2.756047	14.382116	-0.268037	-93.679223
7.230785	80.596081	-2.759423	14.386903	-0.268104	-93.709350
7.227490	80.583180	-2.762779	14.391691	-0.268170	-93.739466
7.224216	80.570285	-2.766114	14.396479	-0.268237	-93.769571
7.220963	80.557397	-2.769429	14.401267	-0.268304	-93.799667
7.217729	80.544515	-2.772723	14.406054	-0.268371	-93.829751
7.214516	80.531639	-2.775997	14.410842	-0.268438	-93.859826
7.211324	80.518769	-2.779251	14.415630	-0.268506	-93.889890
7.208151	80.505907	-2.782484	14.420418	-0.268573	-93.919944
7.204999	80.493050	-2.785697	14.425206	-0.268640	-93.949988
7.201867	80.480201	-2.788889	14.429993	-0.268708	-93.980021
7.198755	80.467359	-2.792061	14.434781	-0.268775	-94.010043
7.195663	80.454523	-2.795213	14.439569	-0.268843	-94.040056
7.192592	80.441695	-2.798345	14.444357	-0.268910	-94.070058
7.189540	80.428873	-2.801457	14.449145	-0.268978	-94.100050
7.186509	80.416060	-2.804548	14.453933	-0.269046	-94.130031
7.183497	80.403253	-2.807619	14.458721	-0.269114	-94.160002
7.180506	80.390454	-2.810671	14.463509	-0.269182	-94.189962
7.177534	80.377663	-2.813702	14.468297	-0.269250	-94.219913
7.174583	80.364880	-2.816713	14.473085	-0.269318	-94.249853
7.171651	80.352104	-2.819704	14.477873	-0.269386	-94.279782
7.168739	80.339337	-2.822675	14.482661	-0.269454	-94.309701
7.165847	80.326577	-2.825626	14.487450	-0.269523	-94.339610
7.162975	80.313826	-2.828558	14.492238	-0.269591	-94.369509
7.160122	80.301083	-2.831469	14.497026	-0.269660	-94.399397
7.157289	80.288348	-2.834360	14.501814	-0.269728	-94.429274
7.154476	80.275622	-2.837232	14.506603	-0.269797	-94.459142
7.151683	80.262905	-2.840084	14.511391	-0.269866	-94.488999
7.148909	80.250196	-2.842916	14.516180	-0.269934	-94.518846
7.146155	80.237497	-2.845729	14.520968	-0.270003	-94.548682
7.143420	80.224806	-2.848522	14.525757	-0.270072	-94.578508
7.140705	80.212124	-2.851295	14.530546	-0.270141	-94.608323
7.138009	80.199451	-2.854048	14.535335	-0.270211	-94.638129
7.135333	80.186788	-2.856782	14.540123	-0.270280	-94.667923
7.132677	80.174133	-2.859496	14.544912	-0.270349	-94.697708
7.130039	80.161489	-2.862191	14.549701	-0.270419	-94.727482
7.127421	80.148854	-2.864866	14.554490	-0.270488	-94.757246
7.124823	80.136228	-2.867522	14.559280	-0.270558	-94.786999
7.122243	80.123613	-2.870158	14.564069	-0.270627	-94.816742
7.119683	80.111007	-2.872775	14.568858	-0.270697	-94.846475
7.117142	80.098411	-2.875373	14.573648	-0.270767	-94.876197
7.114621	80.085825	-2.877951	14.578437	-0.270837	-94.905909
7.112118	80.073249	-2.880510	14.583227	-0.270907	-94.935611
7.109635	80.060684	-2.883050	14.588016	-0.270977	-94.965302
7.107171	80.048129	-2.885570	14.592806	-0.271047	-94.994983
7.104726	80.035584	-2.888071	14.597596	-0.271117	-95.024654
7.102300	80.023050	-2.890553	14.602386	-0.271188	-95.054314
7.099892	80.010527	-2.893016	14.607176	-0.271258	-95.083964
7.097504	79.998014	-2.895460	14.611966	-0.271328	-95.113603
7.095135	79.985513	-2.897885	14.616756	-0.271399	-95.143232
7.092785	79.973022	-2.900290	14.621546	-0.271470	-95.172851
7.090453	79.960542	-2.902677	14.626337	-0.271540	-95.202460
7.088141	79.948074	-2.905045	14.631127	-0.271611	-95.232058
7.085847	79.935616	-2.907393	14.635918	-0.271682	-95.261645
7.083572	79.923170	-2.909723	14.640709	-0.271753	-95.291223
7.081316	79.910736	-2.912034	14.645500	-0.271824	-95.320790
7.079078	79.898313	-2.914326	14.650291	-0.271895	-95.350346
7.076859	79.885901	-2.916599	14.655082	-0.271967	-95.379892
7.074659	79.873502	-2.918853	14.659873	-0.272038	-95.409428
7.072477	79.861114	-2.921089	14.664664	-0.272109	-95.438954
7.070314	79.848738	-2.923306	14.669456	-0.272181	-95.468469
7.068170	79.836374	-2.925504	14.674247	-0.272253	-95.497974
7.066043	79.824022	-2.927684	14.679039	-0.272324	-95.527468
7.063936	79.811683	-2.929845	14.683831	-0.272396	-95.556952
7.061847	79.799355	-2.931987	14.688623	-0.272468	-95.586426
7.059776	79.787040	-2.934111	14.693415	-0.272540	-95.615889
7.057724	79.774738	-2.936216	14.698207	-0.272612	-95.645342
7.055689	79.762448	-2.938303	14.703000	-0.272684	-95.674785
7.053674	79.750171	-2.940371	14.707792	-0.272756	-95.704217
7.051676	79.737906	-2.942421	14.712585	-0.272828	-95.733639
7.049697	79.725654	-2.944452	14.717377	-0.272901	-95.763051
7.047736	79.713416	-2.946465	14.722170	-0.272973	-95.792452
7.045793	79.701190	-2.948460	14.726963	-0.273046	-95.821843
7.043868	79.688977	-2.950437	14.731757	-0.273118	-95.851223
7.041961	79.676778	-2.952395	14.736550	-0.273191	-95.880593
7.040073	79.664591	-2.954335	14.741343	-0.273264	-95.909953
7.038202	79.652418	-2.956257	14.746137	-0.273337	-95.939302
7.036350	79.640259	-2.958160	14.750931	-0.273410	-95.968641
7.034515	79.628113	-2.960046	14.755725	-0.273483	-95.997970
7.032698	79.615981	-2.961913	14.760519	-0.273556	-96.027288
7.030900	79.603863	-2.963762	14.765313	-0.273629	-96.056596
7.029119	79.591758	-2.965594	14.770108	-0.273703	-96.085894
7.027356	79.579667	-2.967407	14.774902	-0.273776	-96.115181
7.025610	79.567590	-2.969202	14.779697	-0.273849	-96.144458
7.023883	79.555528	-2.970979	14.784492	-0.273923	-96.173725
7.022173	79.543479	-2.972739	14.789287	-0.273997	-96.202981
7.020481	79.531445	-2.974480	14.794082	-0.274071	-96.232226
7.018807	79.519425	-2.976204	14.798878	-0.274144	-96.261462
7.017150	79.507419	-2.977910	14.803674	-0.274218	-96.290687
7.015511	79.495428	-2.979598	14.808469	-0.274292	-96.319902
7.013889	79.483451	-2.981268	14.813265	-0.274366	-96.349106
7.012285	79.471489	-2.982921	14.818061	-0.274441	-96.378300
7.010698	79.459542	-2.984556	14.822858	-0.274515	-96.407484
7.009129	79.447610	-2.986173	14.827654	-0.274589	-96.436657
7.007578	79.435692	-2.987773	14.832451	-0.274664	-96.465820
7.006043	79.423790	-2.989355	14.837248	-0.274738	-96.494972
7.004526	79.411902	-2.990920	14.842045	-0.274813	-96.524114
7.003027	79.400030	-2.992467	14.846842	-0.274888	-96.553246
7.001544	79.388173	-2.993997	14.851640	-0.274963	-96.582368
7.000079	79.376331	-2.995509	14.856437	-0.275038	-96.611479
6.998632	79.364505	-2.997003	14.861235	-0.275113	-96.640580
6.997201	79.352694	-2.998481	14.866033	-0.275188	-96.669670
6.995788	79.340898	-2.999941	14.870831	-0.275263	-96.698750
6.994391	79.329119	-3.001383	14.875630	-0.275338	-96.727820
6.993012	79.317354	-3.002809	14.880428	-0.275414	-96.756879
6.991650	79.305606	-3.004217	14.885227	-0.275489	-96.785928
6.990305	79.293874	-3.005607	14.890026	-0.275565	-96.814966
6.988977	79.282157	-3.006981	14.894825	-0.275640	-96.843994
6.987666	79.270457	-3.008338	14.899625	-0.275716	-96.873012
6.986372	79.258772	-3.009677	14.904424	-0.275792	-96.902020
6.985095	79.247104	-3.010999	14.909224	-0.275868	-96.931017
6.983834	79.235452	-3.012304	14.914024	-0.275944	-96.960004
6.982591	79.223816	-3.013592	14.918824	-0.276020	-96.988980
6.981364	79.212197	-3.014863	14.923625	-0.276096	-97.017946
6.980154	79.200594	-3.016118	14.928425	-0.276172	-97.046902
6.978961	79.189008	-3.017355	14.933226	-0.276249	-97.075847
6.977785	79.177438	-3.018575	14.938027	-0.276325	-97.104782
6.976625	79.165885	-3.019778	14.942829	-0.276402	-97.133707
6.975482	79.154349	-3.020965	14.947630	-0.276478	-97.162621
6.974356	79.142829	-3.022135	14.952432	-0.276555	-97.191525
6.973246	79.131327	-3.023288	14.957234	-0.276632	-97.220418
6.972152	79.119841	-3.024424	14.962036	-0.276709	-97.249301
6.971076	79.108373	-3.025543	14.966839	-0.276786	-97.278174
6.970015	79.096921	-3.026646	14.971641	-0.276863	-97.307037
6.968971	79.085487	-3.027732	14.976444	-0.276940	-97.335889
6.967944	79.074070	-3.028801	14.981247	-0.277017	-97.364730
6.966933	79.062671	-3.029854	14.986051	-0.277095	-97.393562
6.965938	79.051288	-3.030890	14.990854	-0.277172	-97.422383
6.964960	79.039924	-3.031910	14.995658	-0.277250	-97.451193
6.963998	79.028576	-3.032913	15.000462	-0.277327	-97.479994
6.963052	79.017247	-3.033900	15.005267	-0.277405	-97.508783
6.962123	79.005935	-3.034870	15.010071	-0.277483	-97.537563
6.961210	78.994641	-3.035824	15.014876	-0.277561	-97.566332
6.960313	78.983364	-3.036762	15.019681	-0.277639	-97.595091
6.959432	78.972106	-3.037683	15.024486	-0.277717	-97.623839
6.958567	78.960865	-3.038588	15.029292	-0.277795	-97.652578
6.957718	78.949642	-3.039476	15.034097	-0.277873	-97.681305
6.956886	78.938438	-3.040348	15.038903	-0.277952	-97.710023
6.956069	78.927252	-3.041204	15.043710	-0.278030	-97.738730
6.955268	78.916084	-3.042044	15.048516	-0.278109	-97.767426
6.954484	78.904934	-3.042868	15.053323	-0.278188	-97.796113
6.953715	78.893802	-3.043675	15.058130	-0.278266	-97.824789
6.952962	78.882689	-3.044466	15.062937	-0.278345	-97.853454
6.952225	78.871594	-3.045242	15.067745	-0.278424	-97.882109
6.951504	78.860518	-3.046001	15.072552	-0.278503	-97.910754
6.950799	78.849461	-3.046744	15.077361	-0.278582	-97.939389
6.950109	78.838422	-3.047471	15.082169	-0.278661	-97.968013
6.949435	78.827402	-3.048182	15.086977	-0.278741	-97.996626
6.948777	78.816400	-3.048877	15.091786	-0.278820	-98.025230
6.948135	78.805418	-3.049557	15.096595	-0.278900	-98.053823
6.947508	78.794454	-3.050220	15.101405	-0.278979	-98.082406
6.946897	78.783509	-3.050868	15.106214	-0.279059	-98.110978
6.946301	78.772584	-3.051500	15.111024	-0.279139	-98.139540
6.945722	78.761677	-3.052116	15.115834	-0.279218	-98.168091
6.945157	78.750790	-3.052716	15.120645	-0.279298	-98.196633
6.944608	78.739922	-3.053300	15.125455	-0.279378	-98.225164
6.944075	78.729073	-3.053869	15.130266	-0.279459	-98.253684
6.943557	78.718243	-3.054422	15.135077	-0.279539	-98.282194
6.943055	78.707433	-3.054960	15.139889	-0.279619	-98.310694
6.942567	78.696642	-3.055482	15.144701	-0.279700	-98.339184
6.942096	78.685871	-3.055988	15.149513	-0.279780	-98.367663
6.941639	78.675119	-3.056479	15.154325	-0.279861	-98.396131
6.941198	78.664387	-3.056954	15.159138	-0.279941	-98.424590
6.940772	78.653674	-3.057414	15.163951	-0.280022	-98.453038
6.940362	78.642981	-3.057858	15.168764	-0.280103	-98.481475
6.939966	78.632308	-3.058287	15.173577	-0.280184	-98.509903
6.939586	78.621655	-3.058700	15.178391	-0.280265	-98.538319
6.939221	78.611022	-3.059098	15.183205	-0.280346	-98.566726
6.938871	78.600409	-3.059481	15.188019	-0.280427	-98.595122
6.938536	78.589816	-3.059848	15.192834	-0.280509	-98.623508
6.938217	78.579242	-3.060200	15.197649	-0.280590	-98.651884
6.937912	78.568689	-3.060537	15.202464	-0.280672	-98.680249
6.937622	78.558156	-3.060858	15.207279	-0.280753	-98.708603
6.937348	78.547643	-3.061164	15.212095	-0.280835	-98.736948
6.937088	78.537151	-3.061455	15.216911	-0.280917	-98.765282
6.936843	78.526679	-3.061731	15.221728	-0.280999	-98.793605
6.936613	78.516227	-3.061992	15.226544	-0.281081	-98.821919
6.936398	78.505796	-3.062238	15.231361	-0.281163	-98.850222
6.936198	78.495385	-3.062468	15.236178	-0.281245	-98.878514
6.936013	78.484994	-3.062684	15.240996	-0.281327	-98.906797
6.935842	78.474624	-3.062885	15.245814	-0.281410	-98.935068
6.935686	78.464275	-3.063070	15.250632	-0.281492	-98.963330
6.935545	78.453947	-3.063241	15.255450	-0.281575	-98.991581
6.935419	78.443639	-3.063396	15.260269	-0.281657	-99.019822
6.935307	78.433352	-3.063537	15.265088	-0.281740	-99.048052
6.935210	78.423086	-3.063663	15.269907	-0.281823	-99.076272
6.935128	78.412840	-3.063774	15.274727	-0.281906	-99.104482
6.935060	78.402616	-3.063870	15.279547	-0.281989	-99.132682
6.935007	78.392413	-3.063951	15.284367	-0.282072	-99.160871
6.934968	78.382230	-3.064018	15.289188	-0.282155	-99.189049
6.934944	78.372069	-3.064070	15.294008	-0.282239	-99.217217
6.934934	78.361929	-3.064107	15.298830	-0.282322	-99.245375
6.934939	78.351809	-3.064129	15.303651	-0.282405	-99.273523
6.934958	78.341712	-3.064137	15.308473	-0.282489	-99.301660
6.934992	78.331635	-3.064130	15.313295	-0.282573	-99.329787
6.935040	78.321579	-3.064108	15.318117	-0.282656	-99.357904
6.935102	78.311545	-3.064072	15.322940	-0.282740	-99.386010
6.935178	78.301533	-3.064022	15.327763	-0.282824	-99.414105
6.935269	78.291542	-3.063956	15.332587	-0.282908	-99.442191
6.935375	78.281572	-3.063877	15.337410	-0.282992	-99.470266
6.935494	78.271623	-3.063782	15.342234	-0.283077	-99.498331
6.935628	78.261697	-3.063674	15.347059	-0.283161	-99.526385
6.935775	78.251792	-3.063551	15.351883	-0.283245	-99.554429
6.935937	78.241908	-3.063413	15.356708	-0.283330	-99.582463
6.936114	78.232046	-3.063261	15.361534	-0.283414	-99.610486
6.936304	78.222206	-3.063095	15.366359	-0.283499	-99.638499
6.936508	78.212388	-3.062914	15.371185	-0.283584	-99.666501
6.936727	78.202591	-3.062719	15.376011	-0.283669	-99.694494
6.936959	78.192817	-3.062510	15.380838	-0.283754	-99.722475
6.937205	78.183064	-3.062287	15.385665	-0.283839	-99.750447
6.937466	78.173333	-3.062049	15.390492	-0.283924	-99.778408
6.937740	78.163624	-3.061797	15.395320	-0.284009	-99.806359
6.938028	78.153937	-3.061531	15.400148	-0.284095	-99.834299
6.938331	78.144272	-3.061251	15.404976	-0.284180	-99.862229
6.938647	78.134629	-3.060957	15.409804	-0.284266	-99.890149
6.938977	78.125009	-3.060649	15.414633	-0.284351	-99.918058
6.939320	78.115410	-3.060326	15.419462	-0.284437	-99.945957
6.939678	78.105834	-3.059990	15.424292	-0.284523	-99.973846
6.940049	78.096279	-3.059639	15.429122	-0.284609	-100.001724
6.940434	78.086748	-3.059275	15.433952	-0.284695	-100.029592
6.940833	78.077238	-3.058896	15.438783	-0.284781	-100.057450
6.941246	78.067751	-3.058504	15.443614	-0.284867	-100.085297
6.941672	78.058286	-3.058097	15.448445	-0.284953	-100.113134
6.942112	78.048843	-3.057677	15.453276	-0.285039	-100.140960
6.942565	78.039423	-3.057243	15.458108	-0.285126	-100.168776
6.943032	78.030026	-3.056795	15.462940	-0.285212	-100.196582
6.943513	78.020651	-3.056333	15.467773	-0.285299	-100.224378
6.944007	78.011298	-3.055858	15.472606	-0.285386	-100.252163
6.944514	78.001968	-3.055368	15.477439	-0.285473	-100.279937
6.945036	77.992661	-3.054865	15.482273	-0.285559	-100.307702
6.945570	77.983376	-3.054348	15.487107	-0.285646	-100.335456
6.946118	77.974114	-3.053818	15.491941	-0.285734	-100.363199
6.946680	77.964875	-3.053274	15.496776	-0.285821	-100.390933
6.947255	77.955658	-3.052716	15.501611	-0.285908	-100.418656
6.947843	77.946465	-3.052144	15.506446	-0.285995	-100.446368
6.948445	77.937294	-3.051559	15.511282	-0.286083	-100.474070
6.949060	77.928145	-3.050961	15.516118	-0.286170	-100.501762
6.949688	77.919020	-3.050348	15.520954	-0.286258	-100.529444
6.950330	77.909918	-3.049723	15.525791	-0.286346	-100.557115
6.950985	77.900838	-3.049083	15.530628	-0.286434	-100.584776
6.951653	77.891782	-3.048431	15.535465	-0.286522	-100.612426
6.952334	77.882748	-3.047764	15.540303	-0.286610	-100.640066
6.953028	77.873737	-3.047085	15.545141	-0.286698	-100.667696
6.953736	77.864750	-3.046392	15.549980	-0.286786	-100.695315
6.954457	77.855785	-3.045685	15.554818	-0.286874	-100.722925
6.955191	77.846844	-3.044965	15.559657	-0.286963	-100.750523
6.955938	77.837926	-3.044232	15.564497	-0.287051	-100.778112
6.956698	77.829031	-3.043486	15.569337	-0.287140	-100.805690
6.957471	77.820159	-3.042726	15.574177	-0.287228	-100.833257
6.958257	77.811310	-3.041953	15.579018	-0.287317	-100.860814
6.959056	77.802484	-3.041166	15.583859	-0.287406	-100.888361
6.959868	77.793682	-3.040367	15.588700	-0.287495	-100.915898
6.960693	77.784903	-3.039554	15.593542	-0.287584	-100.943424
6.961531	77.776147	-3.038728	15.598384	-0.287673	-100.970940
6.962382	77.767415	-3.037889	15.603226	-0.287762	-100.998446
6.963246	77.758706	-3.037037	15.608069	-0.287851	-101.025941
6.964122	77.750020	-3.036171	15.612912	-0.287941	-101.053426
6.965012	77.741358	-3.035293	15.617755	-0.288030	-101.080900
6.965914	77.732719	-3.034401	15.622599	-0.288120	-101.108364
6.966829	77.724104	-3.033497	15.627443	-0.288209	-101.135818
6.967757	77.715512	-3.032579	15.632288	-0.288299	-101.163261
6.968697	77.706943	-3.031649	15.637132	-0.288389	-101.190694
6.969650	77.698398	-3.030705	15.641978	-0.288479	-101.218117
6.970616	77.689877	-3.029748	15.646823	-0.288569	-101.245529
6.971595	77.681379	-3.028779	15.651669	-0.288659	-101.272931
6.972586	77.672905	-3.027797	15.656516	-0.288749	-101.300323
6.973590	77.664454	-3.026801	15.661362	-0.288839	-101.327704
6.974607	77.656027	-3.025793	15.666209	-0.288930	-101.355075
6.975636	77.647623	-3.024772	15.671057	-0.289020	-101.382436
6.976678	77.639243	-3.023738	15.675904	-0.289111	-101.409786
6.977732	77.630887	-3.022692	15.680753	-0.289202	-101.437126
6.978799	77.622555	-3.021632	15.685601	-0.289292	-101.464456
6.979878	77.614246	-3.020560	15.690450	-0.289383	-101.491775
6.980970	77.605961	-3.019475	15.695299	-0.289474	-101.519084
6.982074	77.597700	-3.018378	15.700149	-0.289565	-101.546382
6.983191	77.589462	-3.017267	15.704999	-0.289656	-101.573670
6.984320	77.581248	-3.016145	15.709849	-0.289747	-101.600948
6.985461	77.573058	-3.015009	15.714700	-0.289838	-101.628216
6.986615	77.564892	-3.013861	15.719551	-0.289930	-101.655473
6.987781	77.556750	-3.012700	15.724402	-0.290021	-101.682720
6.988959	77.548631	-3.011526	15.729254	-0.290113	-101.709956
6.990150	77.540537	-3.010340	15.734106	-0.290204	-101.737182
6.991353	77.532466	-3.009142	15.738959	-0.290296	-101.764398
6.992569	77.524419	-3.007931	15.743812	-0.290388	-101.791603
6.993796	77.516396	-3.006707	15.748665	-0.290480	-101.818798
6.995036	77.508397	-3.005471	15.753519	-0.290572	-101.845983
6.996288	77.500422	-3.004223	15.758373	-0.290664	-101.873157
6.997552	77.492471	-3.002962	15.763227	-0.290756	-101.900321
6.998829	77.484544	-3.001688	15.768082	-0.290848	-101.927475
7.000117	77.476641	-3.000403	15.772937	-0.290941	-101.954618
7.001418	77.468762	-2.999105	15.777793	-0.291033	-101.981751
7.002730	77.460906	-2.997794	15.782649	-0.291126	-102.008874
7.004055	77.453075	-2.996471	15.787505	-0.291218	-102.035986
7.005392	77.445268	-2.995136	15.792362	-0.291311	-102.063088
7.006741	77.437485	-2.993789	15.797219	-0.291404	-102.090180
7.008102	77.429726	-2.992429	15.802076	-0.291496	-102.117261
7.009475	77.421991	-2.991057	15.806934	-0.291589	-102.144332
7.010859	77.414280	-2.989673	15.811792	-0.291682	-102.171392
7.012256	77.406593	-2.988277	15.816651	-0.291776	-102.198442
7.013665	77.398930	-2.986868	15.821509	-0.291869	-102.225482
7.015085	77.391292	-2.985447	15.826369	-0.291962	-102.252512
7.016518	77.383677	-2.984014	15.831228	-0.292055	-102.279531
7.017962	77.376087	-2.982569	15.836088	-0.292149	-102.306540
7.019419	77.368520	-2.981112	15.840949	-0.292242	-102.333538
7.020887	77.360978	-2.979643	15.845810	-0.292336	-102.360526
7.022367	77.353460	-2.978162	15.850671	-0.292430	-102.387504
7.023858	77.345966	-2.976668	15.855532	-0.292524	-102.414472
7.025362	77.338496	-2.975163	15.860394	-0.292617	-102.441429
7.026877	77.331051	-2.973646	15.865256	-0.292711	-102.468376
7.028404	77.323629	-2.972116	15.870119	-0.292806	-102.495312
7.029942	77.316232	-2.970575	15.874982	-0.292900	-102.522238
7.031493	77.308859	-2.969022	15.879846	-0.292994	-102.549154
7.033055	77.301510	-2.967457	15.884709	-0.293088	-102.576059
7.034628	77.294186	-2.965880	15.889574	-0.293183	-102.602954
7.036213	77.286885	-2.964291	15.894438	-0.293277	-102.629839
7.037810	77.279609	-2.962690	15.899303	-0.293372	-102.656713
7.039419	77.272357	-2.961077	15.904168	-0.293466	-102.683577
7.041039	77.265129	-2.959453	15.909034	-0.293561	-102.710431
7.042670	77.257926	-2.957816	15.913900	-0.293656	-102.737274
7.044313	77.250746	-2.956168	15.918767	-0.293751	-102.764108
7.045968	77.243591	-2.954508	15.923633	-0.293846	-102.790930
7.047634	77.236461	-2.952837	15.928501	-0.293941	-102.817743
7.049312	77.229354	-2.951153	15.933368	-0.294036	-102.844545
7.051001	77.222272	-2.949458	15.938236	-0.294131	-102.871336
7.052701	77.215213	-2.947751	15.943105	-0.294227	-102.898118
7.054413	77.208180	-2.946033	15.947973	-0.294322	-102.924889
7.056136	77.201170	-2.944303	15.952842	-0.294418	-102.951649
7.057871	77.194185	-2.942561	15.957712	-0.294513	-102.978399
7.059617	77.187223	-2.940808	15.962582	-0.294609	-103.005139
7.061375	77.180287	-2.939043	15.967452	-0.294705	-103.031869
7.063143	77.173374	-2.937266	15.972323	-0.294801	-103.058588
7.064923	77.166486	-2.935478	15.977194	-0.294897	-103.085297
7.066715	77.159621	-2.933679	15.982065	-0.294993	-103.111996
7.068517	77.152782	-2.931867	15.986937	-0.295089	-103.138684
7.070331	77.145966	-2.930045	15.991809	-0.295185	-103.165362
7.072156	77.139175	-2.928211	15.996682	-0.295281	-103.192030
7.073992	77.132407	-2.926365	16.001554	-0.295378	-103.218687
7.075840	77.125665	-2.924508	16.006428	-0.295474	-103.245334
7.077698	77.118946	-2.922639	16.011301	-0.295571	-103.271971
7.079568	77.112252	-2.920760	16.016176	-0.295667	-103.298597
7.081449	77.105582	-2.918868	16.021050	-0.295764	-103.325213
7.083341	77.098936	-2.916966	16.025925	-0.295861	-103.351819
7.085244	77.092314	-2.915052	16.030800	-0.295957	-103.378414
7.087158	77.085717	-2.913126	16.035676	-0.296054	-103.404999
7.089083	77.079144	-2.911190	16.040552	-0.296151	-103.431573
7.091020	77.072595	-2.909242	16.045428	-0.296248	-103.458138
7.092967	77.066070	-2.907282	16.050305	-0.296346	-103.484692
7.094925	77.059570	-2.905312	16.055182	-0.296443	-103.511235
7.096895	77.053093	-2.903330	16.060059	-0.296540	-103.537768
7.098875	77.046641	-2.901337	16.064937	-0.296638	-103.564291
7.100866	77.040213	-2.899333	16.069815	-0.296735	-103.590804
7.102868	77.033810	-2.897318	16.074694	-0.296833	-103.617306
7.104881	77.027430	-2.895291	16.079573	-0.296930	-103.643798
7.106905	77.021075	-2.893254	16.084452	-0.297028	-103.670280
7.108940	77.014744	-2.891205	16.089332	-0.297126	-103.696751
7.110986	77.008437	-2.889145	16.094212	-0.297224	-103.723212
7.113043	77.002155	-2.887074	16.099093	-0.297322	-103.749663
7.115110	76.995896	-2.884992	16.103974	-0.297420	-103.776103
7.117188	76.989662	-2.882899	16.108855	-0.297518	-103.802533
7.119277	76.983452	-2.880794	16.113737	-0.297616	-103.828953
7.121377	76.977266	-2.878679	16.118619	-0.297715	-103.855362
7.123488	76.971104	-2.876553	16.123501	-0.297813	-103.881761
7.125609	76.964966	-2.874416	16.128384	-0.297911	-103.908150
7.127741	76.958853	-2.872268	16.133267	-0.298010	-103.934528
7.129884	76.952763	-2.870109	16.138151	-0.298109	-103.960896
7.132037	76.946698	-2.867938	16.143035	-0.298207	-103.987254
7.134201	76.940657	-2.865757	16.147919	-0.298306	-104.013601
7.136376	76.934639	-2.863566	16.152804	-0.298405	-104.039938
7.138561	76.928646	-2.861363	16.157689	-0.298504	-104.066265
7.140757	76.922677	-2.859149	16.162575	-0.298603	-104.092581
7.142964	76.916732	-2.856925	16.167461	-0.298702	-104.118887
7.145181	76.910811	-2.854689	16.172347	-0.298801	-104.145183
7.147409	76.904914	-2.852443	16.177233	-0.298900	-104.171468
7.149647	76.899042	-2.850186	16.182120	-0.299000	-104.197743
7.151896	76.893193	-2.847919	16.187008	-0.299099	-104.224008
7.154155	76.887368	-2.845640	16.191896	-0.299199	-104.250262
7.156425	76.881567	-2.843351	16.196784	-0.299298	-104.276507
7.158705	76.875790	-2.841051	16.201672	-0.299398	-104.302740
7.160996	76.870037	-2.838741	16.206561	-0.299498	-104.328964
7.163297	76.864308	-2.836419	16.211450	-0.299597	-104.355177
7.165609	76.858603	-2.834087	16.216340	-0.299697	-104.381380
7.167931	76.852922	-2.831745	16.221230	-0.299797	-104.407572
7.170263	76.847265	-2.829391	16.226121	-0.299897	-104.433754
7.172606	76.841632	-2.827028	16.231011	-0.299997	-104.459926
7.174959	76.836023	-2.824653	16.235903	-0.300097	-104.486088
7.177322	76.830437	-2.822268	16.240794	-0.300198	-104.512239
7.179696	76.824876	-2.819872	16.245686	-0.300298	-104.538380
7.182080	76.819338	-2.817466	16.250578	-0.300398	-104.564510
7.184475	76.813824	-2.815049	16.255471	-0.300499	-104.590631
7.186880	76.808334	-2.812622	16.260364	-0.300599	-104.616740
7.189295	76.802868	-2.810184	16.265257	-0.300700	-104.642840
7.191720	76.797426	-2.807736	16.270151	-0.300801	-104.668929
7.194155	76.792007	-2.805278	16.275045	-0.300902	-104.695008
7.196601	76.786612	-2.802808	16.279940	-0.301002	-104.721077
7.199057	76.781241	-2.800329	16.284835	-0.301103	-104.747135
7.201523	76.775893	-2.797839	16.289730	-0.301204	-104.773183
7.203999	76.770570	-2.795338	16.294626	-0.301305	-104.799221
7.206485	76.765270	-2.792828	16.299522	-0.301407	-104.825248
7.208982	76.759993	-2.790307	16.304418	-0.301508	-104.851265
7.211488	76.754741	-2.787775	16.309315	-0.301609	-104.877272
7.214005	76.749512	-2.785233	16.314212	-0.301711	-104.903268
7.216531	76.744306	-2.782681	16.319110	-0.301812	-104.929254
7.219068	76.739124	-2.780119	16.324008	-0.301913	-104.955230
7.221615	76.733966	-2.777546	16.328906	-0.302015	-104.981196
7.224172	76.728831	-2.774963	16.333805	-0.302117	-105.007151
7.226739	76.723720	-2.772370	16.338704	-0.302218	-105.033096
7.229316	76.718633	-2.769767	16.343603	-0.302320	-105.059030
7.231902	76.713569	-2.767153	16.348503	-0.302422	-105.084954
7.234499	76.708528	-2.764529	16.353403	-0.302524	-105.110868
7.237106	76.703511	-2.761895	16.358304	-0.302626	-105.136772
7.239723	76.698518	-2.759251	16.363205	-0.302728	-105.162665
7.242349	76.693547	-2.756597	16.368106	-0.302830	-105.188548
7.244986	76.688601	-2.753932	16.373008	-0.302933	-105.214421
7.247632	76.683677	-2.751258	16.377910	-0.303035	-105.240283
7.250288	76.678777	-2.748573	16.382812	-0.303137	-105.266135
7.252954	76.673901	-2.745878	16.387715	-0.303240	-105.291977
7.255630	76.669047	-2.743174	16.392618	-0.303342	-105.317808
7.258316	76.664217	-2.740459	16.397521	-0.303445	-105.343629
7.261011	76.659411	-2.737734	16.402425	-0.303548	-105.369440
7.263717	76.654627	-2.734999	16.407329	-0.303650	-105.395241
7.266432	76.649867	-2.732254	16.412234	-0.303753	-105.421031
7.269157	76.645130	-2.729499	16.417139	-0.303856	-105.446811
7.271891	76.640417	-2.726735	16.422044	-0.303959	-105.472580
7.274635	76.635726	-2.723960	16.426950	-0.304062	-105.498339
7.277389	76.631059	-2.721175	16.431856	-0.304165	-105.524088
7.280153	76.626414	-2.718381	16.436762	-0.304268	-105.549827
7.282926	76.621793	-2.715576	16.441669	-0.304372	-105.575555
7.285709	76.617195	-2.712762	16.446576	-0.304475	-105.601273
7.288502	76.612620	-2.709937	16.451484	-0.304578	-105.626981
7.291304	76.608068	-2.707103	16.456392	-0.304682	-105.652678
7.294116	76.603539	-2.704259	16.461300	-0.304785	-105.678365
7.296938	76.599034	-2.701406	16.466209	-0.304889	-105.704042
7.299769	76.594551	-2.698542	16.471118	-0.304992	-105.729709
7.302609	76.590091	-2.695669	16.476027	-0.305096	-105.755365
7.305459	76.585653	-2.692786	16.480937	-0.305200	-105.781011
7.308319	76.581239	-2.689893	16.485847	-0.305304	-105.806646
7.311188	76.576848	-2.686990	16.490757	-0.305408	-105.832271
7.314067	76.572479	-2.684078	16.495668	-0.305512	-105.857886
7.316955	76.568134	-2.681156	16.500579	-0.305616	-105.883491
7.319853	76.563811	-2.678225	16.505491	-0.305720	-105.909085
7.322760	76.559511	-2.675283	16.510402	-0.305824	-105.934669
7.325676	76.555233	-2.672332	16.515315	-0.305928	-105.960243
7.328602	76.550979	-2.669372	16.520227	-0.306033	-105.985807
7.331538	76.546747	-2.666402	16.525140	-0.306137	-106.011360
7.334482	76.542538	-2.663422	16.530053	-0.306242	-106.036903
7.337436	76.538351	-2.660432	16.534967	-0.306346	-106.062435
7.340400	76.534187	-2.657433	16.539881	-0.306451	-106.087957
7.343373	76.530045	-2.654425	16.544795	-0.306555	-106.113469
7.346355	76.525926	-2.651407	16.549710	-0.306660	-106.138971
7.349346	76.521830	-2.648379	16.554625	-0.306765	-106.164462
7.352347	76.517756	-2.645342	16.559541	-0.306870	-106.189943
7.355357	76.513704	-2.642295	16.564456	-0.306975	-106.215414
7.358376	76.509675	-2.639239	16.569373	-0.307080	-106.240875
7.361405	76.505669	-2.636174	16.574289	-0.307185	-106.266325
7.364443	76.501685	-2.633099	16.579206	-0.307290	-106.291765
7.367489	76.497723	-2.630014	16.584123	-0.307395	-106.317194
7.370546	76.493783	-2.626921	16.589041	-0.307500	-106.342613
7.373611	76.489866	-2.623818	16.593959	-0.307605	-106.368022
7.376686	76.485971	-2.620705	16.598877	-0.307711	-106.393421
7.379769	76.482098	-2.617583	16.603795	-0.307816	-106.418810
7.382862	76.478247	-2.614452	16.608714	-0.307922	-106.444188
7.385964	76.474419	-2.611311	16.613634	-0.308027	-106.469555
7.389075	76.470613	-2.608161	16.618553	-0.308133	-106.494913
7.392195	76.466829	-2.605002	16.623473	-0.308239	-106.520260
7.395324	76.463067	-2.601834	16.628394	-0.308344	-106.545597
7.398463	76.459327	-2.598656	16.633314	-0.308450	-106.570924
7.401610	76.455609	-2.595469	16.638235	-0.308556	-106.596240
7.404766	76.451913	-2.592273	16.643157	-0.308662	-106.621546
7.407932	76.448238	-2.589067	16.648079	-0.308768	-106.646842
7.411106	76.444586	-2.585853	16.653001	-0.308874	-106.672127
7.414289	76.440956	-2.582629	16.657923	-0.308980	-106.697402
7.417482	76.437348	-2.579396	16.662846	-0.309086	-106.722667
7.420683	76.433761	-2.576154	16.667769	-0.309192	-106.747922
7.423893	76.430196	-2.572902	16.672692	-0.309299	-106.773166
7.427112	76.426653	-2.569642	16.677616	-0.309405	-106.798400
7.430340	76.423132	-2.566373	16.682540	-0.309511	-106.823624
7.433577	76.419633	-2.563094	16.687465	-0.309618	-106.848837
7.436823	76.416155	-2.559806	16.692390	-0.309724	-106.874041
7.440078	76.412698	-2.556510	16.697315	-0.309831	-106.899233
7.443341	76.409264	-2.553204	16.702240	-0.309938	-106.924416
7.446613	76.405851	-2.549889	16.707166	-0.310044	-106.949588
7.449894	76.402459	-2.546565	16.712092	-0.310151	-106.974750
7.453184	76.399089	-2.543233	16.717019	-0.310258	-106.999902
7.456483	76.395740	-2.539891	16.721946	-0.310365	-107.025044
7.459791	76.392413	-2.536540	16.726873	-0.310472	-107.050175
7.463107	76.389107	-2.533181	16.731800	-0.310579	-107.075296
7.466432	76.385823	-2.529812	16.736728	-0.310686	-107.100406
7.469765	76.382560	-2.526435	16.741656	-0.310793	-107.125507
7.473108	76.379318	-2.523048	16.746585	-0.310900	-107.150597
7.476459	76.376097	-2.519653	16.751514	-0.311008	-107.175676
7.479819	76.372898	-2.516249	16.756443	-0.311115	-107.200746
7.483187	76.369720	-2.512836	16.761372	-0.311222	-107.225805
7.486564	76.366563	-2.509414	16.766302	-0.311330	-107.250854
7.489950	76.363427	-2.505984	16.771233	-0.311437	-107.275892
7.493344	76.360312	-2.502544	16.776163	-0.311545	-107.300921
7.496747	76.357218	-2.499096	16.781094	-0.311652	-107.325939
7.500159	76.354145	-2.495639	16.786025	-0.311760	-107.350947
7.503579	76.351094	-2.492174	16.790957	-0.311868	-107.375944
7.507007	76.348063	-2.488699	16.795888	-0.311975	-107.400931
7.510445	76.345053	-2.485216	16.800821	-0.312083	-107.425908
7.513890	76.342064	-2.481724	16.805753	-0.312191	-107.450875
7.517344	76.339095	-2.478224	16.810686	-0.312299	-107.475831
7.520807	76.336148	-2.474715	16.815619	-0.312407	-107.500778
7.524278	76.333221	-2.471197	16.820552	-0.312515	-107.525713
7.527758	76.330315	-2.467671	16.825486	-0.312623	-107.550639
7.531246	76.327430	-2.464136	16.830420	-0.312731	-107.575554
7.534742	76.324565	-2.460592	16.835355	-0.312839	-107.600459
7.538247	76.321721	-2.457040	16.840290	-0.312948	-107.625354
7.541760	76.318897	-2.453479	16.845225	-0.313056	-107.650239
7.545282	76.316094	-2.449909	16.850160	-0.313164	-107.675113
7.548812	76.313311	-2.446332	16.855096	-0.313273	-107.699977
7.552351	76.310549	-2.442745	16.860032	-0.313381	-107.724830
7.555897	76.307807	-2.439150	16.864968	-0.313490	-107.749674
7.559452	76.305086	-2.435547	16.869905	-0.313598	-107.774507
7.563016	76.302385	-2.431935	16.874842	-0.313707	-107.799330
7.566587	76.299704	-2.428315	16.879779	-0.313815	-107.824142
7.570167	76.297044	-2.424686	16.884717	-0.313924	-107.848945
7.573755	76.294403	-2.421049	16.889655	-0.314033	-107.873737
7.577352	76.291783	-2.417403	16.894593	-0.314142	-107.898518
7.580956	76.289183	-2.413749	16.899531	-0.314251	-107.923290
7.584569	76.286603	-2.410087	16.904470	-0.314360	-107.948051
7.588190	76.284044	-2.406416	16.909410	-0.314469	-107.972802
7.591819	76.281504	-2.402737	16.914349	-0.314578	-107.997543
7.595457	76.278984	-2.399049	16.919289	-0.314687	-108.022273
7.599102	76.276484	-2.395354	16.924229	-0.314796	-108.046993
7.602756	76.274004	-2.391650	16.929169	-0.314905	-108.071703
7.606418	76.271544	-2.387937	16.934110	-0.315014	-108.096403
7.610088	76.269103	-2.384217	16.939051	-0.315124	-108.121092
7.613766	76.266683	-2.380488	16.943993	-0.315233	-108.145771
7.617452	76.264282	-2.376751	16.948934	-0.315342	-108.170440
7.621146	76.261900	-2.373006	16.953876	-0.315452	-108.195099
7.624848	76.259539	-2.369252	16.958818	-0.315561	-108.219747
7.628558	76.257197	-2.365491	16.963761	-0.315671	-108.244385
7.632276	76.254875	-2.361721	16.968704	-0.315780	-108.269013
7.636003	76.252572	-2.357943	16.973647	-0.315890	-108.293630
7.639737	76.250288	-2.354157	16.978591	-0.316000	-108.318238
7.643479	76.248024	-2.350363	16.983534	-0.316109	-108.342835
7.647229	76.245780	-2.346561	16.988479	-0.316219	-108.367421
7.650987	76.243555	-2.342750	16.993423	-0.316329	-108.391998
7.654753	76.241349	-2.338932	16.998368	-0.316439	-108.416564
7.658527	76.239162	-2.335106	17.003313	-0.316549	-108.441120
7.662308	76.236995	-2.331271	17.008258	-0.316659	-108.465666
7.666098	76.234846	-2.327429	17.013203	-0.316769	-108.490201
7.669895	76.232717	-2.323578	17.018149	-0.316879	-108.514726
7.673701	76.230607	-2.319720	17.023096	-0.316989	-108.539241
7.677514	76.228516	-2.315853	17.028042	-0.317099	-108.563746
7.681334	76.226445	-2.311979	17.032989	-0.317209	-108.588240
7.685163	76.224392	-2.308097	17.037936	-0.317320	-108.612725
7.689000	76.222358	-2.304206	17.042883	-0.317430	-108.637199
7.692844	76.220342	-2.300308	17.047831	-0.317540	-108.661662
7.696696	76.218346	-2.296402	17.052779	-0.317651	-108.686116
7.700555	76.216369	-2.292489	17.057727	-0.317761	-108.710559
7.704423	76.214410	-2.288567	17.062675	-0.317872	-108.734992
7.708298	76.212470	-2.284637	17.067624	-0.317982	-108.759414
7.712181	76.210549	-2.280700	17.072573	-0.318093	-108.783827
7.716071	76.208646	-2.276755	17.077523	-0.318203	-108.808229
7.719969	76.206762	-2.272802	17.082472	-0.318314	-108.832621
7.723875	76.204896	-2.268841	17.087422	-0.318425	-108.857002
7.727788	76.203049	-2.264873	17.092373	-0.318535	-108.881374
7.731709	76.201220	-2.260897	17.097323	-0.318646	-108.905735
7.735637	76.199410	-2.256913	17.102274	-0.318757	-108.930086
7.739573	76.197618	-2.252921	17.107225	-0.318868	-108.954426
7.743517	76.195844	-2.248922	17.112176	-0.318979	-108.978757
7.747468	76.194089	-2.244915	17.117128	-0.319090	-109.003077
7.751427	76.192352	-2.240901	17.122080	-0.319201	-109.027387
7.755393	76.190633	-2.236879	17.127032	-0.319312	-109.051687
7.759366	76.188932	-2.232849	17.131985	-0.319423	-109.075976
7.763348	76.187249	-2.228812	17.136937	-0.319534	-109.100255
7.767336	76.185584	-2.224767	17.141890	-0.319645	-109.124524
7.771332	76.183938	-2.220714	17.146844	-0.319756	-109.148783
7.775335	76.182309	-2.216654	17.151797	-0.319868	-109.173031
7.779346	76.180698	-2.212587	17.156751	-0.319979	-109.197269
7.783364	76.179105	-2.208512	17.161705	-0.320090	-109.221497
7.787390	76.177530	-2.204429	17.166660	-0.320202	-109.245715
7.791423	76.175972	-2.200339	17.171614	-0.320313	-109.269922
7.795463	76.174432	-2.196242	17.176569	-0.320425	-109.294120
7.799511	76.172910	-2.192137	17.181524	-0.320536	-109.318307
7.803566	76.171406	-2.188024	17.186480	-0.320648	-109.342483
7.807628	76.169919	-2.183905	17.191436	-0.320759	-109.366650
7.811697	76.168449	-2.179777	17.196392	-0.320871	-109.390806
7.815774	76.166998	-2.175643	17.201348	-0.320982	-109.414952
7.819858	76.165563	-2.171501	17.206305	-0.321094	-109.439088
7.823949	76.164146	-2.167352	17.211261	-0.321206	-109.463213
7.828048	76.162746	-2.163196	17.216218	-0.321318	-109.487329
7.832153	76.161364	-2.159032	17.221176	-0.321429	-109.511434
7.836266	76.159999	-2.154861	17.226133	-0.321541	-109.535528
7.840386	76.158651	-2.150682	17.231091	-0.321653	-109.559613
7.844513	76.157320	-2.146497	17.236049	-0.321765	-109.583687
7.848647	76.156006	-2.142304	17.241008	-0.321877	-109.607751
7.852788	76.154710	-2.138104	17.245966	-0.321989	-109.631805
7.856937	76.153430	-2.133897	17.250925	-0.322101	-109.655849
7.861092	76.152167	-2.129682	17.255885	-0.322213	-109.679882
7.865255	76.150922	-2.125461	17.260844	-0.322325	-109.703906
7.869424	76.149693	-2.121232	17.265804	-0.322437	-109.727919
7.873601	76.148481	-2.116996	17.270764	-0.322550	-109.751921
7.877784	76.147286	-2.112753	17.275724	-0.322662	-109.775914
7.881975	76.146107	-2.108503	17.280684	-0.322774	-109.799896
7.886173	76.144945	-2.104246	17.285645	-0.322886	-109.823868
7.890377	76.143800	-2.099982	17.290606	-0.322999	-109.847830
7.894589	76.142671	-2.095711	17.295567	-0.323111	-109.871781
7.898807	76.141559	-2.091433	17.300528	-0.323223	-109.895723
7.903032	76.140463	-2.087148	17.305490	-0.323336	-109.919654
7.907264	76.139384	-2.082856	17.310452	-0.323448	-109.943575
7.911504	76.138321	-2.078557	17.315414	-0.323561	-109.967485
7.915749	76.137275	-2.074250	17.320377	-0.323673	-109.991386
7.920002	76.136245	-2.069937	17.325339	-0.323786	-110.015276
7.924262	76.135231	-2.065618	17.330302	-0.323899	-110.039156
7.928528	76.134233	-2.061291	17.335265	-0.324011	-110.063026
7.932801	76.133251	-2.056957	17.340229	-0.324124	-110.086885
7.937081	76.132286	-2.052617	17.345192	-0.324237	-110.110734
7.941368	76.131336	-2.048269	17.350156	-0.324349	-110.134573
7.945661	76.130403	-2.043915	17.355120	-0.324462	-110.158402
7.949962	76.129485	-2.039554	17.360085	-0.324575	-110.182221
7.954268	76.128584	-2.035186	17.365049	-0.324688	-110.206029
7.958582	76.127698	-2.030812	17.370014	-0.324801	-110.229827
7.962902	76.126828	-2.026431	17.374979	-0.324913	-110.253615
7.967229	76.125974	-2.022043	17.379945	-0.325026	-110.277393
7.971563	76.125135	-2.017648	17.384910	-0.325139	-110.301161
7.975903	76.124312	-2.013247	17.389876	-0.325252	-110.324918
7.980249	76.123505	-2.008839	17.394842	-0.325365	-110.348665
7.984603	76.122713	-2.004424	17.399808	-0.325478	-110.372402
7.988963	76.121937	-2.000003	17.404775	-0.325591	-110.396128
7.993329	76.121176	-1.995575	17.409741	-0.325705	-110.419845
7.997702	76.120431	-1.991140	17.414708	-0.325818	-110.443551
8.002081	76.119701	-1.986699	17.419675	-0.325931	-110.467247
8.006467	76.118986	-1.982251	17.424643	-0.326044	-110.490933
8.010860	76.118287	-1.977797	17.429610	-0.326157	-110.514608
8.015259	76.117602	-1.973336	17.434578	-0.326271	-110.538273
8.019664	76.116933	-1.968869	17.439546	-0.326384	-110.561929
8.024076	76.116279	-1.964395	17.444515	-0.326497	-110.585573
8.028494	76.115640	-1.959915	17.449483	-0.326611	-110.609208
8.032918	76.115016	-1.955428	17.454452	-0.326724	-110.632833
8.037349	76.114407	-1.950935	17.459421	-0.326837	-110.656447
8.041787	76.113813	-1.946436	17.464390	-0.326951	-110.680051
8.046230	76.113234	-1.941930	17.469359	-0.327064	-110.703645
8.050680	76.112669	-1.937418	17.474329	-0.327178	-110.727228
8.055136	76.112120	-1.932899	17.479299	-0.327291	-110.750802
8.059599	76.111584	-1.928374	17.484269	-0.327405	-110.774365
8.064067	76.111064	-1.923843	17.489239	-0.327518	-110.797918
8.068542	76.110558	-1.919305	17.494209	-0.327632	-110.821461
8.073024	76.110067	-1.914761	17.499180	-0.327746	-110.844993
8.077511	76.109590	-1.910211	17.504151	-0.327859	-110.868516
8.082005	76.109128	-1.905655	17.509122	-0.327973	-110.892028
8.086505	76.108680	-1.901092	17.514093	-0.328087	-110.915530
8.091010	76.108246	-1.896523	17.519065	-0.328200	-110.939021
8.095523	76.107827	-1.891948	17.524037	-0.328314	-110.962503
8.100041	76.107422	-1.887367	17.529009	-0.328428	-110.985974
8.104565	76.107031	-1.882780	17.533981	-0.328542	-111.009435
8.109095	76.106654	-1.878187	17.538953	-0.328656	-111.032886
8.113632	76.106291	-1.873587	17.543926	-0.328769	-111.056327
8.118174	76.105943	-1.868982	17.548898	-0.328883	-111.079757
8.122723	76.105608	-1.864370	17.553871	-0.328997	-111.103178
8.127277	76.105287	-1.859752	17.558845	-0.329111	-111.126588
8.131838	76.104980	-1.855129	17.563818	-0.329225	-111.149988
8.136404	76.104687	-1.850499	17.568791	-0.329339	-111.173377
8.140977	76.104408	-1.845863	17.573765	-0.329453	-111.196757
8.145555	76.104143	-1.841222	17.578739	-0.329567	-111.220126
8.150140	76.103891	-1.836574	17.583713	-0.329681	-111.243485
8.154730	76.103652	-1.831920	17.588688	-0.329795	-111.266834
8.159326	76.103428	-1.827261	17.593662	-0.329909	-111.290173
8.163928	76.103216	-1.822596	17.598637	-0.330023	-111.313501
8.168535	76.103019	-1.817924	17.603612	-0.330137	-111.336820
8.173149	76.102834	-1.813247	17.608587	-0.330252	-111.360128
8.177768	76.102663	-1.808564	17.613562	-0.330366	-111.383426
8.182394	76.102506	-1.803876	17.618538	-0.330480	-111.406713
8.187025	76.102361	-1.799181	17.623514	-0.330594	-111.429991
8.191661	76.102230	-1.794481	17.628489	-0.330708	-111.453258
8.196304	76.102112	-1.789775	17.633466	-0.330823	-111.476515
8.200952	76.102007	-1.785063	17.638442	-0.330937	-111.499762
8.205605	76.101915	-1.780346	17.643418	-0.331051	-111.522999
8.210265	76.101836	-1.775623	17.648395	-0.331166	-111.546225
8.214930	76.101770	-1.770894	17.653372	-0.331280	-111.569442
8.219601	76.101717	-1.766159	17.658349	-0.331394	-111.592648
8.224277	76.101677	-1.761419	17.663326	-0.331509	-111.615844
8.228959	76.101649	-1.756674	17.668303	-0.331623	-111.639030
8.233647	76.101635	-1.751922	17.673281	-0.331738	-111.662205
8.238340	76.101632	-1.747165	17.678259	-0.331852	-111.685371
8.243038	76.101643	-1.742403	17.683236	-0.331967	-111.708526
8.247743	76.101666	-1.737635	17.688215	-0.332081	-111.731671
8.252452	76.101702	-1.732862	17.693193	-0.332196	-111.754806
8.257167	76.101750	-1.728083	17.698171	-0.332310	-111.777930
8.261888	76.101810	-1.723298	17.703150	-0.332425	-111.801045
8.266614	76.101883	-1.718509	17.708129	-0.332539	-111.824149
8.271345	76.101969	-1.713713	17.713108	-0.332654	-111.847243
8.276082	76.102066	-1.708913	17.718087	-0.332768	-111.870327
8.280824	76.102176	-1.704107	17.723066	-0.332883	-111.893400
8.285572	76.102298	-1.699295	17.728046	-0.332998	-111.916464
8.290325	76.102431	-1.694479	17.733025	-0.333112	-111.939517
8.295083	76.102577	-1.689657	17.738005	-0.333227	-111.962560
8.299846	76.102735	-1.684829	17.742985	-0.333342	-111.985593
8.304615	76.102905	-1.679997	17.747965	-0.333456	-112.008616
8.309389	76.103087	-1.675159	17.752945	-0.333571	-112.031629
8.314169	76.103281	-1.670316	17.757926	-0.333686	-112.054631
8.318953	76.103486	-1.665467	17.762906	-0.333800	-112.077623
8.323743	76.103703	-1.660614	17.767887	-0.333915	-112.100605
8.328538	76.103932	-1.655755	17.772868	-0.334030	-112.123577
8.333338	76.104173	-1.650891	17.777849	-0.334145	-112.146539
8.338143	76.104425	-1.646022	17.782831	-0.334260	-112.169490
8.342953	76.104688	-1.641148	17.787812	-0.334374	-112.192432
8.347769	76.104963	-1.636269	17.792794	-0.334489	-112.215363
8.352589	76.105250	-1.631385	17.797775	-0.334604	-112.238284
8.357415	76.105547	-1.626496	17.802757	-0.334719	-112.261195
8.362245	76.105857	-1.621601	17.807739	-0.334834	-112.284095
8.367081	76.106177	-1.616702	17.812721	-0.334949	-112.306986
8.371921	76.106508	-1.611798	17.817704	-0.335064	-112.329866
8.376767	76.106851	-1.606889	17.822686	-0.335178	-112.352736
8.381618	76.107205	-1.601974	17.827669	-0.335293	-112.375596
8.386473	76.107570	-1.597055	17.832652	-0.335408	-112.398446
8.391333	76.107946	-1.592131	17.837635	-0.335523	-112.421285
8.396199	76.108332	-1.587203	17.842618	-0.335638	-112.444115
8.401069	76.108730	-1.582269	17.847601	-0.335753	-112.466934
8.405944	76.109139	-1.577330	17.852584	-0.335868	-112.489743
8.410824	76.109558	-1.572387	17.857568	-0.335983	-112.512542
8.415708	76.109988	-1.567439	17.862552	-0.336098	-112.535330
8.420598	76.110429	-1.562486	17.867535	-0.336213	-112.558109
8.425492	76.110880	-1.557528	17.872519	-0.336328	-112.580877
8.430391	76.111342	-1.552566	17.877504	-0.336443	-112.603635
8.435295	76.111814	-1.547599	17.882488	-0.336558	-112.626384
8.440203	76.112297	-1.542627	17.887472	-0.336673	-112.649121
8.445116	76.112790	-1.537651	17.892457	-0.336789	-112.671849
8.450034	76.113294	-1.532670	17.897441	-0.336904	-112.694567
8.454956	76.113808	-1.527685	17.902426	-0.337019	-112.717274
8.459883	76.114332	-1.522694	17.907411	-0.337134	-112.739971
8.464815	76.114866	-1.517700	17.912396	-0.337249	-112.762658
8.469751	76.115410	-1.512700	17.917381	-0.337364	-112.785335
8.474692	76.115965	-1.507697	17.922367	-0.337479	-112.808002
8.479637	76.116530	-1.502688	17.927352	-0.337594	-112.830658
8.484587	76.117104	-1.497676	17.932338	-0.337710	-112.853305
8.489541	76.117689	-1.492658	17.937323	-0.337825	-112.875941
8.494500	76.118283	-1.487637	17.942309	-0.337940	-112.898567
8.499463	76.118887	-1.482611	17.947295	-0.338055	-112.921183
8.504431	76.119501	-1.477580	17.952281	-0.338170	-112.943788
8.509403	76.120125	-1.472546	17.957267	-0.338285	-112.966384
8.514379	76.120758	-1.467506	17.962254	-0.338401	-112.988969
8.519360	76.121401	-1.462463	17.967240	-0.338516	-113.011544
8.524345	76.122054	-1.457415	17.972227	-0.338631	-113.034110
8.529335	76.122716	-1.452363	17.977214	-0.338746	-113.056664
8.534329	76.123387	-1.447307	17.982200	-0.338862	-113.079209
8.539327	76.124068	-1.442247	17.987187	-0.338977	-113.101744
8.544329	76.124758	-1.437182	17.992174	-0.339092	-113.124268
8.549335	76.125458	-1.432113	17.997162	-0.339207	-113.146782
8.554346	76.126166	-1.427040	18.002149	-0.339323	-113.169287
8.559361	76.126884	-1.421963	18.007136	-0.339438	-113.191781
8.564380	76.127611	-1.416882	18.012124	-0.339553	-113.214264
8.569404	76.128347	-1.411797	18.017111	-0.339668	-113.236738
8.574431	76.129092	-1.406707	18.022099	-0.339784	-113.259202
8.579462	76.129847	-1.401614	18.027087	-0.339899	-113.281655
8.584498	76.130610	-1.396517	18.032075	-0.340014	-113.304098
8.589538	76.131381	-1.391415	18.037063	-0.340130	-113.326531
8.594581	76.132162	-1.386310	18.042051	-0.340245	-113.348954
8.599629	76.132952	-1.381201	18.047040	-0.340360	-113.371367
8.604681	76.133750	-1.376088	18.052028	-0.340476	-113.393769
8.609736	76.134557	-1.370970	18.057016	-0.340591	-113.416162
8.614796	76.135372	-1.365850	18.062005	-0.340706	-113.438544
8.619859	76.136196	-1.360725	18.066994	-0.340821	-113.460916
8.624927	76.137028	-1.355596	18.071983	-0.340937	-113.483278
8.629998	76.137869	-1.350464	18.076972	-0.341052	-113.505630
8.635073	76.138719	-1.345327	18.081961	-0.341167	-113.527972
8.640152	76.139576	-1.340188	18.086950	-0.341283	-113.550303
8.645235	76.140442	-1.335044	18.091939	-0.341398	-113.572625
8.650321	76.141316	-1.329896	18.096928	-0.341514	-113.594936
8.655412	76.142199	-1.324745	18.101918	-0.341629	-113.617237
8.660506	76.143089	-1.319591	18.106907	-0.341744	-113.639528
8.665604	76.143988	-1.314432	18.111897	-0.341860	-113.661809
8.670705	76.144894	-1.309270	18.116886	-0.341975	-113.684079
8.675810	76.145809	-1.304105	18.121876	-0.342090	-113.706340
8.680919	76.146731	-1.298936	18.126866	-0.342206	-113.728590
8.686031	76.147661	-1.293763	18.131856	-0.342321	-113.750830
8.691147	76.148599	-1.288587	18.136846	-0.342436	-113.773060
8.696267	76.149545	-1.283407	18.141836	-0.342552	-113.795280
8.701390	76.150499	-1.278224	18.146826	-0.342667	-113.817490
8.706517	76.151460	-1.273038	18.151817	-0.342782	-113.839690
8.711647	76.152429	-1.267848	18.156807	-0.342898	-113.861879
8.716781	76.153405	-1.262654	18.161798	-0.343013	-113.884059
8.721918	76.154389	-1.257458	18.166788	-0.343129	-113.906228
8.727058	76.155380	-1.252258	18.171779	-0.343244	-113.928387
8.732202	76.156379	-1.247054	18.176770	-0.343359	-113.950536
8.737350	76.157385	-1.241848	18.181760	-0.343475	-113.972675
8.742500	76.158398	-1.236638	18.186751	-0.343590	-113.994804
8.747654	76.159418	-1.231425	18.191742	-0.343705	-114.016922
8.752812	76.160446	-1.226208	18.196733	-0.343821	-114.039031
8.757972	76.161481	-1.220989	18.201724	-0.343936	-114.061129
8.763136	76.162523	-1.215766	18.206716	-0.344051	-114.083217
8.768304	76.163571	-1.210540	18.211707	-0.344167	-114.105295
8.773474	76.164627	-1.205311	18.216698	-0.344282	-114.127363
8.778648	76.165690	-1.200079	18.221690	-0.344397	-114.149421
8.783824	76.166760	-1.194844	18.226681	-0.344513	-114.171468
8.789004	76.167836	-1.189606	18.231673	-0.344628	-114.193506
8.794187	76.168919	-1.184365	18.236664	-0.344743	-114.215533
8.799374	76.170009	-1.179121	18.241656	-0.344859	-114.237550
8.804563	76.171106	-1.173874	18.246648	-0.344974	-114.259557
8.809755	76.172209	-1.168624	18.251640	-0.345089	-114.281554
8.814951	76.173318	-1.163371	18.256632	-0.345205	-114.303541
8.820149	76.174435	-1.158115	18.261624	-0.345320	-114.325518
8.825350	76.175557	-1.152856	18.266616	-0.345435	-114.347484
8.830555	76.176686	-1.147595	18.271608	-0.345551	-114.369441
8.835762	76.177821	-1.142330	18.276600	-0.345666	-114.391387
8.840972	76.178963	-1.137063	18.281592	-0.345781	-114.413323
8.846185	76.180111	-1.131793	18.286584	-0.345897	-114.435249
8.851401	76.181265	-1.126521	18.291577	-0.346012	-114.457165
8.856620	76.182425	-1.121245	18.296569	-0.346127	-114.479071
8.861841	76.183591	-1.115967	18.301562	-0.346243	-114.500967
8.867066	76.184764	-1.110687	18.306554	-0.346358	-114.522852
8.872293	76.185942	-1.105403	18.311547	-0.346473	-114.544728
8.877522	76.187126	-1.100117	18.316539	-0.346588	-114.566593
8.882755	76.188316	-1.094829	18.321532	-0.346704	-114.588448
8.887990	76.189512	-1.089538	18.326525	-0.346819	-114.610293
8.893228	76.190714	-1.084244	18.331518	-0.346934	-114.632128
8.898469	76.191921	-1.078948	18.336510	-0.347049	-114.653953
8.903712	76.193134	-1.073650	18.341503	-0.347165	-114.675767
8.908957	76.194353	-1.068349	18.346496	-0.347280	-114.697572
8.914206	76.195577	-1.063045	18.351489	-0.347395	-114.719366
8.919456	76.196806	-1.057740	18.356482	-0.347510	-114.741151
8.924710	76.198042	-1.052431	18.361475	-0.347626	-114.762925
8.929966	76.199282	-1.047121	18.366469	-0.347741	-114.784689
8.935224	76.200528	-1.041808	18.371462	-0.347856	-114.806443
8.940485	76.201779	-1.036493	18.376455	-0.347971	-114.828187
8.945748	76.203036	-1.031176	18.381448	-0.348086	-114.849921
8.951013	76.204297	-1.025856	18.386441	-0.348202	-114.871644
8.956281	76.205564	-1.020534	18.391435	-0.348317	-114.893358
8.961551	76.206836	-1.015210	18.396428	-0.348432	-114.915061
8.966824	76.208113	-1.009884	18.401422	-0.348547	-114.936754
8.972099	76.209395	-1.004556	18.406415	-0.348662	-114.958437
8.977376	76.210682	-0.999225	18.411408	-0.348777	-114.980110
8.982655	76.211974	-0.993893	18.416402	-0.348893	-115.001773
8.987936	76.213270	-0.988558	18.421396	-0.349008	-115.023426
8.993220	76.214572	-0.983222	18.426389	-0.349123	-115.045069
8.998506	76.215878	-0.977883	18.431383	-0.349238	-115.066701
9.003794	76.217189	-0.972543	18.436376	-0.349353	-115.088324
9.009084	76.218504	-0.967200	18.441370	-0.349468	-115.109936
9.014376	76.219825	-0.961856	18.446364	-0.349583	-115.131538
9.019670	76.221149	-0.956510	18.451358	-0.349698	-115.153130
9.024966	76.222478	-0.951162	18.456351	-0.349813	-115.174712
9.030264	76.223812	-0.945812	18.461345	-0.349928	-115.196284
9.035564	76.225150	-0.940460	18.466339	-0.350043	-115.217846
9.040867	76.226492	-0.935107	18.471333	-0.350158	-115.239398
9.046171	76.227839	-0.929751	18.476327	-0.350273	-115.260939
9.051477	76.229189	-0.924395	18.481321	-0.350388	-115.282471
9.056784	76.230544	-0.919036	18.486314	-0.350503	-115.303992
9.062094	76.231904	-0.913676	18.491308	-0.350618	-115.325504
9.067405	76.233267	-0.908314	18.496302	-0.350733	-115.347005
9.072719	76.234634	-0.902950	18.501296	-0.350848	-115.368496
9.078034	76.236005	-0.897585	18.506290	-0.350963	-115.389977
9.083350	76.237380	-0.892218	18.511284	-0.351078	-115.411447
9.088669	76.238759	-0.886850	18.516278	-0.351193	-115.432908
9.093989	76.240142	-0.881480	18.521272	-0.351308	-115.454359
9.099311	76.241529	-0.876109	18.526267	-0.351423	-115.475799
9.104634	76.242919	-0.870736	18.531261	-0.351538	-115.497230
9.109959	76.244313	-0.865362	18.536255	-0.351653	-115.518650
9.115286	76.245711	-0.859987	18.541249	-0.351767	-115.540060
9.120614	76.247112	-0.854610	18.546243	-0.351882	-115.561460
9.125943	76.248517	-0.849232	18.551237	-0.351997	-115.582850
9.131274	76.249925	-0.843852	18.556231	-0.352112	-115.604230
9.136607	76.251337	-0.838471	18.561225	-0.352227	-115.625600
9.141941	76.252752	-0.833089	18.566219	-0.352341	-115.646960
9.147277	76.254170	-0.827706	18.571214	-0.352456	-115.668309
9.152613	76.255592	-0.822322	18.576208	-0.352571	-115.689649
9.157952	76.257017	-0.816936	18.581202	-0.352686	-115.710978
9.163291	76.258445	-0.811549	18.586196	-0.352800	-115.732298
9.168632	76.259877	-0.806161	18.591190	-0.352915	-115.753607
9.173974	76.261311	-0.800772	18.596184	-0.353030	-115.774906
9.179317	76.262748	-0.795383	18.601179	-0.353145	-115.796195
9.184662	76.264189	-0.789991	18.606173	-0.353259	-115.817474
9.190008	76.265632	-0.784599	18.611167	-0.353374	-115.838743
9.195355	76.267078	-0.779207	18.616161	-0.353488	-115.860002
9.200703	76.268527	-0.773813	18.621155	-0.353603	-115.881250
9.206052	76.269979	-0.768418	18.626149	-0.353718	-115.902489
9.211402	76.271434	-0.763022	18.631144	-0.353832	-115.923717
9.216754	76.272891	-0.757626	18.636138	-0.353947	-115.944936
9.222106	76.274351	-0.752228	18.641132	-0.354061	-115.966144
9.227460	76.275813	-0.746830	18.646126	-0.354176	-115.987342
9.232814	76.277278	-0.741431	18.651120	-0.354291	-116.008530
9.238169	76.278746	-0.736031	18.656114	-0.354405	-116.029708
9.243526	76.280216	-0.730631	18.661108	-0.354520	-116.050876
9.248883	76.281688	-0.725230	18.666103	-0.354634	-116.072034
9.254241	76.283163	-0.719828	18.671097	-0.354748	-116.093182
9.259600	76.284640	-0.714426	18.676091	-0.354863	-116.114319
9.264959	76.286119	-0.709023	18.681085	-0.354977	-116.135447
9.270320	76.287601	-0.703619	18.686079	-0.355092	-116.156564
9.275681	76.289084	-0.698215	18.691073	-0.355206	-116.177672
9.281043	76.290570	-0.692811	18.696067	-0.355320	-116.198769
9.286406	76.292058	-0.687406	18.701061	-0.355435	-116.219856
9.291769	76.293548	-0.682000	18.706055	-0.355549	-116.240933
9.297133	76.295040	-0.676594	18.711049	-0.355663	-116.262000
9.302497	76.296533	-0.671188	18.716043	-0.355778	-116.283057
9.307862	76.298029	-0.665781	18.721037	-0.355892	-116.304104
9.313228	76.299526	-0.660374	18.726031	-0.356006	-116.325141
9.318594	76.301026	-0.654967	18.731024	-0.356121	-116.346168
9.323961	76.302527	-0.649559	18.736018	-0.356235	-116.367184
9.329328	76.304029	-0.644152	18.741012	-0.356349	-116.388191
9.334696	76.305533	-0.638744	18.746006	-0.356463	-116.409187
9.340064	76.307039	-0.633335	18.751000	-0.356577	-116.430174
9.345433	76.308546	-0.627927	18.755993	-0.356691	-116.451150
9.350801	76.310055	-0.622518	18.760987	-0.356806	-116.472116
9.356171	76.311566	-0.617110	18.765981	-0.356920	-116.493072
9.361540	76.313077	-0.611701	18.770974	-0.357034	-116.514018
9.366910	76.314590	-0.606292	18.775968	-0.357148	-116.534954
9.372280	76.316105	-0.600884	18.780962	-0.357262	-116.555880
9.377650	76.317620	-0.595475	18.785955	-0.357376	-116.576796
9.383020	76.319137	-0.590066	18.790949	-0.357490	-116.597702
9.388391	76.320655	-0.584658	18.795942	-0.357604	-116.618597
9.393762	76.322174	-0.579249	18.800936	-0.357718	-116.639483
9.399133	76.323694	-0.573841	18.805929	-0.357832	-116.660358
9.404503	76.325215	-0.568433	18.810923	-0.357946	-116.681224
9.409874	76.326737	-0.563025	18.815916	-0.358059	-116.702079
9.415245	76.328260	-0.557617	18.820909	-0.358173	-116.722924
9.420616	76.329784	-0.552210	18.825903	-0.358287	-116.743759
9.425987	76.331309	-0.546803	18.830896	-0.358401	-116.764585
9.431358	76.332834	-0.541396	18.835889	-0.358515	-116.785400
9.436729	76.334360	-0.535989	18.840882	-0.358629	-116.806205
9.442099	76.335887	-0.530583	18.845875	-0.358742	-116.827000
9.447470	76.337415	-0.525177	18.850868	-0.358856	-116.847784
9.452840	76.338943	-0.519772	18.855861	-0.358970	-116.868559
9.458210	76.340472	-0.514367	18.860854	-0.359084	-116.889324
9.463580	76.342001	-0.508963	18.865847	-0.359197	-116.910078
9.468949	76.343530	-0.503559	18.870840	-0.359311	-116.930823
9.474319	76.345061	-0.498156	18.875833	-0.359424	-116.951557
9.479688	76.346591	-0.492754	18.880826	-0.359538	-116.972282
9.485056	76.348122	-0.487352	18.885818	-0.359652	-116.992996
9.490424	76.349653	-0.481950	18.890811	-0.359765	-117.013700
9.495792	76.351184	-0.476549	18.895804	-0.359879	-117.034395
9.501159	76.352715	-0.471150	18.900796	-0.359992	-117.055079
9.506526	76.354247	-0.465750	18.905789	-0.360106	-117.075753
9.511893	76.355779	-0.460352	18.910781	-0.360219	-117.096417
9.517258	76.357310	-0.454954	18.915774	-0.360333	-117.117071
9.522624	76.358842	-0.449557	18.920766	-0.360446	-117.137715
9.527988	76.360374	-0.444161	18.925758	-0.360559	-117.158348
9.533352	76.361906	-0.438766	18.930751	-0.360673	-117.178972
9.538716	76.363437	-0.433372	18.935743	-0.360786	-117.199586
9.544078	76.364968	-0.427979	18.940735	-0.360899	-117.220189
9.549440	76.366499	-0.422587	18.945727	-0.361013	-117.240783
9.554802	76.368030	-0.417196	18.950719	-0.361126	-117.261366
9.560162	76.369561	-0.411806	18.955711	-0.361239	-117.281940
9.565522	76.371091	-0.406417	18.960703	-0.361352	-117.302503
9.570880	76.372620	-0.401029	18.965695	-0.361466	-117.323056
9.576238	76.374150	-0.395642	18.970686	-0.361579	-117.343600
9.581596	76.375678	-0.390256	18.975678	-0.361692	-117.364133
9.586952	76.377207	-0.384872	18.980670	-0.361805	-117.384656
9.592307	76.378734	-0.379489	18.985661	-0.361918	-117.405169
9.597661	76.380261	-0.374107	18.990653	-0.362031	-117.425672
9.603014	76.381788	-0.368726	18.995644	-0.362144	-117.446165
9.608367	76.383313	-0.363347	19.000636	-0.362257	-117.466648
9.613718	76.384838	-0.357969	19.005627	-0.362370	-117.487121
9.619068	76.386362	-0.352592	19.010618	-0.362483	-117.507583
9.624417	76.387886	-0.347217	19.015609	-0.362596	-117.528036
9.629765	76.389408	-0.341843	19.020600	-0.362709	-117.548479
9.635111	76.390929	-0.336471	19.025591	-0.362822	-117.568911
9.640457	76.392450	-0.331100	19.030582	-0.362935	-117.589334
9.645801	76.393969	-0.325731	19.035573	-0.363047	-117.609746
9.651144	76.395487	-0.320363	19.040564	-0.363160	-117.630149
9.656485	76.397005	-0.314997	19.045554	-0.363273	-117.650541
9.661825	76.398521	-0.309633	19.050545	-0.363386	-117.670923
9.667164	76.400036	-0.304270	19.055536	-0.363498	-117.691296
9.672502	76.401549	-0.298909	19.060526	-0.363611	-117.711658
9.677838	76.403062	-0.293550	19.065516	-0.363724	-117.732010
9.683172	76.404573	-0.288192	19.070507	-0.363836	-117.752352
9.688505	76.406082	-0.282836	19.075497	-0.363949	-117.772684
9.693837	76.407591	-0.277483	19.080487	-0.364061	-117.793006
9.699167	76.409097	-0.272130	19.085477	-0.364174	-117.813318
9.704495	76.410603	-0.266780	19.090467	-0.364286	-117.833620
9.709822	76.412106	-0.261432	19.095457	-0.364399	-117.853912
9.715147	76.413608	-0.256085	19.100447	-0.364511	-117.874193
9.720471	76.415109	-0.250741	19.105436	-0.364624	-117.894465
9.725793	76.416608	-0.245399	19.110426	-0.364736	-117.914727
9.731113	76.418105	-0.240058	19.115416	-0.364848	-117.934978
9.736431	76.419600	-0.234720	19.120405	-0.364961	-117.955220
9.741748	76.421094	-0.229384	19.125394	-0.365073	-117.975452
9.747063	76.422586	-0.224050	19.130384	-0.365185	-117.995673
9.752376	76.424076	-0.218718	19.135373	-0.365298	-118.015884
9.757687	76.425564	-0.213388	19.140362	-0.365410	-118.036086
9.762996	76.427050	-0.208061	19.145351	-0.365522	-118.056277
9.768303	76.428534	-0.202736	19.150340	-0.365634	-118.076459
9.773608	76.430015	-0.197413	19.155329	-0.365746	-118.096630
9.778912	76.431495	-0.192092	19.160317	-0.365858	-118.116791
9.784213	76.432973	-0.186774	19.165306	-0.365970	-118.136942
9.789512	76.434448	-0.181458	19.170294	-0.366082	-118.157083
9.794809	76.435922	-0.176144	19.175283	-0.366194	-118.177214
9.800104	76.437393	-0.170833	19.180271	-0.366306	-118.197335
9.805397	76.438862	-0.165525	19.185259	-0.366418	-118.217446
9.810687	76.440328	-0.160219	19.190247	-0.366530	-118.237547
9.815976	76.441792	-0.154915	19.195235	-0.366642	-118.257638
9.821262	76.443253	-0.149614	19.200223	-0.366754	-118.277719
9.826546	76.444713	-0.144316	19.205211	-0.366866	-118.297790
9.831828	76.446169	-0.139020	19.210199	-0.366977	-118.317851
9.837107	76.447623	-0.133727	19.215186	-0.367089	-118.337902
9.842384	76.449075	-0.128437	19.220174	-0.367201	-118.357942
9.847658	76.450524	-0.123149	19.225161	-0.367312	-118.377973
9.852930	76.451970	-0.117864	19.230149	-0.367424	-118.397994
9.858200	76.453413	-0.112582	19.235136	-0.367536	-118.418004
9.863467	76.454854	-0.107303	19.240123	-0.367647	-118.438005
9.868732	76.456292	-0.102027	19.245110	-0.367759	-118.457995
9.873994	76.457727	-0.096753	19.250097	-0.367870	-118.477976
9.879253	76.459159	-0.091483	19.255083	-0.367982	-118.497946
9.884510	76.460588	-0.086215	19.260070	-0.368093	-118.517907
9.889765	76.462015	-0.080950	19.265057	-0.368205	-118.537857
9.895016	76.463438	-0.075689	19.270043	-0.368316	-118.557797
9.900265	76.464858	-0.070430	19.275029	-0.368427	-118.577728
9.905511	76.466276	-0.065174	19.280016	-0.368539	-118.597648
9.910755	76.467690	-0.059922	19.285002	-0.368650	-118.617558
9.915995	76.469101	-0.054673	19.289988	-0.368761	-118.637458
9.921233	76.470508	-0.049427	19.294973	-0.368873	-118.657348
9.926468	76.471913	-0.044184	19.299959	-0.368984	-118.677229
9.931700	76.473314	-0.038944	19.304945	-0.369095	-118.697099
9.936929	76.474712	-0.033707	19.309930	-0.369206	-118.716959
9.942156	76.476107	-0.028474	19.314916	-0.369317	-118.736809
9.947379	76.477498	-0.023245	19.319901	-0.369428	-118.756649
9.952599	76.478886	-0.018018	19.324886	-0.369539	-118.776479
9.957816	76.480270	-0.012795	19.329871	-0.369650	-118.796299
9.963031	76.481651	-0.007575	19.334856	-0.369761	-118.816109
9.968242	76.483028	-0.002359	19.339841	-0.369872	-118.835909
9.973450	76.484402	0.002854	19.344825	-0.369983	-118.855698
9.978654	76.485772	0.008063	19.349810	-0.370094	-118.875478
9.983856	76.487138	0.013268	19.354794	-0.370204	-118.895248
9.989054	76.488501	0.018471	19.359778	-0.370315	-118.915008
9.994250	76.489860	0.023669	19.364763	-0.370426	-118.934758
9.999441	76.491215	0.028864	19.369747	-0.370537	-118.954497
10.004630	76.492566	0.034055	19.374730	-0.370647	-118.974227
10.009815	76.493914	0.039242	19.379714	-0.370758	-118.993947
10.014997	76.495257	0.044426	19.384698	-0.370869	-119.013656
10.020175	76.496597	0.049606	19.389681	-0.370979	-119.033356
10.025350	76.497933	0.054782	19.394665	-0.371090	-119.053045
10.030522	76.499264	0.059955	19.399648	-0.371200	-119.072725
10.035690	76.500592	0.065123	19.404631	-0.371311	-119.092395
10.040855	76.501915	0.070288	19.409614	-0.371421	-119.112054
10.046016	76.503235	0.075448	19.414597	-0.371531	-119.131704
10.051173	76.504550	0.080605	19.419579	-0.371642	-119.151343
10.056327	76.505861	0.085758	19.424562	-0.371752	-119.170973
10.061477	76.507168	0.090906	19.429544	-0.371862	-119.190592
10.066623	76.508470	0.096051	19.434527	-0.371972	-119.210201
10.071766	76.509768	0.101191	19.439509	-0.372083	-119.229801
10.076905	76.511062	0.106328	19.444491	-0.372193	-119.249390
10.082041	76.512352	0.111460	19.449473	-0.372303	-119.268969
10.087172	76.513637	0.116588	19.454455	-0.372413	-119.288539
10.092300	76.514917	0.121712	19.459436	-0.372523	-119.308098
10.097423	76.516193	0.126832	19.464418	-0.372633	-119.327647
10.102543	76.517465	0.131947	19.469399	-0.372743	-119.347187
10.107659	76.518732	0.137058	19.474380	-0.372853	-119.366716
10.112771	76.519994	0.142165	19.479361	-0.372963	-119.386235
10.117879	76.521252	0.147267	19.484342	-0.373073	-119.405744
10.122983	76.522505	0.152365	19.489323	-0.373183	-119.425243
10.128083	76.523753	0.157459	19.494303	-0.373292	-119.444733
10.133179	76.524997	0.162548	19.499284	-0.373402	-119.464212
10.138271	76.526236	0.167633	19.504264	-0.373512	-119.483681
10.143359	76.527470	0.172713	19.509244	-0.373622	-119.503140
10.148442	76.528699	0.177788	19.514224	-0.373731	-119.522589
10.153522	76.529923	0.182859	19.519204	-0.373841	-119.542028
10.158597	76.531142	0.187925	19.524184	-0.373950	-119.561457
10.163668	76.532356	0.192987	19.529163	-0.374060	-119.580876
10.168734	76.533566	0.198044	19.534143	-0.374169	-119.600285
10.173797	76.534770	0.203096	19.539122	-0.374279	-119.619684
10.178854	76.535969	0.208144	19.544101	-0.374388	-119.639073
10.183908	76.537163	0.213187	19.549080	-0.374498	-119.658452
10.188957	76.538352	0.218225	19.554059	-0.374607	-119.677821
10.194002	76.539536	0.223258	19.559038	-0.374716	-119.697180
10.199042	76.540714	0.228286	19.564016	-0.374825	-119.716529
10.204078	76.541887	0.233310	19.568995	-0.374935	-119.735868
10.209109	76.543055	0.238328	19.573973	-0.375044	-119.755197
10.214136	76.544218	0.243342	19.578951	-0.375153	-119.774516
10.219158	76.545375	0.248350	19.583929	-0.375262	-119.793825
10.224175	76.546527	0.253354	19.588906	-0.375371	-119.813124
10.229188	76.547673	0.258352	19.593884	-0.375480	-119.832413
10.234196	76.548814	0.263345	19.598861	-0.375589	-119.851692
10.239200	76.549950	0.268334	19.603839	-0.375698	-119.870961
10.244199	76.551079	0.273317	19.608816	-0.375807	-119.890220
10.249192	76.552204	0.278295	19.613793	-0.375916	-119.909469
10.254182	76.553322	0.283267	19.618769	-0.376025	-119.928707
10.259166	76.554436	0.288235	19.623746	-0.376133	-119.947936
10.264145	76.555543	0.293197	19.628722	-0.376242	-119.967155
10.269120	76.556645	0.298154	19.633699	-0.376351	-119.986364
10.274090	76.557741	0.303106	19.638675	-0.376460	-120.005563
10.279054	76.558831	0.308052	19.643651	-0.376568	-120.024752
10.284014	76.559915	0.312993	19.648627	-0.376677	-120.043931
10.288969	76.560994	0.317928	19.653602	-0.376785	-120.063099
10.293919	76.562066	0.322858	19.658578	-0.376894	-120.082258
10.298863	76.563133	0.327782	19.663553	-0.377002	-120.101407
10.303803	76.564194	0.332701	19.668528	-0.377111	-120.120546
10.308737	76.565249	0.337615	19.673503	-0.377219	-120.139675
10.313667	76.566298	0.342523	19.678478	-0.377327	-120.158793
10.318591	76.567340	0.347425	19.683452	-0.377436	-120.177902
10.323510	76.568377	0.352321	19.688427	-0.377544	-120.197001
10.328423	76.569408	0.357212	19.693401	-0.377652	-120.216090
10.333332	76.570432	0.362098	19.698375	-0.377760	-120.235169
10.338235	76.571450	0.366977	19.703349	-0.377869	-120.254237
10.343132	76.572462	0.371851	19.708323	-0.377977	-120.273296
10.348025	76.573468	0.376719	19.713296	-0.378085	-120.292345
10.352912	76.574468	0.381581	19.718270	-0.378193	-120.311384
10.357793	76.575461	0.386437	19.723243	-0.378301	-120.330413
10.362669	76.576448	0.391288	19.728216	-0.378409	-120.349432
10.367540	76.577428	0.396132	19.733189	-0.378516	-120.368440
10.372405	76.578402	0.400971	19.738162	-0.378624	-120.387439
10.377265	76.579370	0.405803	19.743134	-0.378732	-120.406428
10.382119	76.580331	0.410630	19.748107	-0.378840	-120.425407
10.386967	76.581286	0.415450	19.753079	-0.378948	-120.444376
10.391810	76.582234	0.420265	19.758051	-0.379055	-120.463334
10.396647	76.583176	0.425073	19.763022	-0.379163	-120.482283
10.401479	76.584111	0.429876	19.767994	-0.379271	-120.501222
10.406304	76.585039	0.434672	19.772966	-0.379378	-120.520151
10.411125	76.585961	0.439462	19.777937	-0.379486	-120.539070
10.415939	76.586876	0.444245	19.782908	-0.379593	-120.557979
10.420747	76.587784	0.449023	19.787879	-0.379701	-120.576877
10.425550	76.588686	0.453794	19.792849	-0.379808	-120.595766
10.430347	76.589580	0.458559	19.797820	-0.379915	-120.614645
10.435137	76.590468	0.463318	19.802790	-0.380023	-120.633514
10.439922	76.591350	0.468070	19.807761	-0.380130	-120.652373
10.444701	76.592224	0.472816	19.812731	-0.380237	-120.671222
10.449474	76.593091	0.477555	19.817700	-0.380344	-120.690061
10.454242	76.593951	0.482288	19.822670	-0.380451	-120.708889
10.459003	76.594805	0.487015	19.827639	-0.380558	-120.727708
10.463758	76.595651	0.491735	19.832609	-0.380665	-120.746517
10.468506	76.596490	0.496448	19.837578	-0.380772	-120.765316
10.473249	76.597323	0.501155	19.842546	-0.380879	-120.784105
10.477986	76.598148	0.505855	19.847515	-0.380986	-120.802884
10.482716	76.598966	0.510549	19.852484	-0.381093	-120.821653
10.487440	76.599777	0.515236	19.857452	-0.381200	-120.840412
10.492158	76.600580	0.519916	19.862420	-0.381307	-120.859161
10.496870	76.601377	0.524590	19.867388	-0.381414	-120.877900
10.501576	76.602166	0.529257	19.872356	-0.381520	-120.896629
10.506275	76.602948	0.533917	19.877323	-0.381627	-120.915348
10.510968	76.603723	0.538570	19.882290	-0.381733	-120.934057
10.515654	76.604490	0.543217	19.887258	-0.381840	-120.952756
10.520334	76.605250	0.547856	19.892224	-0.381947	-120.971445
10.525008	76.606002	0.552489	19.897191	-0.382053	-120.990124
10.529675	76.606748	0.557115	19.902158	-0.382159	-121.008793
10.534335	76.607485	0.561734	19.907124	-0.382266	-121.027452
10.538990	76.608215	0.566346	19.912090	-0.382372	-121.046101
10.543637	76.608938	0.570951	19.917056	-0.382479	-121.064740
10.548278	76.609653	0.575548	19.922022	-0.382585	-121.083370
10.552913	76.610361	0.580139	19.926987	-0.382691	-121.101989
10.557540	76.611060	0.584723	19.931953	-0.382797	-121.120598
10.562162	76.611753	0.589300	19.936918	-0.382903	-121.139197
10.566776	76.612437	0.593869	19.941883	-0.383009	-121.157786
10.571384	76.613114	0.598431	19.946848	-0.383115	-121.176365
10.575985	76.613784	0.602986	19.951812	-0.383221	-121.194935
10.580579	76.614445	0.607534	19.956777	-0.383327	-121.213494
10.585167	76.615099	0.612075	19.961741	-0.383433	-121.232043
10.589747	76.615745	0.616608	19.966705	-0.383539	-121.250582
10.594321	76.616383	0.621134	19.971668	-0.383645	-121.269112
10.598888	76.617013	0.625653	19.976632	-0.383751	-121.287631
10.603448	76.617635	0.630164	19.981595	-0.383856	-121.306140
10.608001	76.618249	0.634668	19.986558	-0.383962	-121.324640
10.612548	76.618856	0.639164	19.991521	-0.384068	-121.343129
10.617087	76.619454	0.643653	19.996484	-0.384173	-121.361609
10.621619	76.620045	0.648135	20.001447	-0.384279	-121.380078
10.626144	76.620627	0.652609	20.006409	-0.384384	-121.398537
10.630662	76.621202	0.657075	20.011371	-0.384490	-121.416987
10.635173	76.621768	0.661534	20.016333	-0.384595	-121.435426
10.639677	76.622326	0.665985	20.021294	-0.384701	-121.453856
10.644174	76.622876	0.670429	20.026256	-0.384806	-121.472275
10.648663	76.623418	0.674865	20.031217	-0.384911	-121.490685
10.653146	76.623952	0.679293	20.036178	-0.385017	-121.509084
10.657621	76.624477	0.683714	20.041139	-0.385122	-121.527474
10.662089	76.624994	0.688126	20.046100	-0.385227	-121.545854
10.666549	76.625503	0.692532	20.051060	-0.385332	-121.564223
10.671003	76.626004	0.696929	20.056020	-0.385437	-121.582583
10.675449	76.626496	0.701318	20.060980	-0.385542	-121.600933
10.679887	76.626980	0.705700	20.065940	-0.385647	-121.619272
10.684319	76.627455	0.710074	20.070900	-0.385752	-121.637602
10.688743	76.627922	0.714440	20.075859	-0.385857	-121.655922
10.693159	76.628381	0.718798	20.080818	-0.385962	-121.674232
10.697568	76.628831	0.723148	20.085777	-0.386066	-121.692531
10.701969	76.629273	0.727490	20.090736	-0.386171	-121.710821
10.706363	76.629706	0.731824	20.095694	-0.386276	-121.729101
10.710750	76.630131	0.736150	20.100652	-0.386380	-121.747371
10.715129	76.630547	0.740468	20.105610	-0.386485	-121.765631
10.719500	76.630954	0.744778	20.110568	-0.386590	-121.783881
10.723864	76.631353	0.749080	20.115526	-0.386694	-121.802121
10.728220	76.631744	0.753373	20.120483	-0.386798	-121.820351
10.732568	76.632125	0.757659	20.125440	-0.386903	-121.838571
10.736909	76.632498	0.761936	20.130397	-0.387007	-121.856781
10.741242	76.632862	0.766205	20.135354	-0.387112	-121.874981
10.745567	76.633217	0.770466	20.140311	-0.387216	-121.893171
10.749884	76.633564	0.774718	20.145267	-0.387320	-121.911352
10.754194	76.633902	0.778963	20.150223	-0.387424	-121.929522
10.758496	76.634231	0.783199	20.155179	-0.387528	-121.947682
10.762790	76.634551	0.787426	20.160135	-0.387632	-121.965832
10.767076	76.634862	0.791645	20.165090	-0.387736	-121.983972
10.771354	76.635164	0.795856	20.170045	-0.387840	-122.002103
10.775624	76.635458	0.800059	20.175000	-0.387944	-122.020223
10.779887	76.635742	0.804253	20.179955	-0.388048	-122.038334
10.784141	76.636018	0.808438	20.184909	-0.388152	-122.056434
10.788387	76.636284	0.812615	20.189864	-0.388256	-122.074524
10.792626	76.636541	0.816784	20.194818	-0.388360	-122.092605
10.796856	76.636790	0.820943	20.199771	-0.388463	-122.110675
10.801078	76.637029	0.825095	20.204725	-0.388567	-122.128736
10.805293	76.637259	0.829238	20.209678	-0.388671	-122.146787
10.809499	76.637480	0.833372	20.214631	-0.388774	-122.164827
10.813697	76.637692	0.837497	20.219584	-0.388878	-122.182858
10.817886	76.637895	0.841614	20.224537	-0.388981	-122.200878
10.822068	76.638088	0.845722	20.229490	-0.389085	-122.218889
10.826241	76.638273	0.849821	20.234442	-0.389188	-122.236890
10.830406	76.638448	0.853912	20.239394	-0.389291	-122.254881
10.834563	76.638613	0.857994	20.244346	-0.389395	-122.272862
10.838712	76.638770	0.862067	20.249297	-0.389498	-122.290833
10.842852	76.638917	0.866131	20.254248	-0.389601	-122.308793
10.846984	76.639055	0.870186	20.259199	-0.389704	-122.326744
10.851107	76.639183	0.874233	20.264150	-0.389807	-122.344685
10.855223	76.639302	0.878270	20.269101	-0.389910	-122.362616
10.859329	76.639412	0.882299	20.274051	-0.390013	-122.380537
10.863428	76.639512	0.886319	20.279001	-0.390116	-122.398449
10.867518	76.639603	0.890330	20.283951	-0.390219	-122.416350
10.871599	76.639684	0.894331	20.288901	-0.390322	-122.434241
10.875672	76.639756	0.898324	20.293850	-0.390425	-122.452122
10.879736	76.639818	0.902308	20.298800	-0.390528	-122.469993
10.883792	76.639871	0.906282	20.303749	-0.390630	-122.487855
10.887840	76.639914	0.910248	20.308697	-0.390733	-122.505706
10.891878	76.639947	0.914204	20.313646	-0.390836	-122.523547
10.895908	76.639971	0.918152	20.318594	-0.390938	-122.541379
10.899930	76.639986	0.922090	20.323542	-0.391041	-122.559200
10.903943	76.639990	0.926019	20.328490	-0.391143	-122.577012
10.907947	76.639985	0.929939	20.333437	-0.391246	-122.594813
10.911942	76.639970	0.933849	20.338385	-0.391348	-122.612605
10.915929	76.639946	0.937750	20.343332	-0.391451	-122.630387
10.919907	76.639911	0.941642	20.348278	-0.391553	-122.648158
10.923876	76.639867	0.945525	20.353225	-0.391655	-122.665920
10.927836	76.639813	0.949398	20.358171	-0.391757	-122.683672
10.931788	76.639749	0.953262	20.363117	-0.391859	-122.701414
10.935731	76.639676	0.957117	20.368063	-0.391961	-122.719146
10.939665	76.639592	0.960962	20.373009	-0.392064	-122.736867
10.943590	76.639499	0.964798	20.377954	-0.392166	-122.754579
10.947506	76.639396	0.968625	20.382899	-0.392268	-122.772281
10.951413	76.639283	0.972442	20.387844	-0.392369	-122.789973
10.955311	76.639159	0.976249	20.392789	-0.392471	-122.807656
10.959200	76.639026	0.980047	20.397733	-0.392573	-122.825328
10.963081	76.638883	0.983836	20.402677	-0.392675	-122.842990
10.966952	76.638730	0.987615	20.407621	-0.392777	-122.860642
10.970814	76.638567	0.991384	20.412565	-0.392878	-122.878284
10.974667	76.638394	0.995144	20.417508	-0.392980	-122.895917
10.978511	76.638210	0.998894	20.422452	-0.393081	-122.913539
10.982347	76.638017	1.002634	20.427395	-0.393183	-122.931152
10.986172	76.637813	1.006365	20.432337	-0.393284	-122.948754
10.989989	76.637600	1.010087	20.437280	-0.393386	-122.966347
10.993797	76.637376	1.013798	20.442222	-0.393487	-122.983929
10.997595	76.637142	1.017500	20.447164	-0.393589	-123.001502
11.001385	76.636897	1.021192	20.452105	-0.393690	-123.019064
11.005165	76.636643	1.024874	20.457047	-0.393791	-123.036617
11.008935	76.636378	1.028547	20.461988	-0.393892	-123.054160
11.012697	76.636103	1.032209	20.466929	-0.393993	-123.071693
11.016449	76.635818	1.035862	20.471870	-0.394094	-123.089216
11.020192	76.635522	1.039505	20.476810	-0.394195	-123.106729
11.023926	76.635216	1.043138	20.481750	-0.394296	-123.124231
11.027650	76.634900	1.046762	20.486690	-0.394397	-123.141725
11.031365	76.634574	1.050375	20.491630	-0.394498	-123.159208
11.035071	76.634237	1.053979	20.496569	-0.394599	-123.176681
11.038767	76.633889	1.057572	20.501509	-0.394700	-123.194144
11.042453	76.633531	1.061156	20.506447	-0.394801	-123.211597
11.046131	76.633163	1.064729	20.511386	-0.394901	-123.229040
11.049799	76.632784	1.068293	20.516325	-0.395002	-123.246474
11.053457	76.632395	1.071846	20.521263	-0.395103	-123.263897
11.057106	76.631995	1.075390	20.526201	-0.395203	-123.281311
11.060745	76.631585	1.078923	20.531138	-0.395304	-123.298714
11.064375	76.631164	1.082447	20.536076	-0.395404	-123.316108
11.067995	76.630732	1.085960	20.541013	-0.395504	-123.333491
11.071606	76.630290	1.089463	20.545950	-0.395605	-123.350865
11.075207	76.629838	1.092956	20.550886	-0.395705	-123.368229
11.078799	76.629375	1.096439	20.555823	-0.395805	-123.385583
11.082381	76.628901	1.099911	20.560759	-0.395906	-123.402926
11.085953	76.628416	1.103374	20.565695	-0.396006	-123.420260
11.089515	76.627921	1.106826	20.570630	-0.396106	-123.437584
11.093068	76.627415	1.110268	20.575566	-0.396206	-123.454898
11.096611	76.626898	1.113699	20.580501	-0.396306	-123.472202
11.100145	76.626371	1.117121	20.585436	-0.396406	-123.489497
11.103669	76.625833	1.120532	20.590370	-0.396506	-123.506781
11.107183	76.625284	1.123933	20.595305	-0.396606	-123.524055
11.110687	76.624724	1.127323	20.600239	-0.396706	-123.541319
11.114181	76.624154	1.130703	20.605173	-0.396805	-123.558574
11.117666	76.623572	1.134073	20.610106	-0.396905	-123.575818
11.121141	76.622980	1.137433	20.615039	-0.397005	-123.593053
11.124606	76.622377	1.140781	20.619972	-0.397104	-123.610277
11.128061	76.621763	1.144120	20.624905	-0.397204	-123.627492
11.131506	76.621138	1.147448	20.629838	-0.397303	-123.644696
11.134941	76.620503	1.150766	20.634770	-0.397403	-123.661891
11.138367	76.619856	1.154073	20.639702	-0.397502	-123.679076
11.141782	76.619198	1.157370	20.644634	-0.397602	-123.696251
11.145188	76.618530	1.160656	20.649565	-0.397701	-123.713416
11.148583	76.617850	1.163931	20.654496	-0.397800	-123.730571
11.151969	76.617160	1.167196	20.659427	-0.397899	-123.747716
11.155344	76.616458	1.170451	20.664358	-0.397999	-123.764851
11.158710	76.615745	1.173695	20.669288	-0.398098	-123.781976
11.162066	76.615021	1.176928	20.674218	-0.398197	-123.799091
11.165411	76.614287	1.180151	20.679148	-0.398296	-123.816197
11.168747	76.613541	1.183363	20.684078	-0.398395	-123.833292
11.172072	76.612784	1.186565	20.689007	-0.398494	-123.850377
11.175387	76.612016	1.189755	20.693936	-0.398593	-123.867453
11.178692	76.611236	1.192935	20.698865	-0.398691	-123.884518
11.181987	76.610446	1.196105	20.703794	-0.398790	-123.901574
11.185272	76.609644	1.199264	20.708722	-0.398889	-123.918620
11.188547	76.608831	1.202412	20.713650	-0.398988	-123.935655
11.191812	76.608007	1.205549	20.718578	-0.399086	-123.952681
11.195066	76.607172	1.208675	20.723505	-0.399185	-123.969697
11.198310	76.606326	1.211791	20.728432	-0.399283	-123.986703
11.201544	76.605468	1.214896	20.733359	-0.399382	-124.003699
11.204768	76.604599	1.217990	20.738286	-0.399480	-124.020685
11.207982	76.603718	1.221073	20.743212	-0.399579	-124.037661
11.211185	76.602827	1.224146	20.748139	-0.399677	-124.054627
11.214378	76.601924	1.227207	20.753064	-0.399775	-124.071584
11.217561	76.601010	1.230258	20.757990	-0.399874	-124.088530
11.220733	76.600084	1.233298	20.762915	-0.399972	-124.105466
11.223895	76.599147	1.236327	20.767840	-0.400070	-124.122393
11.227047	76.598198	1.239345	20.772765	-0.400168	-124.139309
11.230188	76.597239	1.242352	20.777690	-0.400266	-124.156216
11.233319	76.596267	1.245348	20.782614	-0.400364	-124.173113
11.236440	76.595285	1.248333	20.787538	-0.400462	-124.190000
11.239550	76.594290	1.251308	20.792462	-0.400560	-124.206876
11.242650	76.593285	1.254271	20.797385	-0.400658	-124.223743
11.245739	76.592268	1.257223	20.802308	-0.400756	-124.240600
11.248819	76.591239	1.260164	20.807231	-0.400853	-124.257447
11.251887	76.590199	1.263095	20.812154	-0.400951	-124.274284
11.254945	76.589147	1.266014	20.817076	-0.401049	-124.291112
11.257993	76.588084	1.268922	20.821998	-0.401146	-124.307929
11.261030	76.587009	1.271819	20.826920	-0.401244	-124.324736
11.264057	76.585923	1.274705	20.831841	-0.401341	-124.341534
11.267073	76.584825	1.277580	20.836763	-0.401439	-124.358321
11.270079	76.583715	1.280444	20.841684	-0.401536	-124.375099
11.273074	76.582594	1.283296	20.846604	-0.401634	-124.391866
11.276058	76.581461	1.286138	20.851525	-0.401731	-124.408624
11.279032	76.580317	1.288968	20.856445	-0.401828	-124.425372
11.281996	76.579161	1.291787	20.861365	-0.401925	-124.442109
11.284948	76.577993	1.294595	20.866284	-0.402022	-124.458837
11.287891	76.576814	1.297392	20.871204	-0.402120	-124.475555
11.290822	76.575622	1.300178	20.876123	-0.402217	-124.492263
11.293743	76.574420	1.302952	20.881042	-0.402314	-124.508962
11.296654	76.573205	1.305715	20.885960	-0.402411	-124.525650
11.299554	76.571978	1.308467	20.890878	-0.402508	-124.542328
11.302443	76.570740	1.311208	20.895796	-0.402604	-124.558996
11.305321	76.569490	1.313938	20.900714	-0.402701	-124.575655
11.308189	76.568229	1.316656	20.905631	-0.402798	-124.592303
11.311046	76.566955	1.319363	20.910548	-0.402895	-124.608942
11.313892	76.565670	1.322058	20.915465	-0.402991	-124.625571
11.316728	76.564372	1.324743	20.920382	-0.403088	-124.642189
11.319553	76.563063	1.327416	20.925298	-0.403184	-124.658798
11.322367	76.561742	1.330077	20.930214	-0.403281	-124.675397
11.325170	76.560410	1.332728	20.935130	-0.403377	-124.691986
11.327963	76.559065	1.335367	20.940045	-0.403474	-124.708565
11.330745	76.557708	1.337994	20.944960	-0.403570	-124.725134
11.333516	76.556340	1.340610	20.949875	-0.403667	-124.741693
11.336277	76.554959	1.343215	20.954790	-0.403763	-124.758243
11.339026	76.553567	1.345809	20.959704	-0.403859	-124.774782
11.341765	76.552163	1.348391	20.964618	-0.403955	-124.791311
11.344493	76.550746	1.350961	20.969532	-0.404051	-124.807831
11.347210	76.549318	1.353521	20.974445	-0.404147	-124.824341
11.349916	76.547878	1.356068	20.979359	-0.404243	-124.840840
11.352612	76.546425	1.358605	20.984271	-0.404339	-124.857330
11.355296	76.544961	1.361130	20.989184	-0.404435	-124.873810
11.357970	76.543485	1.363643	20.994096	-0.404531	-124.890280
11.360633	76.541996	1.366145	20.999008	-0.404627	-124.906740
11.363285	76.540496	1.368635	21.003920	-0.404723	-124.923190
11.365926	76.538983	1.371114	21.008832	-0.404818	-124.939630
11.368556	76.537459	1.373582	21.013743	-0.404914	-124.956060
11.371175	76.535922	1.376038	21.018654	-0.405010	-124.972481
11.373784	76.534373	1.378482	21.023565	-0.405105	-124.988891
11.376381	76.532812	1.380915	21.028475	-0.405201	-125.005291
11.378967	76.531239	1.383336	21.033385	-0.405296	-125.021682
11.381543	76.529654	1.385746	21.038295	-0.405392	-125.038063
11.384108	76.528056	1.388144	21.043204	-0.405487	-125.054433
11.386661	76.526447	1.390531	21.048113	-0.405583	-125.070794
11.389204	76.524825	1.392906	21.053022	-0.405678	-125.087145
11.391736	76.523191	1.395269	21.057931	-0.405773	-125.103486
11.394256	76.521545	1.397621	21.062839	-0.405868	-125.119817
11.396766	76.519886	1.399961	21.067748	-0.405963	-125.136138
11.399265	76.518216	1.402290	21.072655	-0.406058	-125.152450
11.401752	76.516533	1.404607	21.077563	-0.406153	-125.168751
11.404229	76.514838	1.406913	21.082470	-0.406248	-125.185042
11.406695	76.513130	1.409206	21.087377	-0.406343	-125.201324
11.409149	76.511411	1.411489	21.092284	-0.406438	-125.217596
11.411593	76.509679	1.413759	21.097190	-0.406533	-125.233857
11.414025	76.507934	1.416018	21.102096	-0.406628	-125.250109
11.416447	76.506178	1.418265	21.107002	-0.406723	-125.266351
11.418857	76.504409	1.420501	21.111907	-0.406817	-125.282583
11.421257	76.502628	1.422724	21.116813	-0.406912	-125.298805
11.423645	76.500834	1.424937	21.121718	-0.407007	-125.315017
11.426022	76.499028	1.427137	21.126622	-0.407101	-125.331219
11.428388	76.497210	1.429326	21.131527	-0.407196	-125.347411
11.430743	76.495379	1.431503	21.136431	-0.407290	-125.363594
11.433087	76.493536	1.433668	21.141334	-0.407384	-125.379766
11.435420	76.491680	1.435822	21.146238	-0.407479	-125.395929
11.437742	76.489812	1.437964	21.151141	-0.407573	-125.412081
11.440052	76.487932	1.440094	21.156044	-0.407667	-125.428224
11.442352	76.486039	1.442212	21.160947	-0.407762	-125.444357
11.444640	76.484134	1.444319	21.165849	-0.407856	-125.460480
11.446917	76.482216	1.446414	21.170751	-0.407950	-125.476593
11.449183	76.480286	1.448497	21.175653	-0.408044	-125.492696
11.451438	76.478343	1.450569	21.180554	-0.408138	-125.508789
11.453682	76.476388	1.452628	21.185455	-0.408232	-125.524872
11.455915	76.474421	1.454676	21.190356	-0.408326	-125.540946
11.458136	76.472440	1.456712	21.195257	-0.408420	-125.557009
11.460347	76.470448	1.458737	21.200157	-0.408513	-125.573063
11.462546	76.468443	1.460749	21.205057	-0.408607	-125.589106
11.464734	76.466425	1.462750	21.209957	-0.408701	-125.605140
11.466911	76.464394	1.464739	21.214856	-0.408795	-125.621164
11.469076	76.462352	1.466716	21.219755	-0.408888	-125.637178
11.471231	76.460296	1.468682	21.224654	-0.408982	-125.653182
11.473374	76.458228	1.470635	21.229553	-0.409075	-125.669176
11.475506	76.456148	1.472577	21.234451	-0.409169	-125.685160
11.477627	76.454054	1.474507	21.239349	-0.409262	-125.701134
11.479737	76.451949	1.476425	21.244247	-0.409356	-125.717099
11.481835	76.449830	1.478331	21.249144	-0.409449	-125.733053
11.483923	76.447699	1.480226	21.254041	-0.409542	-125.748998
11.485999	76.445555	1.482108	21.258938	-0.409635	-125.764932
11.488063	76.443399	1.483979	21.263835	-0.409729	-125.780857
11.490117	76.441230	1.485838	21.268731	-0.409822	-125.796772
11.492160	76.439048	1.487685	21.273627	-0.409915	-125.812677
11.494191	76.436854	1.489520	21.278522	-0.410008	-125.828572
11.496211	76.434647	1.491344	21.283418	-0.410101	-125.844457
11.498219	76.432427	1.493155	21.288313	-0.410194	-125.860332
11.500217	76.430195	1.494955	21.293207	-0.410287	-125.876198
11.502203	76.427949	1.496743	21.298102	-0.410379	-125.892053
11.504178	76.425691	1.498518	21.302996	-0.410472	-125.907899
11.506142	76.423421	1.500283	21.307890	-0.410565	-125.923734
11.508095	76.421137	1.502035	21.312783	-0.410658	-125.939560
11.510036	76.418841	1.503775	21.317677	-0.410750	-125.955376
11.511966	76.416532	1.505504	21.322570	-0.410843	-125.971182
11.513885	76.414211	1.507220	21.327462	-0.410935	-125.986978
11.515793	76.411876	1.508925	21.332355	-0.411028	-126.002764
11.517689	76.409529	1.510618	21.337247	-0.411120	-126.018540
11.519574	76.407169	1.512299	21.342139	-0.411213	-126.034306
11.521448	76.404796	1.513968	21.347030	-0.411305	-126.050063
11.523310	76.402411	1.515625	21.351921	-0.411397	-126.065809
11.525162	76.400012	1.517270	21.356812	-0.411490	-126.081546
11.527002	76.397601	1.518904	21.361703	-0.411582	-126.097272
11.528831	76.395177	1.520525	21.366593	-0.411674	-126.112989
11.530648	76.392740	1.522135	21.371483	-0.411766	-126.128696
11.532455	76.390290	1.523732	21.376373	-0.411858	-126.144393
11.534250	76.387827	1.525318	21.381262	-0.411950	-126.160080
11.536033	76.385352	1.526892	21.386151	-0.412042	-126.175757
11.537806	76.382863	1.528454	21.391040	-0.412134	-126.191425
11.539567	76.380362	1.530004	21.395929	-0.412226	-126.207082
11.541317	76.377848	1.531543	21.400817	-0.412318	-126.222729
11.543056	76.375321	1.533069	21.405705	-0.412410	-126.238367
11.544783	76.372780	1.534584	21.410593	-0.412501	-126.253995
11.546500	76.370228	1.536086	21.415480	-0.412593	-126.269613
11.548204	76.367662	1.537577	21.420367	-0.412685	-126.285220
11.549898	76.365083	1.539056	21.425254	-0.412776	-126.300818
11.551581	76.362491	1.540522	21.430140	-0.412868	-126.316407
11.553252	76.359886	1.541977	21.435026	-0.412959	-126.331985
11.554912	76.357269	1.543420	21.439912	-0.413051	-126.347553
11.556560	76.354638	1.544852	21.444798	-0.413142	-126.363111
11.558198	76.351994	1.546271	21.449683	-0.413234	-126.378660
11.559824	76.349338	1.547678	21.454568	-0.413325	-126.394199
11.561439	76.346668	1.549074	21.459453	-0.413416	-126.409727
11.563042	76.343986	1.550457	21.464337	-0.413507	-126.425246
11.564635	76.341290	1.551829	21.469221	-0.413598	-126.440755
11.566216	76.338582	1.553189	21.474105	-0.413690	-126.456254
11.567786	76.335860	1.554537	21.478988	-0.413781	-126.471743
11.569344	76.333125	1.555873	21.483871	-0.413872	-126.487222
11.570892	76.330378	1.557197	21.488754	-0.413963	-126.502692
11.572428	76.327617	1.558509	21.493637	-0.414054	-126.518151
11.573953	76.324843	1.559810	21.498519	-0.414144	-126.533601
11.575466	76.322056	1.561098	21.503401	-0.414235	-126.549040
11.576969	76.319257	1.562375	21.508283	-0.414326	-126.564470
11.578460	76.316444	1.563639	21.513164	-0.414417	-126.579890
11.579940	76.313618	1.564892	21.518045	-0.414507	-126.595300
11.581408	76.310779	1.566133	21.522926	-0.414598	-126.610700
11.582866	76.307927	1.567362	21.527806	-0.414689	-126.626090
11.584312	76.305061	1.568580	21.532687	-0.414779	-126.641471
11.585747	76.302183	1.569785	21.537566	-0.414870	-126.656841
11.587171	76.299292	1.570978	21.542446	-0.414960	-126.672202
11.588583	76.296387	1.572160	21.547325	-0.415051	-126.687552
11.589985	76.293469	1.573330	21.552204	-0.415141	-126.702893
11.591375	76.290538	1.574488	21.557083	-0.415231	-126.718224
11.592754	76.287595	1.575634	21.561961	-0.415322	-126.733545
11.594121	76.284637	1.576768	21.566839	-0.415412	-126.748856
11.595478	76.281667	1.577890	21.571717	-0.415502	-126.764157
11.596823	76.278684	1.579001	21.576595	-0.415592	-126.779448
11.598157	76.275687	1.580099	21.581472	-0.415682	-126.794730
11.599480	76.272678	1.581186	21.586349	-0.415772	-126.810001
11.600792	76.269655	1.582261	21.591225	-0.415862	-126.825263
11.602092	76.266619	1.583324	21.596101	-0.415952	-126.840514
11.603382	76.263570	1.584376	21.600977	-0.416042	-126.855756
11.604660	76.260507	1.585415	21.605853	-0.416132	-126.870988
11.605927	76.257432	1.586443	21.610728	-0.416222	-126.886210
11.607183	76.254343	1.587459	21.615603	-0.416311	-126.901422
11.608428	76.251241	1.588463	21.620478	-0.416401	-126.916625
11.609661	76.248126	1.589455	21.625353	-0.416491	-126.931817
11.610883	76.244997	1.590435	21.630227	-0.416580	-126.947000
11.612095	76.241856	1.591404	21.635100	-0.416670	-126.962172
11.613295	76.238701	1.592361	21.639974	-0.416759	-126.977335
11.614484	76.235533	1.593306	21.644847	-0.416849	-126.992488
11.615661	76.232351	1.594239	21.649720	-0.416938	-127.007631
11.616828	76.229157	1.595161	21.654593	-0.417028	-127.022764
11.617984	76.225949	1.596070	21.659465	-0.417117	-127.037887
11.619128	76.222728	1.596968	21.664337	-0.417206	-127.053000
11.620261	76.219494	1.597855	21.669209	-0.417295	-127.068104
11.621384	76.216246	1.598729	21.674080	-0.417385	-127.083197
11.622495	76.212985	1.599592	21.678951	-0.417474	-127.098281
11.623595	76.209711	1.600443	21.683822	-0.417563	-127.113354
11.624684	76.206424	1.601282	21.688693	-0.417652	-127.128418
11.625761	76.203123	1.602109	21.693563	-0.417741	-127.143472
11.626828	76.199809	1.602925	21.698433	-0.417830	-127.158516
11.627884	76.196482	1.603729	21.703302	-0.417919	-127.173551
11.628928	76.193141	1.604521	21.708172	-0.418008	-127.188575
11.629962	76.189787	1.605302	21.713041	-0.418096	-127.203589
11.630984	76.186420	1.606070	21.717909	-0.418185	-127.218594
11.631996	76.183039	1.606828	21.722778	-0.418274	-127.233588
11.632996	76.179645	1.607573	21.727646	-0.418363	-127.248573
11.633986	76.176238	1.608307	21.732513	-0.418451	-127.263548
11.634964	76.172818	1.609029	21.737381	-0.418540	-127.278513
11.635931	76.169384	1.609739	21.742248	-0.418628	-127.293468
11.636888	76.165937	1.610438	21.747115	-0.418717	-127.308413
11.637833	76.162476	1.611125	21.751981	-0.418805	-127.323349
11.638767	76.159002	1.611800	21.756848	-0.418894	-127.338274
11.639690	76.155515	1.612464	21.761714	-0.418982	-127.353190
11.640603	76.152015	1.613116	21.766579	-0.419070	-127.368096
11.641504	76.148501	1.613757	21.771445	-0.419159	-127.382991
11.642395	76.144973	1.614386	21.776310	-0.419247	-127.397877
11.643274	76.141433	1.615003	21.781174	-0.419335	-127.412753
11.644142	76.137879	1.615608	21.786039	-0.419423	-127.427620
11.645000	76.134311	1.616202	21.790903	-0.419511	-127.442476
11.645846	76.130731	1.616785	21.795767	-0.419599	-127.457322
11.646682	76.127136	1.617356	21.800630	-0.419687	-127.472159
11.647507	76.123529	1.617915	21.805493	-0.419775	-127.486986
11.648321	76.119908	1.618463	21.810356	-0.419863	-127.501802
11.649124	76.116274	1.618999	21.815219	-0.419951	-127.516609
11.649916	76.112626	1.619523	21.820081	-0.420039	-127.531406
11.650697	76.108965	1.620036	21.824943	-0.420127	-127.546193
11.651467	76.105290	1.620538	21.829805	-0.420214	-127.560971
11.652226	76.101602	1.621028	21.834666	-0.420302	-127.575738
11.652975	76.097901	1.621506	21.839527	-0.420390	-127.590495
11.653712	76.094186	1.621973	21.844388	-0.420477	-127.605243
11.654439	76.090458	1.622429	21.849248	-0.420565	-127.619981
11.655155	76.086716	1.622872	21.854109	-0.420652	-127.634709
11.655860	76.082961	1.623305	21.858968	-0.420740	-127.649427
11.656555	76.079192	1.623726	21.863828	-0.420827	-127.664135
11.657238	76.075410	1.624135	21.868687	-0.420915	-127.678833
11.657911	76.071615	1.624533	21.873546	-0.421002	-127.693521
11.658573	76.067806	1.624920	21.878405	-0.421089	-127.708200
11.659224	76.063984	1.625295	21.883263	-0.421176	-127.722868
11.659864	76.060148	1.625659	21.888121	-0.421264	-127.737527
11.660494	76.056299	1.626011	21.892979	-0.421351	-127.752176
11.661113	76.052436	1.626352	21.897836	-0.421438	-127.766815
11.661721	76.048560	1.626681	21.902693	-0.421525	-127.781444
11.662318	76.044670	1.626999	21.907550	-0.421612	-127.796063
11.662905	76.040767	1.627306	21.912406	-0.421699	-127.810672
11.663481	76.036851	1.627601	21.917263	-0.421786	-127.825272
11.664046	76.032920	1.627885	21.922118	-0.421873	-127.839861
11.664601	76.028977	1.628158	21.926974	-0.421960	-127.854441
11.665145	76.025020	1.628419	21.931829	-0.422046	-127.869011
11.665678	76.021049	1.628669	21.936684	-0.422133	-127.883571
11.666200	76.017066	1.628908	21.941539	-0.422220	-127.898121
11.666712	76.013068	1.629135	21.946393	-0.422306	-127.912661
11.667214	76.009057	1.629351	21.951247	-0.422393	-127.927192
11.667704	76.005033	1.629556	21.956101	-0.422480	-127.941712
11.668184	76.000995	1.629749	21.960954	-0.422566	-127.956223
11.668654	75.996943	1.629931	21.965807	-0.422653	-127.970723
11.669113	75.992878	1.630102	21.970660	-0.422739	-127.985214
11.669561	75.988800	1.630262	21.975513	-0.422825	-127.999695
11.669999	75.984708	1.630410	21.980365	-0.422912	-128.014166
11.670426	75.980602	1.630547	21.985217	-0.422998	-128.028627
11.670842	75.976483	1.630673	21.990068	-0.423084	-128.043079
11.671248	75.972351	1.630788	21.994920	-0.423171	-128.057520
11.671644	75.968205	1.630891	21.999771	-0.423257	-128.071952
11.672029	75.964045	1.630984	22.004621	-0.423343	-128.086373
11.672403	75.959872	1.631065	22.009472	-0.423429	-128.100785
11.672767	75.955685	1.631135	22.014322	-0.423515	-128.115187
11.673121	75.951485	1.631194	22.019171	-0.423601	-128.129579
11.673464	75.947272	1.631242	22.024021	-0.423687	-128.143962
11.673796	75.943044	1.631278	22.028870	-0.423773	-128.158334
11.674119	75.938804	1.631304	22.033719	-0.423859	-128.172696
11.674430	75.934549	1.631318	22.038567	-0.423945	-128.187049
11.674732	75.930282	1.631321	22.043416	-0.424030	-128.201392
11.675022	75.926000	1.631314	22.048263	-0.424116	-128.215725
11.675303	75.921705	1.631295	22.053111	-0.424202	-128.230048
11.675573	75.917397	1.631265	22.057958	-0.424287	-128.244361
11.675833	75.913075	1.631224	22.062805	-0.424373	-128.258664
11.676082	75.908739	1.631172	22.067652	-0.424459	-128.272958
11.676321	75.904390	1.631109	22.072498	-0.424544	-128.287241
11.676550	75.900027	1.631035	22.077344	-0.424630	-128.301515
11.676768	75.895651	1.630951	22.082190	-0.424715	-128.315778
11.676976	75.891261	1.630855	22.087036	-0.424800	-128.330032
11.677174	75.886858	1.630748	22.091881	-0.424886	-128.344276
11.677362	75.882441	1.630630	22.096726	-0.424971	-128.358511
11.677539	75.878011	1.630501	22.101570	-0.425056	-128.372735
11.677706	75.873567	1.630362	22.106414	-0.425142	-128.386949
11.677863	75.869109	1.630211	22.111258	-0.425227	-128.401154
11.678009	75.864638	1.630050	22.116102	-0.425312	-128.415349
11.678146	75.860153	1.629877	22.120945	-0.425397	-128.429534
11.678272	75.855655	1.629694	22.125788	-0.425482	-128.443708
11.678388	75.851143	1.629500	22.130631	-0.425567	-128.457874
11.678494	75.846617	1.629295	22.135473	-0.425652	-128.472029
11.678589	75.842078	1.629079	22.140315	-0.425737	-128.486174
11.678675	75.837525	1.628853	22.145157	-0.425822	-128.500310
11.678750	75.832959	1.628616	22.149998	-0.425907	-128.514435
11.678815	75.828379	1.628367	22.154840	-0.425992	-128.528551
11.678870	75.823786	1.628108	22.159680	-0.426076	-128.542657
11.678915	75.819179	1.627839	22.164521	-0.426161	-128.556753
11.678950	75.814559	1.627558	22.169361	-0.426246	-128.570839
11.678975	75.809924	1.627267	22.174201	-0.426330	-128.584916
11.678990	75.805277	1.626965	22.179041	-0.426415	-128.598982
11.678995	75.800615	1.626653	22.183880	-0.426499	-128.613039
11.678990	75.795940	1.626330	22.188719	-0.426584	-128.627085
11.678974	75.791252	1.625996	22.193558	-0.426668	-128.641122
11.678949	75.786550	1.625651	22.198396	-0.426753	-128.655149
11.678914	75.781834	1.625296	22.203234	-0.426837	-128.669166
11.678869	75.777105	1.624930	22.208072	-0.426922	-128.683173
11.678814	75.772362	1.624553	22.212910	-0.427006	-128.697171
11.678749	75.767605	1.624166	22.217747	-0.427090	-128.711158
11.678674	75.762835	1.623769	22.222584	-0.427174	-128.725136
11.678589	75.758052	1.623360	22.227420	-0.427259	-128.739104
11.678494	75.753254	1.622941	22.232256	-0.427343	-128.753062
11.678390	75.748443	1.622512	22.237092	-0.427427	-128.767010
11.678275	75.743619	1.622072	22.241928	-0.427511	-128.780948
11.678151	75.738781	1.621622	22.246763	-0.427595	-128.794876
11.678017	75.733929	1.621161	22.251598	-0.427679	-128.808795
11.677873	75.729064	1.620689	22.256433	-0.427763	-128.822704
11.677720	75.724185	1.620208	22.261267	-0.427847	-128.836602
11.677556	75.719293	1.619715	22.266101	-0.427930	-128.850491
11.677383	75.714386	1.619213	22.270935	-0.428014	-128.864370
11.677200	75.709467	1.618699	22.275769	-0.428098	-128.878239
11.677007	75.704533	1.618176	22.280602	-0.428182	-128.892099
11.676805	75.699586	1.617642	22.285435	-0.428265	-128.905948
11.676593	75.694626	1.617097	22.290267	-0.428349	-128.919788
11.676371	75.689652	1.616543	22.295100	-0.428433	-128.933617
11.676139	75.684664	1.615978	22.299932	-0.428516	-128.947437
11.675898	75.679663	1.615402	22.304763	-0.428600	-128.961247
11.675647	75.674648	1.614817	22.309595	-0.428683	-128.975047
11.675387	75.669619	1.614221	22.314426	-0.428767	-128.988838
11.675117	75.664577	1.613614	22.319256	-0.428850	-129.002618
11.674837	75.659521	1.612998	22.324087	-0.428933	-129.016389
11.674548	75.654452	1.612371	22.328917	-0.429017	-129.030149
11.674249	75.649369	1.611734	22.333747	-0.429100	-129.043900
11.673941	75.644272	1.611087	22.338576	-0.429183	-129.057641
11.673623	75.639162	1.610429	22.343405	-0.429266	-129.071372
11.673296	75.634038	1.609762	22.348234	-0.429350	-129.085094
11.672959	75.628900	1.609084	22.353063	-0.429433	-129.098805
11.672613	75.623749	1.608396	22.357891	-0.429516	-129.112507
11.672257	75.618585	1.607698	22.362719	-0.429599	-129.126198
11.671892	75.613406	1.606990	22.367547	-0.429682	-129.139880
11.671518	75.608214	1.606271	22.372374	-0.429765	-129.153552
11.671134	75.603009	1.605543	22.377201	-0.429848	-129.167214
11.670740	75.597790	1.604805	22.382028	-0.429931	-129.180867
11.670337	75.592557	1.604056	22.386854	-0.430013	-129.194509
11.669925	75.587311	1.603298	22.391681	-0.430096	-129.208142
11.669504	75.582051	1.602529	22.396506	-0.430179	-129.221764
11.669073	75.576777	1.601750	22.401332	-0.430262	-129.235377
11.668633	75.571490	1.600962	22.406157	-0.430344	-129.248980
11.668184	75.566189	1.600163	22.410982	-0.430427	-129.262573
11.667725	75.560875	1.599355	22.415807	-0.430510	-129.276156
11.667257	75.555547	1.598537	22.420631	-0.430592	-129.289730
11.666780	75.550205	1.597708	22.425455	-0.430675	-129.303293
11.666294	75.544850	1.596870	22.430279	-0.430757	-129.316847
11.665798	75.539481	1.596022	22.435102	-0.430840	-129.330391
11.665293	75.534098	1.595164	22.439925	-0.430922	-129.343925
11.664779	75.528702	1.594296	22.444748	-0.431004	-129.357449
11.664256	75.523292	1.593419	22.449570	-0.431087	-129.370963
11.663724	75.517869	1.592531	22.454393	-0.431169	-129.384468
11.663183	75.512432	1.591634	22.459214	-0.431251	-129.397962
11.662632	75.506982	1.590727	22.464036	-0.431333	-129.411447
11.662073	75.501518	1.589810	22.468857	-0.431415	-129.424922
11.661504	75.496040	1.588883	22.473678	-0.431498	-129.438387
11.660926	75.490549	1.587947	22.478499	-0.431580	-129.451842
11.660340	75.485044	1.587001	22.483319	-0.431662	-129.465287
11.659744	75.479525	1.586046	22.488139	-0.431744	-129.478723
11.659139	75.473993	1.585080	22.492959	-0.431826	-129.492148
11.658526	75.468447	1.584105	22.497778	-0.431908	-129.505564
11.657903	75.462888	1.583121	22.502597	-0.431990	-129.518970
11.657272	75.457315	1.582126	22.507416	-0.432071	-129.532366
11.656631	75.451728	1.581123	22.512235	-0.432153	-129.545752
11.655982	75.446128	1.580109	22.517053	-0.432235	-129.559129
11.655324	75.440514	1.579086	22.521871	-0.432317	-129.572495
11.654657	75.434887	1.578054	22.526688	-0.432398	-129.585852
11.653981	75.429246	1.577012	22.531506	-0.432480	-129.599198
11.653296	75.423591	1.575960	22.536323	-0.432562	-129.612535
11.652602	75.417923	1.574899	22.541139	-0.432643	-129.625862
11.651900	75.412241	1.573829	22.545956	-0.432725	-129.639180
11.651189	75.406546	1.572749	22.550772	-0.432806	-129.652487
11.650469	75.400837	1.571659	22.555588	-0.432888	-129.665784
11.649740	75.395115	1.570560	22.560403	-0.432969	-129.679072
11.649003	75.389378	1.569452	22.565218	-0.433051	-129.692350
11.648257	75.383629	1.568334	22.570033	-0.433132	-129.705618
11.647502	75.377865	1.567207	22.574848	-0.433213	-129.718876
11.646738	75.372089	1.566071	22.579662	-0.433295	-129.732124
11.645966	75.366298	1.564925	22.584476	-0.433376	-129.745363
11.645186	75.360494	1.563770	22.589289	-0.433457	-129.758591
11.644396	75.354676	1.562606	22.594103	-0.433538	-129.771810
11.643598	75.348845	1.561433	22.598916	-0.433619	-129.785019
11.642792	75.343000	1.560250	22.603729	-0.433700	-129.798218
11.641977	75.337142	1.559058	22.608541	-0.433781	-129.811407
11.641153	75.331270	1.557857	22.613353	-0.433863	-129.824586
11.640321	75.325384	1.556646	22.618165	-0.433943	-129.837756
11.639481	75.319485	1.555427	22.622976	-0.434024	-129.850915
11.638632	75.313572	1.554198	22.627788	-0.434105	-129.864065
11.637774	75.307646	1.552960	22.632598	-0.434186	-129.877205
11.636908	75.301706	1.551713	22.637409	-0.434267	-129.890335
11.636034	75.295753	1.550457	22.642219	-0.434348	-129.903455
11.635151	75.289786	1.549192	22.647029	-0.434429	-129.916566
11.634260	75.283805	1.547917	22.651839	-0.434509	-129.929666
11.633360	75.277811	1.546634	22.656648	-0.434590	-129.942757
11.632453	75.271803	1.545342	22.661458	-0.434671	-129.955838
11.631536	75.265782	1.544040	22.666266	-0.434751	-129.968909
11.630612	75.259747	1.542730	22.671075	-0.434832	-129.981970
11.629679	75.253699	1.541411	22.675883	-0.434912	-129.995021
11.628738	75.247637	1.540083	22.680691	-0.434993	-130.008063
11.627789	75.241561	1.538745	22.685498	-0.435073	-130.021094
11.626831	75.235472	1.537399	22.690306	-0.435154	-130.034116
11.625866	75.229370	1.536044	22.695113	-0.435234	-130.047128
11.624892	75.223253	1.534680	22.699919	-0.435315	-130.060130
11.623910	75.217124	1.533308	22.704726	-0.435395	-130.073122
11.622920	75.210980	1.531926	22.709532	-0.435475	-130.086104
11.621921	75.204823	1.530536	22.714337	-0.435555	-130.099077
11.620915	75.198653	1.529137	22.719143	-0.435636	-130.112040
11.619900	75.192469	1.527729	22.723948	-0.435716	-130.124992
11.618878	75.186272	1.526312	22.728753	-0.435796	-130.137935
11.617847	75.180061	1.524887	22.733557	-0.435876	-130.150869
11.616808	75.173836	1.523453	22.738362	-0.435956	-130.163792
11.615761	75.167598	1.522010	22.743166	-0.436036	-130.176705
11.614707	75.161346	1.520559	22.747969	-0.436116	-130.189609
11.613644	75.155081	1.519098	22.752773	-0.436196	-130.202503
11.612573	75.148802	1.517630	22.757576	-0.436276	-130.215387
11.611495	75.142510	1.516152	22.762378	-0.436356	-130.228261
11.610408	75.136204	1.514666	22.767181	-0.436436	-130.241125
11.609314	75.129885	1.513172	22.771983	-0.436516	-130.253979
11.608212	75.123552	1.511669	22.776785	-0.436595	-130.266824
11.607102	75.117206	1.510157	22.781586	-0.436675	-130.279659
11.605984	75.110846	1.508637	22.786387	-0.436755	-130.292483
11.604858	75.104472	1.507108	22.791188	-0.436834	-130.305298
11.603724	75.098086	1.505571	22.795989	-0.436914	-130.318104
11.602583	75.091685	1.504025	22.800789	-0.436994	-130.330899
11.601434	75.085271	1.502471	22.805589	-0.437073	-130.343684
11.600277	75.078844	1.500909	22.810389	-0.437153	-130.356460
11.599113	75.072403	1.499338	22.815189	-0.437232	-130.369226
11.597940	75.065948	1.497759	22.819988	-0.437312	-130.381982
11.596761	75.059480	1.496171	22.824786	-0.437391	-130.394728
11.595573	75.052999	1.494575	22.829585	-0.437471	-130.407464
11.594378	75.046504	1.492971	22.834383	-0.437550	-130.420191
11.593175	75.039995	1.491359	22.839181	-0.437629	-130.432907
11.591965	75.033473	1.489738	22.843979	-0.437709	-130.445614
11.590747	75.026938	1.488109	22.848776	-0.437788	-130.458311
11.589521	75.020389	1.486471	22.853573	-0.437867	-130.470998
11.588288	75.013826	1.484826	22.858370	-0.437946	-130.483675
11.587048	75.007250	1.483172	22.863166	-0.438025	-130.496343
11.585799	75.000661	1.481510	22.867962	-0.438104	-130.509000
11.584544	74.994058	1.479840	22.872758	-0.438184	-130.521648
11.583281	74.987442	1.478162	22.877554	-0.438263	-130.534286
11.582010	74.980812	1.476476	22.882349	-0.438342	-130.546914
11.580733	74.974168	1.474781	22.887144	-0.438421	-130.559532
11.579447	74.967511	1.473079	22.891938	-0.438500	-130.572140
11.578155	74.960841	1.471368	22.896733	-0.438578	-130.584739
11.576855	74.954157	1.469650	22.901527	-0.438657	-130.597328
11.575548	74.947460	1.467923	22.906320	-0.438736	-130.609906
11.574233	74.940749	1.466188	22.911114	-0.438815	-130.622475
11.572911	74.934025	1.464446	22.915907	-0.438894	-130.635035
11.571582	74.927288	1.462695	22.920700	-0.438972	-130.647584
11.570246	74.920536	1.460937	22.925492	-0.439051	-130.660123
11.568902	74.913772	1.459171	22.930284	-0.439130	-130.672653
11.567551	74.906994	1.457396	22.935076	-0.439208	-130.685173
11.566193	74.900202	1.455614	22.939868	-0.439287	-130.697683
11.564828	74.893398	1.453824	22.944659	-0.439366	-130.710183
11.563455	74.886579	1.452026	22.949450	-0.439444	-130.722673
11.562076	74.879747	1.450221	22.954241	-0.439523	-130.735154
11.560689	74.872902	1.448407	22.959032	-0.439601	-130.747624
11.559296	74.866044	1.446586	22.963822	-0.439680	-130.760085
11.557895	74.859171	1.444757	22.968611	-0.439758	-130.772536
11.556487	74.852286	1.442921	22.973401	-0.439836	-130.784977
11.555072	74.845387	1.441076	22.978190	-0.439915	-130.797408
11.553651	74.838475	1.439224	22.982979	-0.439993	-130.809830
11.552222	74.831549	1.437364	22.987768	-0.440071	-130.822241
11.550786	74.824610	1.435497	22.992556	-0.440150	-130.834643
11.549343	74.817657	1.433622	22.997344	-0.440228	-130.847035
11.547894	74.810691	1.431739	23.002132	-0.440306	-130.859417
11.546437	74.803711	1.429849	23.006919	-0.440384	-130.871790
11.544974	74.796718	1.427951	23.011707	-0.440462	-130.884152
11.543503	74.789712	1.426046	23.016493	-0.440540	-130.896505
11.542026	74.782692	1.424133	23.021280	-0.440618	-130.908847
11.540542	74.775659	1.422213	23.026066	-0.440696	-130.921180
11.539052	74.768613	1.420285	23.030852	-0.440774	-130.933503
11.537554	74.761553	1.418350	23.035638	-0.440852	-130.945817
11.536050	74.754480	1.416407	23.040423	-0.440930	-130.958120
11.534539	74.747393	1.414457	23.045208	-0.441008	-130.970414
11.533021	74.740293	1.412500	23.049993	-0.441086	-130.982697
11.531497	74.733179	1.410535	23.054778	-0.441164	-130.994971
11.529966	74.726053	1.408562	23.059562	-0.441241	-131.007235
11.528428	74.718912	1.406583	23.064346	-0.441319	-131.019490
11.526884	74.711759	1.404596	23.069129	-0.441397	-131.031734
11.525333	74.704592	1.402602	23.073912	-0.441475	-131.043969
11.523775	74.697412	1.400600	23.078695	-0.441552	-131.056193
11.522211	74.690218	1.398591	23.083478	-0.441630	-131.068408
11.520640	74.683011	1.396575	23.088261	-0.441707	-131.080613
11.519063	74.675790	1.394552	23.093043	-0.441785	-131.092809
11.517479	74.668557	1.392522	23.097824	-0.441863	-131.104994
11.515889	74.661309	1.390484	23.102606	-0.441940	-131.117170
11.514292	74.654049	1.388439	23.107387	-0.442018	-131.129335
11.512689	74.646775	1.386388	23.112168	-0.442095	-131.141491
11.511080	74.639488	1.384329	23.116949	-0.442172	-131.153637
11.509464	74.632187	1.382263	23.121729	-0.442250	-131.165774
11.507841	74.624873	1.380189	23.126509	-0.442327	-131.177900
11.506213	74.617546	1.378109	23.131289	-0.442404	-131.190017
11.504577	74.610206	1.376022	23.136068	-0.442482	-131.202123
11.502936	74.602852	1.373928	23.140847	-0.442559	-131.214220
11.501288	74.595485	1.371827	23.145626	-0.442636	-131.226307
11.499634	74.588104	1.369718	23.150405	-0.442713	-131.238385
11.497974	74.580710	1.367603	23.155183	-0.442790	-131.250452
11.496308	74.573303	1.365481	23.159961	-0.442868	-131.262510
11.494635	74.565883	1.363352	23.164739	-0.442945	-131.274558
11.492956	74.558449	1.361217	23.169516	-0.443022	-131.286595
11.491271	74.551002	1.359074	23.174293	-0.443099	-131.298624
11.489580	74.543541	1.356924	23.179070	-0.443176	-131.310642
11.487882	74.536068	1.354768	23.183847	-0.443253	-131.322650
11.486179	74.528581	1.352605	23.188623	-0.443330	-131.334649
11.484469	74.521080	1.350435	23.193399	-0.443407	-131.346638
11.482754	74.513567	1.348258	23.198174	-0.443483	-131.358617
11.481032	74.506040	1.346075	23.202950	-0.443560	-131.370586
11.479304	74.498500	1.343885	23.207725	-0.443637	-131.382545
11.477570	74.490946	1.341688	23.212499	-0.443714	-131.394495
11.475831	74.483379	1.339484	23.217274	-0.443791	-131.406434
11.474085	74.475799	1.337274	23.222048	-0.443867	-131.418364
11.472333	74.468206	1.335057	23.226822	-0.443944	-131.430284
11.470576	74.460600	1.332834	23.231595	-0.444021	-131.442194
11.468812	74.452980	1.330604	23.236369	-0.444097	-131.454095
11.467043	74.445347	1.328367	23.241142	-0.444174	-131.465985
11.465267	74.437700	1.326124	23.245914	-0.444250	-131.477866
11.463486	74.430041	1.323874	23.250687	-0.444327	-131.489737
11.461699	74.422368	1.321618	23.255459	-0.444403	-131.501598
11.459907	74.414682	1.319356	23.260231	-0.444480	-131.513449
11.458108	74.406983	1.317086	23.265002	-0.444556	-131.525290
11.456304	74.399270	1.314811	23.269773	-0.444633	-131.537122
11.454494	74.391544	1.312529	23.274544	-0.444709	-131.548944
11.452678	74.383805	1.310240	23.279315	-0.444786	-131.560756
11.450856	74.376053	1.307945	23.284085	-0.444862	-131.572558
11.449029	74.368287	1.305644	23.288855	-0.444938	-131.584350
11.447196	74.360508	1.303337	23.293625	-0.445015	-131.596132
11.445358	74.352717	1.301023	23.298395	-0.445091	-131.607905
11.443514	74.344911	1.298703	23.303164	-0.445167	-131.619668
11.441664	74.337093	1.296376	23.307933	-0.445243	-131.631421
11.439809	74.329261	1.294044	23.312701	-0.445319	-131.643164
11.437948	74.321417	1.291705	23.317469	-0.445395	-131.654897
11.436081	74.313558	1.289359	23.322238	-0.445472	-131.666621
11.434210	74.305687	1.287008	23.327005	-0.445548	-131.678334
11.432332	74.297803	1.284650	23.331773	-0.445624	-131.690038
11.430449	74.289905	1.282287	23.336540	-0.445700	-131.701732
11.428561	74.281994	1.279917	23.341307	-0.445776	-131.713416
11.426667	74.274070	1.277541	23.346073	-0.445852	-131.725091
11.424768	74.266133	1.275159	23.350839	-0.445927	-131.736755
11.422863	74.258183	1.272771	23.355605	-0.446003	-131.748410
11.420953	74.250219	1.270376	23.360371	-0.446079	-131.760055
11.419038	74.242243	1.267976	23.365137	-0.446155	-131.771690
11.417117	74.234253	1.265570	23.369902	-0.446231	-131.783315
11.415191	74.226250	1.263157	23.374666	-0.446307	-131.794930
11.413260	74.218234	1.260739	23.379431	-0.446382	-131.806536
11.411324	74.210204	1.258315	23.384195	-0.446458	-131.818132
11.409382	74.202162	1.255885	23.388959	-0.446534	-131.829718
11.407435	74.194106	1.253449	23.393723	-0.446609	-131.841294
11.405483	74.186037	1.251007	23.398486	-0.446685	-131.852860
11.403525	74.177955	1.248559	23.403249	-0.446761	-131.864416
11.401562	74.169860	1.246105	23.408012	-0.446836	-131.875963
11.399595	74.161752	1.243646	23.412775	-0.446912	-131.887500
11.397622	74.153631	1.241180	23.417537	-0.446987	-131.899027
11.395644	74.145496	1.238709	23.422299	-0.447063	-131.910544
11.393661	74.137349	1.236232	23.427060	-0.447138	-131.922051
11.391673	74.129188	1.233749	23.431822	-0.447214	-131.933549
11.389679	74.121014	1.231261	23.436583	-0.447289	-131.945037
11.387681	74.112827	1.228767	23.441344	-0.447365	-131.956515
11.385678	74.104627	1.226267	23.446104	-0.447440	-131.967983
11.383670	74.096414	1.223762	23.450864	-0.447515	-131.979441
11.381656	74.088188	1.221250	23.455624	-0.447591	-131.990889
11.379638	74.079948	1.218734	23.460384	-0.447666	-132.002328
11.377615	74.071696	1.216211	23.465143	-0.447741	-132.013757
11.375587	74.063430	1.213683	23.469902	-0.447816	-132.025176
11.373554	74.055152	1.211150	23.474661	-0.447892	-132.036585
11.371516	74.046860	1.208611	23.479419	-0.447967	-132.047984
11.369474	74.038555	1.206066	23.484178	-0.448042	-132.059374
11.367426	74.030237	1.203516	23.488935	-0.448117	-132.070753
11.365374	74.021906	1.200960	23.493693	-0.448192	-132.082123
11.363317	74.013562	1.198399	23.498450	-0.448267	-132.093483
11.361255	74.005205	1.195832	23.503207	-0.448342	-132.104834
11.359188	73.996835	1.193260	23.507964	-0.448417	-132.116174
11.357117	73.988452	1.190683	23.512721	-0.448492	-132.127505
11.355041	73.980055	1.188100	23.517477	-0.448567	-132.138825
11.352960	73.971646	1.185512	23.522233	-0.448642	-132.150136
11.350875	73.963224	1.182918	23.526988	-0.448717	-132.161437
11.348785	73.954788	1.180319	23.531744	-0.448792	-132.172729
11.346690	73.946340	1.177715	23.536499	-0.448867	-132.184010
11.344591	73.937879	1.175106	23.541253	-0.448941	-132.195282
11.342487	73.929404	1.172491	23.546008	-0.449016	-132.206544
11.340379	73.920917	1.169871	23.550762	-0.449091	-132.217796
11.338266	73.912416	1.167246	23.555516	-0.449166	-132.229038
11.336148	73.903902	1.164615	23.560269	-0.449240	-132.240270
11.334026	73.895376	1.161980	23.565023	-0.449315	-132.251493
11.331900	73.886836	1.159339	23.569776	-0.449390	-132.262706
11.329769	73.878284	1.156693	23.574528	-0.449464	-132.273909
11.327633	73.869718	1.154042	23.579281	-0.449539	-132.285102
11.325493	73.861140	1.151386	23.584033	-0.449614	-132.296285
11.323349	73.852548	1.148724	23.588785	-0.449688	-132.307459
11.321200	73.843943	1.146058	23.593537	-0.449763	-132.318622
11.319047	73.835326	1.143386	23.598288	-0.449837	-132.329776
11.316890	73.826695	1.140710	23.603039	-0.449912	-132.340920
11.314728	73.818052	1.138028	23.607790	-0.449986	-132.352054
11.312562	73.809395	1.135342	23.612540	-0.450060	-132.363179
11.310392	73.800726	1.132650	23.617290	-0.450135	-132.374293
11.308217	73.792043	1.129954	23.622040	-0.450209	-132.385398
11.306038	73.783348	1.127253	23.626790	-0.450284	-132.396493
11.303855	73.774640	1.124546	23.631539	-0.450358	-132.407578
11.301668	73.765918	1.121835	23.636288	-0.450432	-132.418654
11.299476	73.757184	1.119119	23.641037	-0.450506	-132.429719
11.297281	73.748437	1.116398	23.645785	-0.450581	-132.440775
11.295081	73.739677	1.113672	23.650534	-0.450655	-132.451821
11.292877	73.730904	1.110942	23.655281	-0.450729	-132.462857
11.290669	73.722118	1.108206	23.660029	-0.450803	-132.473883
11.288456	73.713319	1.105466	23.664776	-0.450877	-132.484900
11.286240	73.704507	1.102721	23.669523	-0.450952	-132.495906
11.284020	73.695682	1.099972	23.674270	-0.451026	-132.506903
11.281795	73.686844	1.097217	23.679017	-0.451100	-132.517890
11.279567	73.677994	1.094458	23.683763	-0.451174	-132.528867
11.277334	73.669130	1.091694	23.688509	-0.451248	-132.539835
11.275098	73.660254	1.088926	23.693254	-0.451322	-132.550792
11.272857	73.651364	1.086153	23.698000	-0.451396	-132.561740
11.270613	73.642462	1.083375	23.702745	-0.451470	-132.572678
11.268365	73.633547	1.080593	23.707490	-0.451544	-132.583606
11.266112	73.624619	1.077806	23.712234	-0.451618	-132.594524
11.263856	73.615678	1.075014	23.716978	-0.451691	-132.605433
11.261596	73.606724	1.072218	23.721722	-0.451765	-132.616332
11.259333	73.597758	1.069417	23.726466	-0.451839	-132.627220
11.257065	73.588778	1.066612	23.731209	-0.451913	-132.638099
11.254793	73.579786	1.063803	23.735953	-0.451987	-132.648969
11.252518	73.570780	1.060989	23.740695	-0.452060	-132.659828
11.250239	73.561762	1.058170	23.745438	-0.452134	-132.670678
11.247956	73.552731	1.055347	23.750180	-0.452208	-132.681518
11.245670	73.543687	1.052520	23.754922	-0.452281	-132.692348
11.243380	73.534631	1.049688	23.759664	-0.452355	-132.703168
11.241086	73.525561	1.046852	23.764405	-0.452429	-132.713978
11.238788	73.516479	1.044011	23.769146	-0.452502	-132.724779
11.236487	73.507384	1.041166	23.773887	-0.452576	-132.735569
11.234182	73.498276	1.038317	23.778628	-0.452650	-132.746350
11.231873	73.489155	1.035463	23.783368	-0.452723	-132.757122
11.229561	73.480021	1.032606	23.788108	-0.452797	-132.767883
11.227245	73.470874	1.029744	23.792848	-0.452870	-132.778634
11.224926	73.461715	1.026877	23.797587	-0.452944	-132.789376
11.222603	73.452543	1.024007	23.802327	-0.453017	-132.800108
11.220276	73.443358	1.021132	23.807065	-0.453090	-132.810830
11.217946	73.434160	1.018253	23.811804	-0.453164	-132.821542
11.215613	73.424950	1.015370	23.816542	-0.453237	-132.832245
11.213276	73.415726	1.012482	23.821281	-0.453310	-132.842937
11.210936	73.406490	1.009591	23.826018	-0.453384	-132.853620
11.208592	73.397241	1.006695	23.830756	-0.453457	-132.864293
11.206245	73.387980	1.003796	23.835493	-0.453530	-132.874956
11.203894	73.378705	1.000892	23.840230	-0.453604	-132.885610
11.201540	73.369418	0.997984	23.844967	-0.453677	-132.896253
11.199182	73.360118	0.995072	23.849703	-0.453750	-132.906887
11.196822	73.350805	0.992156	23.854439	-0.453823	-132.917511
11.194458	73.341479	0.989236	23.859175	-0.453896	-132.928125
11.192090	73.332141	0.986313	23.863911	-0.453970	-132.938730
11.189719	73.322790	0.983385	23.868646	-0.454043	-132.949324
11.187345	73.313426	0.980453	23.873381	-0.454116	-132.959909
11.184968	73.304049	0.977517	23.878116	-0.454189	-132.970484
11.182588	73.294660	0.974577	23.882850	-0.454262	-132.981049
11.180204	73.285258	0.971634	23.887584	-0.454335	-132.991604
11.177817	73.275843	0.968686	23.892318	-0.454408	-133.002150
11.175427	73.266416	0.965735	23.897052	-0.454481	-133.012686
11.173034	73.256975	0.962780	23.901785	-0.454554	-133.023212
11.170637	73.247523	0.959821	23.906518	-0.454627	-133.033728
11.168238	73.238057	0.956858	23.911251	-0.454700	-133.044234
11.165835	73.228578	0.953891	23.915983	-0.454773	-133.054730
11.163429	73.219087	0.950921	23.920716	-0.454845	-133.065217
11.161020	73.209584	0.947947	23.925447	-0.454918	-133.075694
11.158609	73.200067	0.944969	23.930179	-0.454991	-133.086161
11.156194	73.190538	0.941987	23.934911	-0.455064	-133.096618
11.153776	73.180996	0.939002	23.939642	-0.455137	-133.107066
11.151355	73.171441	0.936013	23.944372	-0.455209	-133.117503
11.148931	73.161874	0.933020	23.949103	-0.455282	-133.127931
11.146504	73.152294	0.930024	23.953833	-0.455355	-133.138349
11.144074	73.142701	0.927024	23.958563	-0.455428	-133.148757
11.141641	73.133096	0.924020	23.963293	-0.455500	-133.159156
11.139205	73.123478	0.921013	23.968023	-0.455573	-133.169544
11.136767	73.113848	0.918002	23.972752	-0.455645	-133.179923
11.134325	73.104204	0.914988	23.977481	-0.455718	-133.190292
11.131881	73.094548	0.911970	23.982209	-0.455791	-133.200651
11.129433	73.084880	0.908949	23.986938	-0.455863	-133.211001
11.126983	73.075199	0.905924	23.991666	-0.455936	-133.221340
11.124530	73.065505	0.902895	23.996394	-0.456008	-133.231670
11.122075	73.055798	0.899864	24.001121	-0.456081	-133.241990
11.119616	73.046079	0.896828	24.005848	-0.456153	-133.252300
11.117155	73.036347	0.893790	24.010575	-0.456226	-133.262601
11.114691	73.026603	0.890747	24.015302	-0.456298	-133.272891
11.112224	73.016846	0.887702	24.020029	-0.456371	-133.283172
11.109755	73.007076	0.884653	24.024755	-0.456443	-133.293443
11.107283	72.997294	0.881600	24.029481	-0.456515	-133.303704
11.104808	72.987499	0.878545	24.034206	-0.456588	-133.313955
11.102330	72.977692	0.875486	24.038932	-0.456660	-133.324197
11.099850	72.967872	0.872423	24.043657	-0.456732	-133.334429
11.097367	72.958039	0.869358	24.048381	-0.456805	-133.344651
11.094882	72.948194	0.866289	24.053106	-0.456877	-133.354863
11.092394	72.938336	0.863216	24.057830	-0.456949	-133.365065
11.089904	72.928466	0.860141	24.062554	-0.457021	-133.375258
11.087411	72.918583	0.857062	24.067278	-0.457093	-133.385440
11.084915	72.908687	0.853980	24.072001	-0.457166	-133.395613
11.082417	72.898779	0.850895	24.076724	-0.457238	-133.405776
11.079916	72.888858	0.847807	24.081447	-0.457310	-133.415930
11.077413	72.878925	0.844715	24.086170	-0.457382	-133.426073
11.074907	72.868979	0.841621	24.090892	-0.457454	-133.436207
11.072399	72.859021	0.838523	24.095614	-0.457526	-133.446331
11.069889	72.849050	0.835422	24.100336	-0.457598	-133.456445
11.067376	72.839067	0.832318	24.105058	-0.457670	-133.466549
11.064860	72.829071	0.829211	24.109779	-0.457742	-133.476644
11.062343	72.819062	0.826101	24.114500	-0.457814	-133.486728
11.059823	72.809041	0.822987	24.119221	-0.457886	-133.496803
11.057300	72.799008	0.819871	24.123941	-0.457958	-133.506868
11.054775	72.788961	0.816752	24.128661	-0.458030	-133.516924
11.052248	72.778903	0.813630	24.133381	-0.458102	-133.526969
11.049719	72.768832	0.810504	24.138101	-0.458174	-133.537005
11.047187	72.758748	0.807376	24.142820	-0.458246	-133.547031
11.044653	72.748652	0.804245	24.147539	-0.458318	-133.557047
11.042117	72.738543	0.801111	24.152258	-0.458390	-133.567053
11.039578	72.728422	0.797974	24.156977	-0.458461	-133.577050
11.037037	72.718288	0.794834	24.161695	-0.458533	-133.587036
11.034494	72.708142	0.791691	24.166413	-0.458605	-133.597013
11.031949	72.697984	0.788546	24.171131	-0.458677	-133.606980
11.029402	72.687813	0.785397	24.175848	-0.458748	-133.616937
11.026852	72.677629	0.782246	24.180565	-0.458820	-133.626885
11.024301	72.667433	0.779092	24.185282	-0.458892	-133.636823
11.021747	72.657225	0.775935	24.189999	-0.458964	-133.646751
11.019191	72.647004	0.772775	24.194715	-0.459035	-133.656669
11.016633	72.636770	0.769612	24.199431	-0.459107	-133.666577
11.014073	72.626524	0.766447	24.204147	-0.459179	-133.676475
11.011511	72.616266	0.763279	24.208863	-0.459250	-133.686364
11.008947	72.605995	0.760108	24.213578	-0.459322	-133.696243
11.006381	72.595712	0.756935	24.218293	-0.459393	-133.706112
11.003812	72.585416	0.753758	24.223008	-0.459465	-133.715971
11.001242	72.575108	0.750580	24.227722	-0.459536	-133.725821
10.998670	72.564788	0.747398	24.232437	-0.459608	-133.735661
10.996096	72.554455	0.744214	24.237151	-0.459679	-133.745490
10.993520	72.544109	0.741027	24.241864	-0.459751	-133.755311
10.990941	72.533751	0.737838	24.246578	-0.459822	-133.765121
10.988361	72.523381	0.734646	24.251291	-0.459894	-133.774921
10.985779	72.512999	0.731451	24.256004	-0.459965	-133.784712
10.983196	72.502604	0.728254	24.260716	-0.460037	-133.794493
10.980610	72.492196	0.725054	24.265429	-0.460108	-133.804264
10.978022	72.481776	0.721852	24.270141	-0.460179	-133.814025
10.975433	72.471344	0.718647	24.274853	-0.460251	-133.823777
10.972842	72.460900	0.715440	24.279564	-0.460322	-133.833519
10.970249	72.450443	0.712230	24.284275	-0.460393	-133.843251
10.967654	72.439973	0.709018	24.288986	-0.460464	-133.852973
10.965057	72.429491	0.705803	24.293697	-0.460536	-133.862685
10.962459	72.418997	0.702586	24.298408	-0.460607	-133.872388
10.959859	72.408491	0.699366	24.303118	-0.460678	-133.882080
10.957257	72.397972	0.696144	24.307828	-0.460749	-133.891763
10.954653	72.387441	0.692920	24.312537	-0.460821	-133.901436
10.952048	72.376897	0.689693	24.317247	-0.460892	-133.911100
10.949441	72.366341	0.686464	24.321956	-0.460963	-133.920753
10.946832	72.355773	0.683232	24.326665	-0.461034	-133.930397
10.944221	72.345192	0.679999	24.331373	-0.461105	-133.940031
10.941609	72.334599	0.676762	24.336082	-0.461176	-133.949655
10.938996	72.323994	0.673524	24.340790	-0.461247	-133.959270
10.936380	72.313377	0.670283	24.345498	-0.461319	-133.968874
10.933763	72.302747	0.667040	24.350205	-0.461390	-133.978469
10.931145	72.292104	0.663795	24.354913	-0.461461	-133.988054
10.928525	72.281450	0.660547	24.359620	-0.461532	-133.997629
10.925903	72.270783	0.657297	24.364326	-0.461603	-134.007195
10.923280	72.260104	0.654045	24.369033	-0.461674	-134.016750
10.920655	72.249412	0.650791	24.373739	-0.461745	-134.026296
10.918029	72.238709	0.647535	24.378445	-0.461816	-134.035832
10.915401	72.227992	0.644276	24.383151	-0.461886	-134.045358
10.912772	72.217264	0.641016	24.387856	-0.461957	-134.054875
10.910142	72.206523	0.637753	24.392561	-0.462028	-134.064381
10.907509	72.195770	0.634488	24.397266	-0.462099	-134.073878
10.904876	72.185005	0.631220	24.401971	-0.462170	-134.083365
10.902241	72.174228	0.627951	24.406675	-0.462241	-134.092843
10.899604	72.163438	0.624680	24.411379	-0.462312	-134.102310
10.896967	72.152636	0.621407	24.416083	-0.462382	-134.111768
10.894327	72.141822	0.618131	24.420787	-0.462453	-134.121216
10.891687	72.130995	0.614854	24.425490	-0.462524	-134.130654
10.889045	72.120156	0.611574	24.430193	-0.462595	-134.140082
10.886401	72.109305	0.608292	24.434896	-0.462666	-134.149500
10.883757	72.098442	0.605009	24.439598	-0.462736	-134.158909
10.881111	72.087566	0.601723	24.444301	-0.462807	-134.168308
10.878464	72.076678	0.598436	24.449003	-0.462878	-134.177697
10.875815	72.065778	0.595146	24.453704	-0.462948	-134.187076
10.873165	72.054866	0.591855	24.458406	-0.463019	-134.196446
10.870514	72.043942	0.588562	24.463107	-0.463090	-134.205806
10.867862	72.033005	0.585266	24.467808	-0.463160	-134.215156
10.865208	72.022056	0.581969	24.472509	-0.463231	-134.224496
10.862554	72.011095	0.578670	24.477209	-0.463301	-134.233826
10.859898	72.000121	0.575369	24.481909	-0.463372	-134.243147
10.857241	71.989136	0.572066	24.486609	-0.463443	-134.252458
10.854582	71.978138	0.568762	24.491309	-0.463513	-134.261759
10.851923	71.967128	0.565455	24.496008	-0.463584	-134.271050
10.849262	71.956106	0.562147	24.500707	-0.463654	-134.280331
10.846600	71.945071	0.558837	24.505406	-0.463725	-134.289603
10.843937	71.934025	0.555525	24.510105	-0.463795	-134.298865
10.841273	71.922966	0.552211	24.514803	-0.463866	-134.308117
10.838608	71.911895	0.548896	24.519501	-0.463936	-134.317359
10.835942	71.900812	0.545579	24.524199	-0.464006	-134.326591
10.833275	71.889717	0.542260	24.528896	-0.464077	-134.335814
10.830607	71.878610	0.538939	24.533594	-0.464147	-134.345027
10.827937	71.867490	0.535617	24.538291	-0.464218	-134.354230
10.825267	71.856358	0.532293	24.542987	-0.464288	-134.363423
10.822596	71.845214	0.528967	24.547684	-0.464358	-134.372607
10.819923	71.834058	0.525640	24.552380	-0.464429	-134.381781
10.817250	71.822890	0.522311	24.557076	-0.464499	-134.390945
10.814576	71.811710	0.518980	24.561772	-0.464569	-134.400099
10.811900	71.800517	0.515648	24.566467	-0.464640	-134.409243
10.809224	71.789313	0.512314	24.571162	-0.464710	-134.418378
10.806547	71.778096	0.508978	24.575857	-0.464780	-134.427502
10.803869	71.766867	0.505641	24.580552	-0.464850	-134.436617
10.801190	71.755626	0.502302	24.585246	-0.464921	-134.445723
10.798510	71.744373	0.498962	24.589941	-0.464991	-134.454818
10.795829	71.733108	0.495620	24.594634	-0.465061	-134.463904
10.793148	71.721831	0.492277	24.599328	-0.465131	-134.472979
10.790465	71.710541	0.488932	24.604022	-0.465201	-134.482045
10.787782	71.699240	0.485585	24.608715	-0.465271	-134.491102
10.785098	71.687926	0.482237	24.613407	-0.465342	-134.500148
10.782413	71.676601	0.478888	24.618100	-0.465412	-134.509185
10.779727	71.665263	0.475537	24.622792	-0.465482	-134.518212
10.777041	71.653913	0.472185	24.627484	-0.465552	-134.527229
10.774353	71.642551	0.468831	24.632176	-0.465622	-134.536236
10.771665	71.631177	0.465476	24.636868	-0.465692	-134.545234
10.768976	71.619791	0.462119	24.641559	-0.465762	-134.554221
10.766287	71.608393	0.458761	24.646250	-0.465832	-134.563199
10.763596	71.596982	0.455402	24.650941	-0.465902	-134.572168
10.760905	71.585560	0.452041	24.655632	-0.465972	-134.581126
10.758214	71.574126	0.448679	24.660322	-0.466042	-134.590075
10.755521	71.562679	0.445315	24.665012	-0.466112	-134.599013
10.752828	71.551221	0.441950	24.669702	-0.466182	-134.607942
10.750134	71.539750	0.438584	24.674391	-0.466252	-134.616862
10.747440	71.528268	0.435217	24.679080	-0.466322	-134.625771
10.744745	71.516773	0.431848	24.683769	-0.466392	-134.634671
10.742049	71.505267	0.428478	24.688458	-0.466462	-134.643561
10.739353	71.493748	0.425106	24.693146	-0.466532	-134.652441
10.736656	71.482217	0.421733	24.697835	-0.466601	-134.661311
10.733959	71.470675	0.418359	24.702523	-0.466671	-134.670172
10.731260	71.459120	0.414984	24.707210	-0.466741	-134.679022
10.728562	71.447553	0.411608	24.711898	-0.466811	-134.687863
10.725863	71.435975	0.408230	24.716585	-0.466881	-134.696694
10.723163	71.424384	0.404851	24.721272	-0.466951	-134.705516
10.720463	71.412781	0.401471	24.725959	-0.467020	-134.714327
10.717762	71.401166	0.398090	24.730645	-0.467090	-134.723129
10.715061	71.389540	0.394707	24.735331	-0.467160	-134.731921
10.712359	71.377901	0.391324	24.740017	-0.467230	-134.740703
10.709657	71.366250	0.387939	24.744703	-0.467299	-134.749476
10.706954	71.354588	0.384553	24.749388	-0.467369	-134.758239
10.704251	71.342913	0.381166	24.754073	-0.467439	-134.766991
10.701547	71.331226	0.377778	24.758758	-0.467508	-134.775735
10.698843	71.319528	0.374389	24.763443	-0.467578	-134.784468
10.696139	71.307817	0.370998	24.768127	-0.467648	-134.793191
10.693434	71.296094	0.367607	24.772811	-0.467717	-134.801905
10.690728	71.284360	0.364215	24.777495	-0.467787	-134.810609
10.688023	71.272614	0.360821	24.782179	-0.467857	-134.819303
10.685317	71.260855	0.357426	24.786862	-0.467926	-134.827988
10.682610	71.249085	0.354031	24.791545	-0.467996	-134.836662
10.679903	71.237302	0.350634	24.796228	-0.468065	-134.845327
10.677196	71.225508	0.347237	24.800911	-0.468135	-134.853982
10.674489	71.213702	0.343838	24.805593	-0.468205	-134.862628
10.671781	71.201884	0.340438	24.810275	-0.468274	-134.871263
10.669073	71.190054	0.337038	24.814957	-0.468344	-134.879889
10.666365	71.178212	0.333636	24.819638	-0.468413	-134.888505
10.663656	71.166358	0.330234	24.824320	-0.468483	-134.897111
10.660947	71.154492	0.326830	24.829001	-0.468552	-134.905707
10.658238	71.142614	0.323426	24.833682	-0.468622	-134.914294
10.655529	71.130725	0.320020	24.838362	-0.468691	-134.922871
10.652819	71.118823	0.316614	24.843042	-0.468760	-134.931438
10.650109	71.106910	0.313207	24.847722	-0.468830	-134.939995
10.647399	71.094985	0.309799	24.852402	-0.468899	-134.948542
10.644689	71.083047	0.306390	24.857082	-0.468969	-134.957080
10.641978	71.071098	0.302980	24.861761	-0.469038	-134.965608
10.639267	71.059137	0.299570	24.866440	-0.469107	-134.974126
10.636556	71.047164	0.296158	24.871119	-0.469177	-134.982634
10.633845	71.035180	0.292746	24.875797	-0.469246	-134.991133
10.631134	71.023183	0.289333	24.880476	-0.469316	-134.999621
10.628423	71.011174	0.285919	24.885154	-0.469385	-135.008100
10.625711	70.999154	0.282505	24.889831	-0.469454	-135.016570
10.623000	70.987122	0.279089	24.894509	-0.469523	-135.025029
10.620288	70.975078	0.275673	24.899186	-0.469593	-135.033479
10.617576	70.963022	0.272256	24.903863	-0.469662	-135.041919
10.614865	70.950954	0.268838	24.908540	-0.469731	-135.050349
10.612153	70.938874	0.265420	24.913217	-0.469801	-135.058769
10.609441	70.926783	0.262000	24.917893	-0.469870	-135.067179
10.606729	70.914679	0.258580	24.922569	-0.469939	-135.075580
10.604016	70.902564	0.255160	24.927245	-0.470008	-135.083971
10.601304	70.890437	0.251738	24.931920	-0.470077	-135.092352
10.598592	70.878298	0.248316	24.936595	-0.470147	-135.100724
10.595880	70.866147	0.244894	24.941270	-0.470216	-135.109085
10.593168	70.853985	0.241470	24.945945	-0.470285	-135.117437
10.590456	70.841811	0.238046	24.950620	-0.470354	-135.125779
10.587743	70.829624	0.234621	24.955294	-0.470423	-135.134112
10.585031	70.817426	0.231196	24.959968	-0.470492	-135.142434
10.582319	70.805217	0.227770	24.964642	-0.470562	-135.150747
10.579607	70.792995	0.224344	24.969315	-0.470631	-135.159050
10.576895	70.780762	0.220916	24.973988	-0.470700	-135.167343
10.574183	70.768517	0.217489	24.978661	-0.470769	-135.175626
10.571472	70.756260	0.214060	24.983334	-0.470838	-135.183900
10.568760	70.743991	0.210631	24.988007	-0.470907	-135.192164
10.566048	70.731710	0.207202	24.992679	-0.470976	-135.200418
10.563337	70.719418	0.203772	24.997351	-0.471045	-135.208662
10.560625	70.707114	0.200341	25.002023	-0.471114	-135.216897
10.557914	70.694798	0.196910	25.006694	-0.471183	-135.225121
10.555203	70.682470	0.193478	25.011365	-0.471252	-135.233336
10.552492	70.670131	0.190046	25.016036	-0.471321	-135.241541
10.549781	70.657780	0.186613	25.020707	-0.471390	-135.249737
10.547071	70.645417	0.183180	25.025378	-0.471459	-135.257922
10.544360	70.633042	0.179746	25.030048	-0.471528	-135.266098
10.541650	70.620655	0.176312	25.034718	-0.471597	-135.274264
10.538940	70.608257	0.172878	25.039388	-0.471666	-135.282421
10.536230	70.595847	0.169443	25.044057	-0.471735	-135.290567
10.533520	70.583425	0.166007	25.048726	-0.471804	-135.298704
10.530811	70.570992	0.162571	25.053395	-0.471872	-135.306831
10.528102	70.558547	0.159135	25.058064	-0.471941	-135.314948
10.525393	70.546090	0.155698	25.062733	-0.472010	-135.323055
10.522684	70.533621	0.152261	25.067401	-0.472079	-135.331153
10.519976	70.521141	0.148823	25.072069	-0.472148	-135.339241
10.517268	70.508649	0.145385	25.076737	-0.472217	-135.347319
10.514560	70.496145	0.141947	25.081404	-0.472286	-135.355387
10.511852	70.483629	0.138508	25.086071	-0.472354	-135.363446
10.509145	70.471102	0.135069	25.090738	-0.472423	-135.371494
10.506438	70.458563	0.131629	25.095405	-0.472492	-135.379533
10.503731	70.446012	0.128190	25.100072	-0.472561	-135.387563
10.501025	70.433450	0.124749	25.104738	-0.472630	-135.395582
10.498319	70.420876	0.121309	25.109404	-0.472698	-135.403592
10.495614	70.408290	0.117868	25.114070	-0.472767	-135.411591
10.492908	70.395693	0.114427	25.118735	-0.472836	-135.419582
10.490204	70.383084	0.110986	25.123401	-0.472905	-135.427562
10.487499	70.370463	0.107544	25.128066	-0.472973	-135.435532
10.484795	70.357830	0.104102	25.132731	-0.473042	-135.443493
10.482091	70.345186	0.100660	25.137395	-0.473111	-135.451444
10.479388	70.332530	0.097217	25.142059	-0.473179	-135.459385
10.476685	70.319863	0.093775	25.146724	-0.473248	-135.467317
10.473983	70.307183	0.090332	25.151387	-0.473317	-135.475238
10.471281	70.294492	0.086889	25.156051	-0.473385	-135.483150
10.468579	70.281790	0.083445	25.160714	-0.473454	-135.491052
10.465878	70.269076	0.080002	25.165377	-0.473523	-135.498945
10.463178	70.256350	0.076558	25.170040	-0.473591	-135.506827
10.460478	70.243612	0.073114	25.174703	-0.473660	-135.514700
10.457778	70.230863	0.069670	25.179365	-0.473728	-135.522563
10.455079	70.218102	0.066225	25.184027	-0.473797	-135.530416
10.452380	70.205330	0.062781	25.188689	-0.473866	-135.538260
10.449682	70.192546	0.059336	25.193351	-0.473934	-135.546094
10.446984	70.179750	0.055891	25.198012	-0.474003	-135.553918
10.444287	70.166943	0.052446	25.202673	-0.474071	-135.561732
10.441590	70.154124	0.049001	25.207334	-0.474140	-135.569536
10.438894	70.141293	0.045556	25.211995	-0.474208	-135.577331
10.436199	70.128451	0.042110	25.216655	-0.474277	-135.585116
10.433504	70.115597	0.038665	25.221315	-0.474345	-135.592891
10.430809	70.102732	0.035219	25.225975	-0.474414	-135.600656
10.428115	70.089855	0.031773	25.230635	-0.474482	-135.608411
10.425422	70.076966	0.028328	25.235294	-0.474551	-135.616157
10.422730	70.064066	0.024882	25.239953	-0.474619	-135.623893
10.420037	70.051154	0.021436	25.244612	-0.474688	-135.631619
10.417346	70.038231	0.017990	25.249271	-0.474756	-135.639336
10.414655	70.025296	0.014544	25.253929	-0.474825	-135.647043
10.411965	70.012349	0.011098	25.258587	-0.474893	-135.654739
10.409275	69.999391	0.007652	25.263245	-0.474961	-135.662427
10.406586	69.986421	0.004206	25.267903	-0.475030	-135.670104
10.403898	69.973440	0.000760	25.272560	-0.475098	-135.677771
10.401210	69.960447	-0.002687	25.277218	-0.475167	-135.685429
10.398523	69.947442	-0.006133	25.281875	-0.475235	-135.693077
10.395837	69.934426	-0.009579	25.286531	-0.475303	-135.700716
10.393151	69.921398	-0.013025	25.291188	-0.475372	-135.708344
10.390467	69.908359	-0.016471	25.295844	-0.475440	-135.715963
10.387782	69.895308	-0.019917	25.300500	-0.475508	-135.723572
10.385099	69.882246	-0.023363	25.305156	-0.475577	-135.731171
10.382416	69.869172	-0.026809	25.309811	-0.475645	-135.738760
10.379734	69.856087	-0.030255	25.314467	-0.475713	-135.746340
10.377052	69.842990	-0.033701	25.319122	-0.475782	-135.753910
10.374372	69.829881	-0.037147	25.323776	-0.475850	-135.761470
10.371692	69.816761	-0.040592	25.328431	-0.475918	-135.769020
10.369013	69.803629	-0.044038	25.333085	-0.475987	-135.776561
10.366334	69.790486	-0.047483	25.337739	-0.476055	-135.784092
10.363657	69.777332	-0.050929	25.342393	-0.476123	-135.791613
10.360980	69.764165	-0.054374	25.347047	-0.476191	-135.799124
10.358304	69.750988	-0.057819	25.351700	-0.476260	-135.806626
10.355629	69.737798	-0.061264	25.356353	-0.476328	-135.814117
10.352954	69.724598	-0.064709	25.361006	-0.476396	-135.821599
10.350280	69.711385	-0.068154	25.365658	-0.476464	-135.829071
10.347608	69.698161	-0.071599	25.370311	-0.476532	-135.836534
10.344936	69.684926	-0.075043	25.374963	-0.476601	-135.843986
10.342264	69.671679	-0.078487	25.379615	-0.476669	-135.851429
10.339594	69.658421	-0.081931	25.384266	-0.476737	-135.858862
10.336924	69.645151	-0.085375	25.388918	-0.476805	-135.866286
10.334256	69.631870	-0.088819	25.393569	-0.476873	-135.873699
10.331588	69.618577	-0.092263	25.398220	-0.476942	-135.881103
10.328921	69.605273	-0.095706	25.402871	-0.477010	-135.888497
10.326255	69.591957	-0.099149	25.407521	-0.477078	-135.895881
10.323590	69.578630	-0.102592	25.412171	-0.477146	-135.903256
10.320925	69.565291	-0.106035	25.416821	-0.477214	-135.910621
10.318262	69.551941	-0.109477	25.421471	-0.477282	-135.917976
10.315600	69.538579	-0.112920	25.426120	-0.477350	-135.925321
10.312938	69.525206	-0.116362	25.430770	-0.477418	-135.932656
10.310277	69.511821	-0.119803	25.435419	-0.477486	-135.939982
10.307618	69.498425	-0.123245	25.440067	-0.477554	-135.947298
10.304959	69.485017	-0.126686	25.444716	-0.477623	-135.954604
10.302301	69.471598	-0.130127	25.449364	-0.477691	-135.961900
10.299644	69.458168	-0.133568	25.454012	-0.477759	-135.969187
10.296988	69.444726	-0.137008	25.458660	-0.477827	-135.976464
10.294333	69.431272	-0.140448	25.463308	-0.477895	-135.983731
10.291679	69.417807	-0.143888	25.467955	-0.477963	-135.990988
10.289026	69.404331	-0.147327	25.472602	-0.478031	-135.998236
10.286374	69.390843	-0.150767	25.477249	-0.478099	-136.005473
10.283722	69.377344	-0.154205	25.481895	-0.478167	-136.012701
10.281072	69.363833	-0.157644	25.486542	-0.478235	-136.019920
10.278423	69.350311	-0.161082	25.491188	-0.478303	-136.027128
10.275775	69.336778	-0.164520	25.495834	-0.478371	-136.034327
10.273128	69.323233	-0.167957	25.500479	-0.478439	-136.041516
10.270482	69.309677	-0.171395	25.505125	-0.478507	-136.048695
10.267837	69.296109	-0.174831	25.509770	-0.478575	-136.055864
10.265193	69.282530	-0.178268	25.514415	-0.478642	-136.063024
10.262550	69.268939	-0.181704	25.519060	-0.478710	-136.070174
10.259908	69.255337	-0.185139	25.523704	-0.478778	-136.077314
10.257267	69.241724	-0.188575	25.528348	-0.478846	-136.084444
10.254627	69.228099	-0.192009	25.532992	-0.478914	-136.091565
10.251988	69.214463	-0.195444	25.537636	-0.478982	-136.098676
10.249351	69.200815	-0.198878	25.542279	-0.479050	-136.105777
10.246714	69.187156	-0.202311	25.546923	-0.479118	-136.112868
10.244079	69.173485	-0.205745	25.551566	-0.479186	-136.119950
10.241444	69.159804	-0.209177	25.556208	-0.479254	-136.127021
10.238811	69.146110	-0.212610	25.560851	-0.479321	-136.134083
10.236179	69.132406	-0.216042	25.565493	-0.479389	-136.141136
10.233548	69.118690	-0.219473	25.570135	-0.479457	-136.148178
10.230918	69.104962	-0.222904	25.574777	-0.479525	-136.155211
10.228289	69.091224	-0.226334	25.579419	-0.479593	-136.162234
10.225661	69.077474	-0.229764	25.584060	-0.479661	-136.169247
10.223034	69.063712	-0.233194	25.588701	-0.479728	-136.176250
10.220409	69.049939	-0.236623	25.593342	-0.479796	-136.183244
10.217785	69.036155	-0.240052	25.597983	-0.479864	-136.190228
10.215161	69.022359	-0.243480	25.602623	-0.479932	-136.197202
10.212540	69.008552	-0.246907	25.607263	-0.480000	-136.204166
10.209919	68.994734	-0.250335	25.611903	-0.480067	-136.211121
10.207299	68.980904	-0.253761	25.616543	-0.480135	-136.218066
10.204681	68.967063	-0.257187	25.621183	-0.480203	-136.225001
10.202063	68.953211	-0.260613	25.625822	-0.480271	-136.231926
10.199447	68.939347	-0.264038	25.630461	-0.480338	-136.238842
10.196832	68.925472	-0.267462	25.635100	-0.480406	-136.245747
10.194219	68.911586	-0.270886	25.639738	-0.480474	-136.252644
10.191606	68.897688	-0.274310	25.644376	-0.480542	-136.259530
10.188995	68.883779	-0.277732	25.649015	-0.480609	-136.266406
10.186385	68.869859	-0.281155	25.653652	-0.480677	-136.273273
10.183776	68.855927	-0.284576	25.658290	-0.480745	-136.280130
10.181169	68.841984	-0.287998	25.662927	-0.480812	-136.286977
10.178562	68.828029	-0.291418	25.667564	-0.480880	-136.293815
10.175957	68.814064	-0.294838	25.672201	-0.480948	-136.300642
10.173353	68.800087	-0.298258	25.676838	-0.481015	-136.307460
10.170751	68.786098	-0.301676	25.681474	-0.481083	-136.314268
10.168150	68.772099	-0.305095	25.686111	-0.481151	-136.321067
10.165550	68.758088	-0.308512	25.690746	-0.481218	-136.327856
10.162951	68.744065	-0.311929	25.695382	-0.481286	-136.334634
10.160353	68.730032	-0.315346	25.700018	-0.481354	-136.341404
10.157757	68.715987	-0.318761	25.704653	-0.481421	-136.348163
10.155162	68.701931	-0.322176	25.709288	-0.481489	-136.354913
10.152569	68.687863	-0.325591	25.713923	-0.481557	-136.361652
10.149976	68.673784	-0.329005	25.718557	-0.481624	-136.368382
10.147385	68.659694	-0.332418	25.723192	-0.481692	-136.375103
10.144796	68.645593	-0.335831	25.727826	-0.481759	-136.381813
10.142207	68.631480	-0.339242	25.732459	-0.481827	-136.388514
10.139620	68.617356	-0.342654	25.737093	-0.481895	-136.395205
10.137035	68.603221	-0.346064	25.741726	-0.481962	-136.401886
10.134450	68.589074	-0.349474	25.746360	-0.482030	-136.408558
10.131867	68.574917	-0.352883	25.750992	-0.482097	-136.415220
10.129286	68.560748	-0.356292	25.755625	-0.482165	-136.421872
10.126705	68.546567	-0.359700	25.760258	-0.482232	-136.428514
10.124126	68.532376	-0.363107	25.764890	-0.482300	-136.435146
10.121549	68.518173	-0.366514	25.769522	-0.482367	-136.441769
10.118972	68.503958	-0.369919	25.774153	-0.482435	-136.448382
10.116398	68.489733	-0.373324	25.778785	-0.482503	-136.454985
10.113824	68.475496	-0.376729	25.783416	-0.482570	-136.461579
10.111252	68.461248	-0.380132	25.788047	-0.482638	-136.468163
10.108681	68.446989	-0.383535	25.792678	-0.482705	-136.474736
10.106112	68.432719	-0.386937	25.797309	-0.482773	-136.481301
10.103544	68.418437	-0.390339	25.801939	-0.482840	-136.487855
10.100977	68.404144	-0.393740	25.806569	-0.482908	-136.494400
10.098412	68.389840	-0.397139	25.811199	-0.482975	-136.500935
10.095849	68.375525	-0.400539	25.815829	-0.483042	-136.507460
10.093286	68.361198	-0.403937	25.820458	-0.483110	-136.513975
10.090725	68.346860	-0.407335	25.825087	-0.483177	-136.520481
10.088166	68.332511	-0.410732	25.829716	-0.483245	-136.526977
10.085608	68.318151	-0.414128	25.834345	-0.483312	-136.533463
10.083051	68.303779	-0.417523	25.838973	-0.483380	-136.539939
10.080496	68.289396	-0.420918	25.843602	-0.483447	-136.546406
10.077943	68.275002	-0.424312	25.848230	-0.483515	-136.552863
10.075390	68.260597	-0.427705	25.852857	-0.483582	-136.559310
10.072840	68.246180	-0.431097	25.857485	-0.483649	-136.565747
10.070290	68.231753	-0.434488	25.862112	-0.483717	-136.572175
10.067743	68.217314	-0.437879	25.866739	-0.483784	-136.578592
10.065196	68.202863	-0.441269	25.871366	-0.483852	-136.585000
10.062651	68.188402	-0.444658	25.875993	-0.483919	-136.591399
10.060108	68.173930	-0.448046	25.880619	-0.483986	-136.597787
10.057566	68.159446	-0.451433	25.885245	-0.484054	-136.604166
10.055026	68.144951	-0.454820	25.889871	-0.484121	-136.610535
10.052487	68.130445	-0.458206	25.894497	-0.484189	-136.616894
10.049949	68.115927	-0.461591	25.899122	-0.484256	-136.623244
10.047413	68.101399	-0.464975	25.903748	-0.484323	-136.629584
10.044879	68.086859	-0.468358	25.908373	-0.484391	-136.635914
10.042346	68.072308	-0.471740	25.912998	-0.484458	-136.642234
10.039815	68.057746	-0.475122	25.917622	-0.484525	-136.648544
10.037285	68.043172	-0.478502	25.922246	-0.484593	-136.654845
10.034756	68.028588	-0.481882	25.926870	-0.484660	-136.661136
10.032230	68.013992	-0.485261	25.931494	-0.484727	-136.667417
10.029704	67.999385	-0.488639	25.936118	-0.484795	-136.673689
10.027181	67.984767	-0.492016	25.940741	-0.484862	-136.679950
10.024658	67.970138	-0.495393	25.945365	-0.484929	-136.686202
10.022138	67.955498	-0.498768	25.949988	-0.484997	-136.692445
10.019619	67.940846	-0.502142	25.954610	-0.485064	-136.698677
10.017101	67.926183	-0.505516	25.959233	-0.485131	-136.704900
10.014585	67.911509	-0.508889	25.963855	-0.485198	-136.711113
10.012071	67.896824	-0.512261	25.968477	-0.485266	-136.717316
10.009558	67.882128	-0.515632	25.973099	-0.485333	-136.723509
10.007047	67.867421	-0.519002	25.977720	-0.485400	-136.729693
10.004537	67.852702	-0.522371	25.982342	-0.485467	-136.735867
10.002029	67.837972	-0.525739	25.986963	-0.485535	-136.742031
9.999523	67.823231	-0.529106	25.991584	-0.485602	-136.748186
9.997018	67.808479	-0.532472	25.996204	-0.485669	-136.754330
9.994514	67.793716	-0.535838	26.000825	-0.485736	-136.760465
9.992013	67.778942	-0.539202	26.005445	-0.485804	-136.766590
9.989512	67.764156	-0.542566	26.010065	-0.485871	-136.772706
9.987014	67.749360	-0.545928	26.014685	-0.485938	-136.778811
9.984517	67.734552	-0.549290	26.019304	-0.486005	-136.784907
9.982022	67.719733	-0.552651	26.023923	-0.486073	-136.790993
9.979528	67.704903	-0.556010	26.028542	-0.486140	-136.797070
9.977036	67.690062	-0.559369	26.033161	-0.486207	-136.803136
9.974546	67.675210	-0.562727	26.037780	-0.486274	-136.809193
9.972057	67.660346	-0.566084	26.042398	-0.486341	-136.815240
9.969570	67.645472	-0.569440	26.047016	-0.486408	-136.821278
9.967084	67.630586	-0.572794	26.051634	-0.486476	-136.827305
9.964601	67.615689	-0.576148	26.056252	-0.486543	-136.833323
9.962118	67.600781	-0.579501	26.060869	-0.486610	-136.839331
9.959638	67.585862	-0.582853	26.065487	-0.486677	-136.845330
9.957159	67.570932	-0.586204	26.070104	-0.486744	-136.851318
9.954682	67.555991	-0.589554	26.074720	-0.486811	-136.857297
9.952206	67.541038	-0.592903	26.079337	-0.486879	-136.863266
9.949732	67.526075	-0.596251	26.083953	-0.486946	-136.869226
9.947260	67.511100	-0.599598	26.088569	-0.487013	-136.875175
9.944789	67.496115	-0.602944	26.093185	-0.487080	-136.881115
9.942321	67.481118	-0.606289	26.097801	-0.487147	-136.887045
9.939853	67.466110	-0.609633	26.102416	-0.487214	-136.892966
9.937388	67.451091	-0.612976	26.107032	-0.487281	-136.898876
9.934924	67.436061	-0.616317	26.111646	-0.487349	-136.904777
9.932462	67.421019	-0.619658	26.116261	-0.487416	-136.910668
9.930002	67.405967	-0.622998	26.120876	-0.487483	-136.916550
9.927543	67.390904	-0.626337	26.125490	-0.487550	-136.922421
9.925086	67.375829	-0.629675	26.130104	-0.487617	-136.928283
9.922630	67.360743	-0.633011	26.134718	-0.487684	-136.934135
9.920177	67.345647	-0.636347	26.139331	-0.487751	-136.939978
9.917725	67.330539	-0.639682	26.143945	-0.487818	-136.945810
9.915275	67.315420	-0.643015	26.148558	-0.487885	-136.951633
9.912826	67.300290	-0.646348	26.153171	-0.487952	-136.957446
9.910380	67.285149	-0.649679	26.157784	-0.488019	-136.963249
9.907935	67.269997	-0.653010	26.162396	-0.488086	-136.969043
9.905491	67.254834	-0.656339	26.167008	-0.488154	-136.974827
9.903050	67.239660	-0.659667	26.171620	-0.488221	-136.980601
9.900610	67.224474	-0.662994	26.176232	-0.488288	-136.986365
9.898172	67.209278	-0.666320	26.180844	-0.488355	-136.992120
9.895736	67.194070	-0.669645	26.185455	-0.488422	-136.997865
9.893301	67.178852	-0.672969	26.190066	-0.488489	-137.003600
9.890868	67.163622	-0.676292	26.194677	-0.488556	-137.009325
9.888437	67.148381	-0.679614	26.199288	-0.488623	-137.015041
9.886008	67.133130	-0.682935	26.203898	-0.488690	-137.020747
9.883580	67.117867	-0.686254	26.208508	-0.488757	-137.026443
9.881154	67.102593	-0.689573	26.213118	-0.488824	-137.032129
9.878730	67.087308	-0.692890	26.217728	-0.488891	-137.037806
9.876308	67.072012	-0.696207	26.222338	-0.488958	-137.043473
9.873888	67.056705	-0.699522	26.226947	-0.489025	-137.049130
9.871469	67.041387	-0.702836	26.231556	-0.489092	-137.054777
9.869052	67.026058	-0.706149	26.236165	-0.489159	-137.060415
9.866637	67.010718	-0.709461	26.240773	-0.489226	-137.066043
9.864224	66.995367	-0.712771	26.245382	-0.489293	-137.071661
9.861812	66.980004	-0.716081	26.249990	-0.489360	-137.077269
9.859402	66.964631	-0.719389	26.254598	-0.489427	-137.082868
9.856994	66.949247	-0.722697	26.259206	-0.489494	-137.088457
9.854588	66.933851	-0.726003	26.263813	-0.489561	-137.094036
9.852184	66.918445	-0.729308	26.268420	-0.489628	-137.099605
9.849781	66.903027	-0.732612	26.273028	-0.489695	-137.105165
9.847380	66.887599	-0.735915	26.277634	-0.489761	-137.110715
9.844981	66.872159	-0.739217	26.282241	-0.489828	-137.116255
9.842584	66.856709	-0.742517	26.286847	-0.489895	-137.121785
9.840189	66.841247	-0.745817	26.291454	-0.489962	-137.127306
9.837795	66.825775	-0.749115	26.296060	-0.490029	-137.132817
9.835404	66.810291	-0.752412	26.300665	-0.490096	-137.138318
9.833014	66.794796	-0.755708	26.305271	-0.490163	-137.143809
9.830626	66.779291	-0.759003	26.309876	-0.490230	-137.149291
9.828240	66.763774	-0.762296	26.314481	-0.490297	-137.154763
9.825855	66.748246	-0.765589	26.319086	-0.490364	-137.160225
9.823473	66.732707	-0.768880	26.323690	-0.490431	-137.165677
9.821092	66.717158	-0.772170	26.328295	-0.490498	-137.171120
9.818713	66.701597	-0.775459	26.332899	-0.490564	-137.176553
9.816336	66.686025	-0.778747	26.337503	-0.490631	-137.181976
9.813961	66.670442	-0.782033	26.342107	-0.490698	-137.187390
9.811588	66.654848	-0.785319	26.346710	-0.490765	-137.192793
9.809216	66.639244	-0.788603	26.351313	-0.490832	-137.198187
9.806846	66.623628	-0.791886	26.355916	-0.490899	-137.203572
9.804479	66.608001	-0.795168	26.360519	-0.490966	-137.208946
9.802113	66.592363	-0.798449	26.365122	-0.491033	-137.214311
9.799749	66.576714	-0.801728	26.369724	-0.491100	-137.219666
9.797387	66.561054	-0.805006	26.374326	-0.491166	-137.225011
9.795026	66.545383	-0.808283	26.378928	-0.491233	-137.230346
9.792668	66.529702	-0.811559	26.383530	-0.491300	-137.235672
9.790311	66.514009	-0.814834	26.388131	-0.491367	-137.240988
9.787957	66.498305	-0.818107	26.392733	-0.491434	-137.246294
9.785604	66.482590	-0.821380	26.397334	-0.491501	-137.251591
9.783253	66.466864	-0.824651	26.401935	-0.491567	-137.256878
9.780904	66.451127	-0.827921	26.406535	-0.491634	-137.262155
9.778557	66.435379	-0.831189	26.411136	-0.491701	-137.267422
9.776211	66.419621	-0.834457	26.415736	-0.491768	-137.272679
9.773868	66.403851	-0.837723	26.420336	-0.491835	-137.277927
9.771526	66.388070	-0.840988	26.424935	-0.491902	-137.283165
9.769187	66.372278	-0.844251	26.429535	-0.491968	-137.288393
9.766849	66.356476	-0.847514	26.434134	-0.492035	-137.293612
9.764513	66.340662	-0.850775	26.438733	-0.492102	-137.298821
9.762179	66.324837	-0.854035	26.443332	-0.492169	-137.304020
9.759847	66.309001	-0.857294	26.447931	-0.492236	-137.309209
9.757517	66.293155	-0.860552	26.452529	-0.492302	-137.314389
9.755189	66.277297	-0.863808	26.457127	-0.492369	-137.319559
9.752863	66.261428	-0.867063	26.461725	-0.492436	-137.324719
9.750538	66.245549	-0.870317	26.466323	-0.492503	-137.329869
9.748216	66.229658	-0.873570	26.470920	-0.492570	-137.335010
9.745895	66.213757	-0.876821	26.475517	-0.492636	-137.340140
9.743577	66.197844	-0.880071	26.480115	-0.492703	-137.345262
9.741260	66.181921	-0.883320	26.484711	-0.492770	-137.350373
9.738945	66.165986	-0.886568	26.489308	-0.492837	-137.355475
9.736632	66.150041	-0.889814	26.493904	-0.492903	-137.360566
9.734321	66.134084	-0.893059	26.498501	-0.492970	-137.365649
9.732012	66.118117	-0.896303	26.503096	-0.493037	-137.370721
9.729705	66.102139	-0.899546	26.507692	-0.493104	-137.375784
9.727400	66.086149	-0.902787	26.512288	-0.493170	-137.380837
9.725097	66.070149	-0.906027	26.516883	-0.493237	-137.385880
9.722796	66.054138	-0.909266	26.521478	-0.493304	-137.390913
9.720497	66.038116	-0.912504	26.526073	-0.493371	-137.395937
9.718199	66.022083	-0.915740	26.530668	-0.493437	-137.400951
9.715904	66.006039	-0.918975	26.535262	-0.493504	-137.405955
9.713610	65.989983	-0.922209	26.539856	-0.493571	-137.410949
9.711319	65.973917	-0.925441	26.544450	-0.493638	-137.415934
9.709029	65.957841	-0.928672	26.549044	-0.493704	-137.420909
9.706741	65.941753	-0.931902	26.553637	-0.493771	-137.425874
9.704456	65.925654	-0.935131	26.558231	-0.493838	-137.430830
9.702172	65.909544	-0.938358	26.562824	-0.493904	-137.435776
9.699890	65.893423	-0.941584	26.567417	-0.493971	-137.440712
9.697610	65.877292	-0.944809	26.572009	-0.494038	-137.445638
9.695333	65.861149	-0.948032	26.576602	-0.494104	-137.450554
9.693057	65.844995	-0.951254	26.581194	-0.494171	-137.455461
9.690783	65.828831	-0.954475	26.585786	-0.494238	-137.460358
9.688511	65.812655	-0.957695	26.590378	-0.494305	-137.465246
9.686241	65.796469	-0.960913	26.594969	-0.494371	-137.470123
9.683973	65.780271	-0.964130	26.599560	-0.494438	-137.474991
9.681707	65.764063	-0.967346	26.604152	-0.494505	-137.479849
9.679443	65.747844	-0.970560	26.608742	-0.494571	-137.484698
9.677181	65.731614	-0.973773	26.613333	-0.494638	-137.489536
9.674921	65.715372	-0.976985	26.617924	-0.494705	-137.494365
9.672662	65.699120	-0.980196	26.622514	-0.494771	-137.499184
9.670406	65.682857	-0.983405	26.627104	-0.494838	-137.503994
9.668152	65.666583	-0.986613	26.631694	-0.494905	-137.508793
9.665900	65.650299	-0.989819	26.636283	-0.494971	-137.513583
9.663650	65.634003	-0.993025	26.640872	-0.495038	-137.518363
9.661401	65.617696	-0.996229	26.645462	-0.495105	-137.523134
9.659155	65.601378	-0.999431	26.650051	-0.495171	-137.527894
9.656911	65.585050	-1.002633	26.654639	-0.495238	-137.532645
9.654669	65.568710	-1.005833	26.659228	-0.495304	-137.537387
9.652428	65.552360	-1.009031	26.663816	-0.495371	-137.542118
9.650190	65.535998	-1.012229	26.668404	-0.495438	-137.546840
9.647954	65.519626	-1.015425	26.672992	-0.495504	-137.551552
9.645720	65.503243	-1.018619	26.677579	-0.495571	-137.556254
9.643487	65.486848	-1.021813	26.682167	-0.495638	-137.560947
9.641257	65.470443	-1.025005	26.686754	-0.495704	-137.565630
9.639029	65.454027	-1.028196	26.691341	-0.495771	-137.570303
9.636803	65.437600	-1.031385	26.695928	-0.495837	-137.574966
9.634578	65.421162	-1.034573	26.700514	-0.495904	-137.579620
9.632356	65.404713	-1.037760	26.705100	-0.495971	-137.584263
9.630136	65.388254	-1.040945	26.709687	-0.496037	-137.588898
9.627918	65.371783	-1.044129	26.714272	-0.496104	-137.593522
9.625702	65.355301	-1.047312	26.718858	-0.496170	-137.598137
9.623487	65.338809	-1.050493	26.723443	-0.496237	-137.602741
9.621275	65.322305	-1.053673	26.728029	-0.496304	-137.607337
9.619065	65.305791	-1.056852	26.732614	-0.496370	-137.611922
9.616857	65.289266	-1.060030	26.737198	-0.496437	-137.616498
9.614651	65.272729	-1.063206	26.741783	-0.496503	-137.621064
9.612447	65.256182	-1.066380	26.746367	-0.496570	-137.625620
9.610245	65.239624	-1.069554	26.750951	-0.496637	-137.630166
9.608045	65.223055	-1.072726	26.755535	-0.496703	-137.634703
9.605846	65.206475	-1.075896	26.760119	-0.496770	-137.639230
9.603650	65.189885	-1.079066	26.764702	-0.496836	-137.643747
9.601456	65.173283	-1.082234	26.769286	-0.496903	-137.648255
9.599265	65.156670	-1.085400	26.773869	-0.496969	-137.652753
9.597075	65.140047	-1.088566	26.778452	-0.497036	-137.657241
9.594887	65.123412	-1.091730	26.783034	-0.497103	-137.661719
9.592701	65.106767	-1.094892	26.787617	-0.497169	-137.666188
9.590517	65.090111	-1.098053	26.792199	-0.497236	-137.670647
9.588335	65.073443	-1.101213	26.796781	-0.497302	-137.675096
9.586155	65.056765	-1.104372	26.801362	-0.497369	-137.679535
9.583978	65.040076	-1.107529	26.805944	-0.497435	-137.683965
9.581802	65.023376	-1.110685	26.810525	-0.497502	-137.688385
9.579628	65.006665	-1.113839	26.815106	-0.497568	-137.692795
9.577457	64.989944	-1.116992	26.819687	-0.497635	-137.697195
9.575287	64.973211	-1.120144	26.824268	-0.497701	-137.701586
9.573120	64.956467	-1.123294	26.828848	-0.497768	-137.705967
9.570954	64.939713	-1.126443	26.833428	-0.497834	-137.710338
9.568791	64.922947	-1.129591	26.838008	-0.497901	-137.714700
9.566629	64.906171	-1.132737	26.842588	-0.497968	-137.719052
9.564470	64.889384	-1.135882	26.847168	-0.498034	-137.723394
9.562313	64.872586	-1.139025	26.851747	-0.498101	-137.727726
9.560157	64.855777	-1.142168	26.856326	-0.498167	-137.732048
9.558004	64.838957	-1.145308	26.860905	-0.498234	-137.736361
9.555853	64.822126	-1.148448	26.865484	-0.498300	-137.740664
9.553704	64.805284	-1.151586	26.870062	-0.498367	-137.744958
9.551557	64.788431	-1.154722	26.874640	-0.498433	-137.749241
9.549412	64.771568	-1.157858	26.879219	-0.498500	-137.753515
9.547269	64.754693	-1.160992	26.883796	-0.498566	-137.757779
9.545128	64.737808	-1.164124	26.888374	-0.498633	-137.762034
9.542989	64.720911	-1.167255	26.892951	-0.498699	-137.766279
9.540852	64.704004	-1.170385	26.897529	-0.498766	-137.770514
9.538718	64.687086	-1.173514	26.902106	-0.498832	-137.774739
9.536585	64.670157	-1.176641	26.906682	-0.498898	-137.778954
9.534454	64.653217	-1.179766	26.911259	-0.498965	-137.783160
9.532326	64.636266	-1.182891	26.915835	-0.499031	-137.787356
9.530199	64.619304	-1.186014	26.920411	-0.499098	-137.791542
9.528075	64.602332	-1.189135	26.924987	-0.499164	-137.795719
9.525952	64.585348	-1.192255	26.929563	-0.499231	-137.799886
9.523832	64.568354	-1.195374	26.934138	-0.499297	-137.804043
9.521714	64.551348	-1.198491	26.938713	-0.499364	-137.808190
9.519598	64.534332	-1.201607	26.943289	-0.499430	-137.812328
9.517484	64.517305	-1.204722	26.947863	-0.499497	-137.816456
9.515372	64.500266	-1.207835	26.952438	-0.499563	-137.820574
9.513262	64.483217	-1.210947	26.957012	-0.499630	-137.824683
9.511154	64.466157	-1.214058	26.961586	-0.499696	-137.828781
9.509048	64.449087	-1.217167	26.966160	-0.499762	-137.832870
9.506944	64.432005	-1.220274	26.970734	-0.499829	-137.836950
9.504842	64.414912	-1.223381	26.975308	-0.499895	-137.841019
9.502743	64.397808	-1.226486	26.979881	-0.499962	-137.845079
9.500645	64.380694	-1.229589	26.984454	-0.500028	-137.849129
9.498550	64.363569	-1.232691	26.989027	-0.500095	-137.853169
9.496456	64.346432	-1.235792	26.993600	-0.500161	-137.857200
9.494365	64.329285	-1.238892	26.998172	-0.500228	-137.861221
9.492276	64.312127	-1.241990	27.002744	-0.500294	-137.865232
9.490188	64.294958	-1.245086	27.007316	-0.500360	-137.869233
9.488103	64.277778	-1.248181	27.011888	-0.500427	-137.873225
9.486020	64.260587	-1.251275	27.016460	-0.500493	-137.877207
9.483939	64.243385	-1.254368	27.021031	-0.500560	-137.881179
9.481860	64.226172	-1.257459	27.025602	-0.500626	-137.885142
9.479784	64.208949	-1.260548	27.030173	-0.500692	-137.889094
9.477709	64.191714	-1.263637	27.034744	-0.500759	-137.893037
9.475636	64.174469	-1.266724	27.039314	-0.500825	-137.896971
9.473566	64.157212	-1.269809	27.043885	-0.500892	-137.900894
9.471497	64.139945	-1.272893	27.048455	-0.500958	-137.904808
9.469431	64.122667	-1.275976	27.053025	-0.501024	-137.908712
9.467366	64.105378	-1.279057	27.057594	-0.501091	-137.912607
9.465304	64.088078	-1.282137	27.062164	-0.501157	-137.916491
9.463244	64.070767	-1.285216	27.066733	-0.501224	-137.920366
9.461186	64.053445	-1.288293	27.071302	-0.501290	-137.924231
9.459130	64.036112	-1.291369	27.075871	-0.501356	-137.928087
9.457076	64.018768	-1.294443	27.080439	-0.501423	-137.931933
9.455024	64.001414	-1.297516	27.085008	-0.501489	-137.935769
9.452974	63.984048	-1.300587	27.089576	-0.501555	-137.939595
9.450927	63.966672	-1.303658	27.094144	-0.501622	-137.943411
9.448881	63.949284	-1.306726	27.098711	-0.501688	-137.947218
9.446837	63.931886	-1.309794	27.103279	-0.501755	-137.951015
9.444796	63.914477	-1.312860	27.107846	-0.501821	-137.954803
9.442757	63.897057	-1.315924	27.112413	-0.501887	-137.958580
9.440719	63.879626	-1.318987	27.116980	-0.501954	-137.962348
9.438684	63.862184	-1.322049	27.121547	-0.502020	-137.966106
9.436651	63.844731	-1.325110	27.126113	-0.502086	-137.969855
9.434620	63.827267	-1.328169	27.130679	-0.502153	-137.973594
9.432591	63.809792	-1.331226	27.135245	-0.502219	-137.977323
9.430564	63.792306	-1.334282	27.139811	-0.502285	-137.981042
9.428540	63.774810	-1.337337	27.144377	-0.502352	-137.984752
9.426517	63.757302	-1.340391	27.148942	-0.502418	-137.988451
9.424496	63.739784	-1.343443	27.153507	-0.502484	-137.992141
9.422478	63.722254	-1.346493	27.158072	-0.502551	-137.995822
9.420462	63.704714	-1.349542	27.162637	-0.502617	-137.999492
9.418447	63.687163	-1.352590	27.167202	-0.502683	-138.003153
9.416435	63.669600	-1.355637	27.171766	-0.502750	-138.006805
9.414425	63.652027	-1.358682	27.176330	-0.502816	-138.010446
9.412417	63.634443	-1.361725	27.180894	-0.502882	-138.014078
9.410411	63.616848	-1.364767	27.185457	-0.502949	-138.017700
9.408407	63.599242	-1.367808	27.190021	-0.503015	-138.021312
9.406405	63.581625	-1.370848	27.194584	-0.503081	-138.024915
9.404406	63.563997	-1.373886	27.199147	-0.503148	-138.028507
9.402408	63.546359	-1.376922	27.203710	-0.503214	-138.032091
9.400413	63.528709	-1.379958	27.208273	-0.503280	-138.035664
9.398419	63.511048	-1.382992	27.212835	-0.503347	-138.039228
9.396428	63.493376	-1.386024	27.217397	-0.503413	-138.042782
9.394439	63.475694	-1.389055	27.221959	-0.503479	-138.046326
9.392451	63.458000	-1.392085	27.226521	-0.503545	-138.049860
9.390466	63.440296	-1.395113	27.231082	-0.503612	-138.053385
9.388483	63.422580	-1.398140	27.235644	-0.503678	-138.056900
9.386503	63.404854	-1.401165	27.240205	-0.503744	-138.060405
9.384524	63.387117	-1.404189	27.244766	-0.503811	-138.063901
9.382547	63.369368	-1.407212	27.249326	-0.503877	-138.067387
9.380572	63.351609	-1.410233	27.253887	-0.503943	-138.070863
9.378600	63.333839	-1.413253	27.258447	-0.504009	-138.074329
9.376630	63.316058	-1.416272	27.263007	-0.504076	-138.077786
9.374661	63.298266	-1.419289	27.267567	-0.504142	-138.081233
9.372695	63.280463	-1.422305	27.272126	-0.504208	-138.084670
9.370731	63.262649	-1.425319	27.276686	-0.504275	-138.088098
9.368769	63.244824	-1.428332	27.281245	-0.504341	-138.091515
9.366809	63.226988	-1.431343	27.285804	-0.504407	-138.094924
9.364851	63.209141	-1.434354	27.290363	-0.504473	-138.098322
9.362895	63.191283	-1.437362	27.294921	-0.504540	-138.101711
9.360941	63.173414	-1.440370	27.299479	-0.504606	-138.105089
9.358990	63.155534	-1.443376	27.304038	-0.504672	-138.108459
9.357040	63.137643	-1.446380	27.308595	-0.504738	-138.111818
9.355093	63.119742	-1.449383	27.313153	-0.504805	-138.115168
9.353148	63.101829	-1.452385	27.317711	-0.504871	-138.118508
9.351204	63.083905	-1.455386	27.322268	-0.504937	-138.121838
9.349263	63.065970	-1.458385	27.326825	-0.505003	-138.125159
9.347324	63.048025	-1.461382	27.331382	-0.505070	-138.128469
9.345387	63.030068	-1.464378	27.335938	-0.505136	-138.131771
9.343452	63.012100	-1.467373	27.340495	-0.505202	-138.135062
9.341519	62.994121	-1.470367	27.345051	-0.505268	-138.138344
9.339589	62.976132	-1.473359	27.349607	-0.505335	-138.141616
9.337660	62.958131	-1.476349	27.354163	-0.505401	-138.144878
9.335734	62.940119	-1.479339	27.358718	-0.505467	-138.148130
9.333809	62.922097	-1.482327	27.363274	-0.505533	-138.151373
9.331887	62.904063	-1.485313	27.367829	-0.505599	-138.154606
9.329966	62.886019	-1.488298	27.372384	-0.505666	-138.157829
9.328048	62.867963	-1.491282	27.376938	-0.505732	-138.161043
9.326132	62.849896	-1.494264	27.381493	-0.505798	-138.164247
9.324218	62.831819	-1.497245	27.386047	-0.505864	-138.167441
9.322306	62.813730	-1.500225	27.390601	-0.505931	-138.170626
9.320396	62.795630	-1.503203	27.395155	-0.505997	-138.173800
9.318489	62.777520	-1.506180	27.399709	-0.506063	-138.176965
9.316583	62.759398	-1.509156	27.404262	-0.506129	-138.180121
9.314679	62.741265	-1.512130	27.408815	-0.506195	-138.183266
9.312778	62.723121	-1.515102	27.413368	-0.506262	-138.186402
9.310878	62.704967	-1.518074	27.417921	-0.506328	-138.189528
9.308981	62.686801	-1.521044	27.422474	-0.506394	-138.192645
9.307086	62.668624	-1.524012	27.427026	-0.506460	-138.195751
9.305193	62.650436	-1.526979	27.431578	-0.506526	-138.198848
9.303302	62.632237	-1.529945	27.436130	-0.506592	-138.201936
9.301413	62.614028	-1.532910	27.440682	-0.506659	-138.205013
9.299526	62.595807	-1.535873	27.445233	-0.506725	-138.208081
9.297641	62.577575	-1.538834	27.449784	-0.506791	-138.211139
9.295758	62.559332	-1.541795	27.454336	-0.506857	-138.214187
9.293877	62.541078	-1.544753	27.458886	-0.506923	-138.217226
9.291999	62.522813	-1.547711	27.463437	-0.506989	-138.220255
9.290122	62.504536	-1.550667	27.467987	-0.507056	-138.223274
9.288248	62.486249	-1.553622	27.472538	-0.507122	-138.226284
9.286375	62.467951	-1.556575	27.477088	-0.507188	-138.229283
9.284505	62.449642	-1.559527	27.481638	-0.507254	-138.232274
9.282637	62.431321	-1.562478	27.486187	-0.507320	-138.235254
9.280771	62.412990	-1.565427	27.490736	-0.507386	-138.238225
9.278907	62.394647	-1.568375	27.495286	-0.507453	-138.241185
9.277045	62.376294	-1.571322	27.499835	-0.507519	-138.244137
9.275185	62.357929	-1.574267	27.504383	-0.507585	-138.247078
9.273327	62.339553	-1.577211	27.508932	-0.507651	-138.250010
9.271471	62.321167	-1.580154	27.513480	-0.507717	-138.252932
9.269618	62.302769	-1.583095	27.518028	-0.507783	-138.255844
9.267766	62.284360	-1.586035	27.522576	-0.507849	-138.258747
9.265917	62.265940	-1.588973	27.527124	-0.507916	-138.261640
9.264069	62.247509	-1.591910	27.531671	-0.507982	-138.264523
9.262224	62.229067	-1.594846	27.536219	-0.508048	-138.267396
9.260380	62.210613	-1.597780	27.540766	-0.508114	-138.270260
9.258539	62.192149	-1.600713	27.545312	-0.508180	-138.273114
9.256700	62.173674	-1.603645	27.549859	-0.508246	-138.275958
9.254863	62.155187	-1.606575	27.554405	-0.508312	-138.278793
9.253028	62.136689	-1.609504	27.558952	-0.508378	-138.281618
9.251195	62.118180	-1.612431	27.563497	-0.508444	-138.284433
9.249364	62.099661	-1.615357	27.568043	-0.508511	-138.287238
9.247535	62.081130	-1.618282	27.572589	-0.508577	-138.290034
9.245708	62.062587	-1.621206	27.577134	-0.508643	-138.292820
9.243884	62.044034	-1.624128	27.581679	-0.508709	-138.295596
9.242061	62.025470	-1.627049	27.586224	-0.508775	-138.298363
9.240240	62.006894	-1.629968	27.590769	-0.508841	-138.301120
9.238422	61.988308	-1.632886	27.595313	-0.508907	-138.303867
9.236605	61.969710	-1.635803	27.599858	-0.508973	-138.306604
9.234791	61.951101	-1.638718	27.604402	-0.509039	-138.309332
9.232979	61.932481	-1.641632	27.608945	-0.509105	-138.312050
9.231168	61.913850	-1.644545	27.613489	-0.509171	-138.314758
9.229360	61.895207	-1.647456	27.618032	-0.509238	-138.317457
9.227554	61.876554	-1.650366	27.622576	-0.509304	-138.320146
9.225750	61.857889	-1.653275	27.627119	-0.509370	-138.322825
9.223948	61.839213	-1.656182	27.631661	-0.509436	-138.325494
9.222148	61.820526	-1.659088	27.636204	-0.509502	-138.328154
9.220350	61.801828	-1.661993	27.640746	-0.509568	-138.330804
9.218554	61.783119	-1.664896	27.645288	-0.509634	-138.333444
9.216760	61.764398	-1.667798	27.649830	-0.509700	-138.336075
9.214969	61.745666	-1.670699	27.654372	-0.509766	-138.338696
9.213179	61.726923	-1.673598	27.658913	-0.509832	-138.341307
9.211391	61.708169	-1.676496	27.663455	-0.509898	-138.343908
9.209606	61.689404	-1.679393	27.667996	-0.509964	-138.346500
9.207822	61.670628	-1.682288	27.672537	-0.510030	-138.349082
9.206041	61.651840	-1.685182	27.677077	-0.510096	-138.351655
9.204261	61.633041	-1.688075	27.681618	-0.510162	-138.354217
9.202484	61.614231	-1.690966	27.686158	-0.510228	-138.356770
9.200708	61.595410	-1.693857	27.690698	-0.510294	-138.359313
9.198935	61.576577	-1.696745	27.695238	-0.510360	-138.361847
9.197164	61.557733	-1.699633	27.699777	-0.510426	-138.364370
9.195395	61.538878	-1.702519	27.704317	-0.510492	-138.366884
9.193627	61.520012	-1.705403	27.708856	-0.510558	-138.369389
9.191862	61.501135	-1.708287	27.713395	-0.510624	-138.371883
9.190099	61.482246	-1.711169	27.717933	-0.510690	-138.374368
9.188338	61.463346	-1.714050	27.722472	-0.510756	-138.376843
9.186579	61.444435	-1.716929	27.727010	-0.510823	-138.379309
9.184822	61.425513	-1.719807	27.731548	-0.510889	-138.381764
9.183067	61.406579	-1.722684	27.736086	-0.510955	-138.384211
9.181314	61.387634	-1.725560	27.740624	-0.511021	-138.386647
9.179563	61.368678	-1.728434	27.745161	-0.511087	-138.389073
9.177814	61.349710	-1.731307	27.749698	-0.511152	-138.391490
9.176068	61.330731	-1.734179	27.754235	-0.511218	-138.393898
9.174323	61.311741	-1.737049	27.758772	-0.511284	-138.396295
9.172580	61.292740	-1.739918	27.763309	-0.511350	-138.398683
9.170839	61.273727	-1.742786	27.767845	-0.511416	-138.401061
9.169101	61.254704	-1.745652	27.772381	-0.511482	-138.403429
9.167364	61.235668	-1.748517	27.776917	-0.511548	-138.405788
9.165629	61.216622	-1.751381	27.781453	-0.511614	-138.408137
9.163897	61.197564	-1.754244	27.785988	-0.511680	-138.410476
9.162166	61.178495	-1.757105	27.790523	-0.511746	-138.412806
9.160438	61.159414	-1.759965	27.795059	-0.511812	-138.415125
9.158711	61.140322	-1.762824	27.799593	-0.511878	-138.417436
9.156986	61.121219	-1.765681	27.804128	-0.511944	-138.419736
9.155264	61.102105	-1.768537	27.808662	-0.512010	-138.422027
9.153543	61.082979	-1.771392	27.813197	-0.512076	-138.424308
9.151825	61.063842	-1.774246	27.817731	-0.512142	-138.426579
9.150108	61.044693	-1.777098	27.822264	-0.512208	-138.428840
9.148394	61.025533	-1.779949	27.826798	-0.512274	-138.431092
9.146682	61.006362	-1.782798	27.831331	-0.512340	-138.433334
9.144971	60.987180	-1.785647	27.835864	-0.512406	-138.435567
9.143263	60.967986	-1.788494	27.840397	-0.512472	-138.437790
9.141556	60.948780	-1.791340	27.844930	-0.512538	-138.440003
9.139852	60.929563	-1.794184	27.849462	-0.512604	-138.442206
9.138150	60.910335	-1.797028	27.853995	-0.512669	-138.444399
9.136449	60.891096	-1.799870	27.858527	-0.512735	-138.446583
9.134751	60.871845	-1.802710	27.863059	-0.512801	-138.448758
9.133055	60.852582	-1.805550	27.867590	-0.512867	-138.450922
9.131360	60.833309	-1.808388	27.872122	-0.512933	-138.453077
9.129668	60.814023	-1.811225	27.876653	-0.512999	-138.455222
9.127977	60.794727	-1.814061	27.881184	-0.513065	-138.457357
9.126289	60.775419	-1.816895	27.885715	-0.513131	-138.459483
9.124603	60.756099	-1.819729	27.890245	-0.513197	-138.461599
9.122918	60.736768	-1.822560	27.894775	-0.513263	-138.463705
9.121236	60.717426	-1.825391	27.899306	-0.513328	-138.465802
9.119556	60.698072	-1.828221	27.903835	-0.513394	-138.467889
9.117877	60.678706	-1.831049	27.908365	-0.513460	-138.469966
9.116201	60.659330	-1.833876	27.912895	-0.513526	-138.472033
9.114526	60.639941	-1.836701	27.917424	-0.513592	-138.474091
9.112854	60.620542	-1.839526	27.921953	-0.513658	-138.476139
9.111184	60.601130	-1.842349	27.926482	-0.513724	-138.478177
9.109515	60.581707	-1.845171	27.931010	-0.513790	-138.480206
9.107849	60.562273	-1.847992	27.935539	-0.513855	-138.482225
9.106184	60.542827	-1.850811	27.940067	-0.513921	-138.484234
9.104522	60.523370	-1.853629	27.944595	-0.513987	-138.486233
9.102861	60.503901	-1.856446	27.949122	-0.514053	-138.488223
9.101203	60.484421	-1.859262	27.953650	-0.514119	-138.490203
9.099546	60.464929	-1.862077	27.958177	-0.514185	-138.492174
9.097891	60.445425	-1.864890	27.962704	-0.514251	-138.494134
9.096239	60.425910	-1.867702	27.967231	-0.514316	-138.496085
9.094588	60.406384	-1.870513	27.971758	-0.514382	-138.498027
9.092940	60.386846	-1.873322	27.976284	-0.514448	-138.499958
9.091293	60.367296	-1.876131	27.980811	-0.514514	-138.501880
9.089648	60.347735	-1.878938	27.985337	-0.514580	-138.503792
9.088005	60.328162	-1.881744	27.989862	-0.514646	-138.505695
9.086365	60.308577	-1.884549	27.994388	-0.514711	-138.507587
9.084726	60.288981	-1.887352	27.998913	-0.514777	-138.509470
9.083089	60.269374	-1.890155	28.003438	-0.514843	-138.511344
9.081454	60.249754	-1.892956	28.007963	-0.514909	-138.513207
9.079821	60.230123	-1.895756	28.012488	-0.514975	-138.515061
9.078190	60.210481	-1.898554	28.017012	-0.515040	-138.516906
9.076561	60.190826	-1.901352	28.021537	-0.515106	-138.518740
9.074934	60.171161	-1.904148	28.026061	-0.515172	-138.520565
9.073309	60.151483	-1.906943	28.030584	-0.515238	-138.522380
9.071686	60.131794	-1.909737	28.035108	-0.515303	-138.524186
9.070064	60.112093	-1.912530	28.039631	-0.515369	-138.525981
9.068445	60.092380	-1.915321	28.044155	-0.515435	-138.527767
9.066828	60.072656	-1.918112	28.048678	-0.515501	-138.529544
9.065212	60.052920	-1.920901	28.053200	-0.515567	-138.531310
9.063599	60.033173	-1.923689	28.057723	-0.515632	-138.533067
9.061987	60.013413	-1.926476	28.062245	-0.515698	-138.534815
9.060378	59.993642	-1.929261	28.066767	-0.515764	-138.536552
9.058770	59.973859	-1.932046	28.071289	-0.515830	-138.538280
9.057165	59.954065	-1.934829	28.075811	-0.515895	-138.539998
9.055561	59.934259	-1.937611	28.080332	-0.515961	-138.541707
9.053959	59.914440	-1.940392	28.084853	-0.516027	-138.543405
9.052359	59.894611	-1.943171	28.089374	-0.516093	-138.545095
9.050761	59.874769	-1.945950	28.093895	-0.516158	-138.546774
9.049165	59.854916	-1.948727	28.098415	-0.516224	-138.548444
9.047571	59.835051	-1.951504	28.102936	-0.516290	-138.550104
9.045979	59.815174	-1.954279	28.107456	-0.516355	-138.551754
9.044389	59.795285	-1.957052	28.111976	-0.516421	-138.553394
9.042800	59.775384	-1.959825	28.116495	-0.516487	-138.555025
9.041214	59.755472	-1.962597	28.121015	-0.516553	-138.556646
9.039630	59.735548	-1.965367	28.125534	-0.516618	-138.558258
9.038047	59.715612	-1.968136	28.130053	-0.516684	-138.559860
9.036466	59.695664	-1.970904	28.134572	-0.516750	-138.561452
9.034888	59.675704	-1.973671	28.139090	-0.516815	-138.563034
9.033311	59.655732	-1.976437	28.143609	-0.516881	-138.564607
9.031736	59.635749	-1.979202	28.148127	-0.516947	-138.566170
9.030163	59.615753	-1.981965	28.152645	-0.517012	-138.567723
9.028592	59.595746	-1.984728	28.157162	-0.517078	-138.569267
9.027023	59.575727	-1.987489	28.161680	-0.517144	-138.570801
9.025455	59.555695	-1.990249	28.166197	-0.517209	-138.572325
9.023890	59.535652	-1.993008	28.170714	-0.517275	-138.573839
9.022326	59.515597	-1.995766	28.175231	-0.517341	-138.575344
9.020765	59.495530	-1.998523	28.179747	-0.517406	-138.576839
9.019205	59.475451	-2.001278	28.184264	-0.517472	-138.578325
9.017647	59.455360	-2.004033	28.188780	-0.517538	-138.579800
9.016091	59.435257	-2.006786	28.193296	-0.517603	-138.581267
9.014537	59.415143	-2.009539	28.197811	-0.517669	-138.582723
9.012985	59.395016	-2.012290	28.202327	-0.517735	-138.584170
9.011435	59.374877	-2.015040	28.206842	-0.517800	-138.585607
9.009887	59.354726	-2.017789	28.211357	-0.517866	-138.587034
9.008340	59.334563	-2.020537	28.215872	-0.517931	-138.588451
9.006796	59.314388	-2.023283	28.220386	-0.517997	-138.589859
9.005253	59.294201	-2.026029	28.224900	-0.518063	-138.591257
9.003712	59.274002	-2.028774	28.229415	-0.518128	-138.592646
9.002173	59.253791	-2.031517	28.233928	-0.518194	-138.594025
9.000636	59.233568	-2.034259	28.238442	-0.518259	-138.595394
8.999101	59.213332	-2.037001	28.242956	-0.518325	-138.596753
8.997567	59.193085	-2.039741	28.247469	-0.518391	-138.598103
8.996036	59.172825	-2.042480	28.251982	-0.518456	-138.599443
8.994506	59.152554	-2.045218	28.256494	-0.518522	-138.600773
8.992978	59.132270	-2.047955	28.261007	-0.518587	-138.602094
8.991452	59.111974	-2.050691	28.265519	-0.518653	-138.603405
8.989928	59.091666	-2.053425	28.270031	-0.518718	-138.604706
8.988406	59.071345	-2.056159	28.274543	-0.518784	-138.605998
8.986886	59.051013	-2.058892	28.279055	-0.518850	-138.607280
8.985367	59.030668	-2.061623	28.283566	-0.518915	-138.608552
8.983851	59.010311	-2.064354	28.288078	-0.518981	-138.609815
8.982336	58.989942	-2.067083	28.292588	-0.519046	-138.611067
8.980823	58.969561	-2.069812	28.297099	-0.519112	-138.612311
8.979312	58.949167	-2.072539	28.301610	-0.519177	-138.613544
8.977803	58.928762	-2.075265	28.306120	-0.519243	-138.614768
8.976295	58.908344	-2.077990	28.310630	-0.519308	-138.615982
8.974790	58.887913	-2.080715	28.315140	-0.519374	-138.617186
8.973286	58.867471	-2.083438	28.319650	-0.519439	-138.618381
8.971784	58.847016	-2.086160	28.324159	-0.519505	-138.619566
8.970284	58.826548	-2.088881	28.328668	-0.519570	-138.620741
8.968786	58.806069	-2.091601	28.333177	-0.519636	-138.621907
8.967289	58.785577	-2.094320	28.337686	-0.519701	-138.623063
8.965795	58.765073	-2.097038	28.342194	-0.519767	-138.624209
8.964302	58.744556	-2.099755	28.346702	-0.519832	-138.625346
8.962811	58.724027	-2.102471	28.351210	-0.519898	-138.626473
8.961322	58.703486	-2.105186	28.355718	-0.519963	-138.627590
8.959834	58.682932	-2.107899	28.360226	-0.520029	-138.628697
8.958349	58.662366	-2.110612	28.364733	-0.520094	-138.629795
8.956865	58.641787	-2.113324	28.369240	-0.520159	-138.630883
8.955383	58.621196	-2.116035	28.373747	-0.520225	-138.631962
8.953903	58.600592	-2.118745	28.378254	-0.520290	-138.633030
8.952425	58.579976	-2.121454	28.382760	-0.520356	-138.634090
8.950949	58.559348	-2.124161	28.387266	-0.520421	-138.635139
8.949474	58.538707	-2.126868	28.391772	-0.520487	-138.636179
8.948001	58.518054	-2.129574	28.396278	-0.520552	-138.637209
8.946530	58.497388	-2.132279	28.400784	-0.520617	-138.638229
8.945061	58.476709	-2.134983	28.405289	-0.520683	-138.639240
8.943593	58.456018	-2.137686	28.409794	-0.520748	-138.640241
8.942128	58.435314	-2.140387	28.414299	-0.520814	-138.641232
8.940664	58.414598	-2.143088	28.418803	-0.520879	-138.642214
8.939202	58.393869	-2.145788	28.423308	-0.520944	-138.643186
8.937741	58.373128	-2.148487	28.427812	-0.521010	-138.644148
8.936283	58.352374	-2.151185	28.432316	-0.521075	-138.645100
8.934826	58.331607	-2.153882	28.436819	-0.521141	-138.646043
8.933371	58.310828	-2.156578	28.441323	-0.521206	-138.646976
8.931918	58.290036	-2.159273	28.445826	-0.521271	-138.647900
8.930466	58.269232	-2.161968	28.450329	-0.521337	-138.648814
8.929016	58.248414	-2.164661	28.454832	-0.521402	-138.649718
8.927568	58.227584	-2.167353	28.459334	-0.521467	-138.650612
8.926122	58.206741	-2.170044	28.463836	-0.521533	-138.651497
8.924678	58.185886	-2.172735	28.468338	-0.521598	-138.652372
8.923235	58.165018	-2.175424	28.472840	-0.521663	-138.653238
8.921794	58.144137	-2.178112	28.477342	-0.521729	-138.654094
8.920355	58.123243	-2.180800	28.481843	-0.521794	-138.654940
8.918918	58.102337	-2.183486	28.486344	-0.521859	-138.655776
8.917482	58.081417	-2.186172	28.490845	-0.521924	-138.656603
8.916048	58.060485	-2.188857	28.495346	-0.521990	-138.657420
8.914616	58.039540	-2.191541	28.499846	-0.522055	-138.658227
8.913186	58.018582	-2.194224	28.504346	-0.522120	-138.659025
8.911757	57.997611	-2.196906	28.508846	-0.522186	-138.659813
8.910330	57.976628	-2.199587	28.513346	-0.522251	-138.660591
8.908905	57.955631	-2.202267	28.517845	-0.522316	-138.661360
8.907482	57.934622	-2.204946	28.522345	-0.522381	-138.662119
8.906060	57.913599	-2.207624	28.526844	-0.522447	-138.662868
8.904640	57.892564	-2.210302	28.531342	-0.522512	-138.663608
8.903222	57.871516	-2.212978	28.535841	-0.522577	-138.664338
8.901805	57.850455	-2.215654	28.540339	-0.522642	-138.665058
8.900390	57.829380	-2.218329	28.544837	-0.522707	-138.665769
8.898977	57.808293	-2.221003	28.549335	-0.522773	-138.666470
8.897566	57.787193	-2.223676	28.553833	-0.522838	-138.667161
8.896156	57.766079	-2.226348	28.558330	-0.522903	-138.667842
8.894748	57.744953	-2.229019	28.562827	-0.522968	-138.668514
8.893342	57.723813	-2.231689	28.567324	-0.523033	-138.669176
8.891937	57.702661	-2.234359	28.571820	-0.523099	-138.669829
8.890534	57.681495	-2.237028	28.576317	-0.523164	-138.670472
8.889133	57.660316	-2.239695	28.580813	-0.523229	-138.671105
8.887734	57.639124	-2.242362	28.585309	-0.523294	-138.671729
8.886336	57.617919	-2.245028	28.589805	-0.523359	-138.672342
8.884940	57.596700	-2.247694	28.594300	-0.523424	-138.672947
8.883545	57.575469	-2.250358	28.598795	-0.523489	-138.673541
8.882153	57.554224	-2.253022	28.603290	-0.523555	-138.674126
8.880761	57.532966	-2.255684	28.607785	-0.523620	-138.674701
8.879372	57.511695	-2.258346	28.612279	-0.523685	-138.675267
8.877984	57.490410	-2.261007	28.616774	-0.523750	-138.675822
8.876598	57.469112	-2.263667	28.621268	-0.523815	-138.676369
8.875214	57.447801	-2.266327	28.625761	-0.523880	-138.676905
8.873831	57.426477	-2.268985	28.630255	-0.523945	-138.677432
8.872450	57.405139	-2.271643	28.634748	-0.524010	-138.677949
8.871071	57.383787	-2.274300	28.639241	-0.524075	-138.678457
8.869693	57.362423	-2.276956	28.643734	-0.524140	-138.678954
8.868317	57.341045	-2.279611	28.648226	-0.524205	-138.679442
8.866943	57.319653	-2.282266	28.652719	-0.524271	-138.679921
8.865570	57.298248	-2.284920	28.657211	-0.524336	-138.680390
8.864199	57.276830	-2.287573	28.661703	-0.524401	-138.680849
8.862830	57.255398	-2.290225	28.666194	-0.524466	-138.681298
8.861462	57.233953	-2.292876	28.670686	-0.524531	-138.681738
8.860096	57.212494	-2.295527	28.675177	-0.524596	-138.682168
8.858731	57.191022	-2.298176	28.679668	-0.524661	-138.682589
8.857369	57.169536	-2.300825	28.684158	-0.524726	-138.683000
8.856007	57.148036	-2.303474	28.688648	-0.524791	-138.683401
8.854648	57.126523	-2.306121	28.693139	-0.524856	-138.683792
8.853290	57.104996	-2.308768	28.697628	-0.524921	-138.684174
8.851933	57.083456	-2.311414	28.702118	-0.524986	-138.684546
8.850579	57.061902	-2.314059	28.706607	-0.525051	-138.684909
8.849226	57.040334	-2.316703	28.711097	-0.525115	-138.685261
8.847874	57.018753	-2.319347	28.715585	-0.525180	-138.685604
8.846524	56.997157	-2.321990	28.720074	-0.525245	-138.685938
8.845176	56.975549	-2.324632	28.724562	-0.525310	-138.686262
8.843829	56.953926	-2.327274	28.729051	-0.525375	-138.686576
8.842484	56.932290	-2.329914	28.733538	-0.525440	-138.686880
8.841141	56.910639	-2.332554	28.738026	-0.525505	-138.687175
8.839799	56.888975	-2.335194	28.742514	-0.525570	-138.687460
8.838459	56.867297	-2.337832	28.747001	-0.525635	-138.687736
8.837120	56.845606	-2.340470	28.751488	-0.525700	-138.688002
8.835783	56.823900	-2.343107	28.755974	-0.525765	-138.688258
8.834448	56.802180	-2.345744	28.760461	-0.525829	-138.688504
8.833114	56.780447	-2.348379	28.764947	-0.525894	-138.688741
8.831781	56.758699	-2.351014	28.769433	-0.525959	-138.688968
8.830451	56.736938	-2.353649	28.773918	-0.526024	-138.689186
8.829122	56.715163	-2.356282	28.778404	-0.526089	-138.689394
8.827794	56.693373	-2.358915	28.782889	-0.526154	-138.689592
8.826468	56.671570	-2.361547	28.787374	-0.526218	-138.689781
8.825143	56.649752	-2.364179	28.791858	-0.526283	-138.689960
8.823821	56.627920	-2.366810	28.796343	-0.526348	-138.690129
8.822499	56.606075	-2.369440	28.800827	-0.526413	-138.690288
8.821179	56.584215	-2.372070	28.805311	-0.526478	-138.690438
8.819861	56.562341	-2.374699	28.809794	-0.526542	-138.690579
8.818545	56.540453	-2.377327	28.814278	-0.526607	-138.690709
8.817229	56.518550	-2.379954	28.818761	-0.526672	-138.690830
8.815916	56.496634	-2.382581	28.823244	-0.526737	-138.690941
8.814604	56.474703	-2.385208	28.827726	-0.526801	-138.691043
8.813293	56.452758	-2.387833	28.832209	-0.526866	-138.691135
8.811984	56.430798	-2.390458	28.836691	-0.526931	-138.691217
8.810677	56.408824	-2.393083	28.841173	-0.526995	-138.691290
8.809371	56.386836	-2.395706	28.845654	-0.527060	-138.691353
8.808067	56.364834	-2.398329	28.850136	-0.527125	-138.691406
8.806764	56.342817	-2.400952	28.854617	-0.527189	-138.691450
8.805462	56.320786	-2.403574	28.859098	-0.527254	-138.691484
8.804163	56.298740	-2.406195	28.863578	-0.527319	-138.691509
8.802864	56.276680	-2.408816	28.868058	-0.527383	-138.691523
8.801568	56.254605	-2.411436	28.872539	-0.527448	-138.691529
8.800272	56.232516	-2.414055	28.877018	-0.527513	-138.691524
8.798978	56.210412	-2.416674	28.881498	-0.527577	-138.691510
8.797686	56.188294	-2.419293	28.885977	-0.527642	-138.691486
8.796395	56.166161	-2.421910	28.890456	-0.527706	-138.691453
8.795106	56.144014	-2.424527	28.894935	-0.527771	-138.691409
8.793818	56.121852	-2.427144	28.899413	-0.527836	-138.691357
8.792532	56.099675	-2.429760	28.903892	-0.527900	-138.691294
8.791247	56.077484	-2.432375	28.908370	-0.527965	-138.691222
8.789964	56.055278	-2.434990	28.912847	-0.528029	-138.691140
8.788682	56.033057	-2.437604	28.917325	-0.528094	-138.691049
8.787402	56.010821	-2.440218	28.921802	-0.528158	-138.690948
8.786123	55.988571	-2.442831	28.926279	-0.528223	-138.690837
8.784845	55.966305	-2.445444	28.930756	-0.528287	-138.690717
8.783569	55.944025	-2.448056	28.935232	-0.528352	-138.690587
8.782295	55.921730	-2.450668	28.939708	-0.528416	-138.690447
8.781022	55.899420	-2.453279	28.944184	-0.528481	-138.690298
8.779750	55.877096	-2.455889	28.948660	-0.528545	-138.690139
8.778480	55.854756	-2.458499	28.953135	-0.528610	-138.689971
8.777211	55.832401	-2.461109	28.957610	-0.528674	-138.689792
8.775944	55.810032	-2.463718	28.962085	-0.528739	-138.689605
8.774678	55.787647	-2.466326	28.966559	-0.528803	-138.689407
8.773414	55.765247	-2.468934	28.971034	-0.528868	-138.689200
8.772151	55.742832	-2.471542	28.975508	-0.528932	-138.688983
8.770889	55.720402	-2.474149	28.979981	-0.528996	-138.688757
8.769629	55.697957	-2.476755	28.984455	-0.529061	-138.688521
8.768370	55.675497	-2.479361	28.988928	-0.529125	-138.688275
8.767113	55.653021	-2.481967	28.993401	-0.529189	-138.688020
8.765857	55.630530	-2.484572	28.997874	-0.529254	-138.687755
8.764603	55.608025	-2.487176	29.002346	-0.529318	-138.687480
8.763350	55.585503	-2.489781	29.006818	-0.529382	-138.687196
8.762098	55.562967	-2.492384	29.011290	-0.529447	-138.686902
8.760848	55.540415	-2.494987	29.015762	-0.529511	-138.686598
8.759599	55.517848	-2.497590	29.020233	-0.529575	-138.686285
8.758352	55.495265	-2.500193	29.024704	-0.529640	-138.685962
8.757106	55.472667	-2.502794	29.029175	-0.529704	-138.685630
8.755861	55.450053	-2.505396	29.033645	-0.529768	-138.685288
8.754618	55.427424	-2.507997	29.038116	-0.529832	-138.684936
8.753376	55.404780	-2.510598	29.042586	-0.529897	-138.684575
8.752136	55.382120	-2.513198	29.047055	-0.529961	-138.684204
8.750897	55.359444	-2.515798	29.051525	-0.530025	-138.683823
8.749659	55.336753	-2.518397	29.055994	-0.530089	-138.683433
8.748423	55.314046	-2.520996	29.060463	-0.530153	-138.683033
8.747188	55.291323	-2.523594	29.064931	-0.530218	-138.682624
8.745954	55.268585	-2.526193	29.069400	-0.530282	-138.682204
8.744722	55.245831	-2.528790	29.073868	-0.530346	-138.681776
8.743491	55.223061	-2.531388	29.078336	-0.530410	-138.681337
8.742262	55.200276	-2.533985	29.082803	-0.530474	-138.680889
8.741033	55.177474	-2.536581	29.087270	-0.530538	-138.680431
8.739806	55.154657	-2.539178	29.091737	-0.530602	-138.679964
8.738581	55.131824	-2.541774	29.096204	-0.530667	-138.679487
8.737357	55.108975	-2.544369	29.100670	-0.530731	-138.679001
8.736134	55.086110	-2.546964	29.105136	-0.530795	-138.678504
8.734912	55.063229	-2.549559	29.109602	-0.530859	-138.677999
8.733692	55.040332	-2.552154	29.114068	-0.530923	-138.677483
8.732473	55.017419	-2.554748	29.118533	-0.530987	-138.676958
8.731256	54.994490	-2.557342	29.122998	-0.531051	-138.676423
8.730040	54.971545	-2.559935	29.127463	-0.531115	-138.675879
8.728825	54.948584	-2.562529	29.131927	-0.531179	-138.675325
8.727611	54.925606	-2.565121	29.136391	-0.531243	-138.674761
8.726399	54.902613	-2.567714	29.140855	-0.531307	-138.674188
8.725188	54.879603	-2.570306	29.145318	-0.531371	-138.673605
8.723978	54.856577	-2.572898	29.149782	-0.531435	-138.673013
8.722770	54.833534	-2.575490	29.154245	-0.531499	-138.672411
8.721563	54.810476	-2.578081	29.158707	-0.531563	-138.671799
8.720357	54.787401	-2.580672	29.163170	-0.531626	-138.671178
8.719153	54.764309	-2.583263	29.167632	-0.531690	-138.670547
8.717949	54.741201	-2.585854	29.172094	-0.531754	-138.669906
8.716747	54.718077	-2.588444	29.176555	-0.531818	-138.669256
8.715547	54.694936	-2.591034	29.181017	-0.531882	-138.668596
8.714347	54.671778	-2.593624	29.185478	-0.531946	-138.667927
8.713149	54.648604	-2.596213	29.189938	-0.532010	-138.667248
8.711952	54.625414	-2.598803	29.194399	-0.532073	-138.666559
8.710757	54.602206	-2.601392	29.198859	-0.532137	-138.665861
8.709562	54.578982	-2.603980	29.203319	-0.532201	-138.665153
8.708369	54.555742	-2.606569	29.207778	-0.532265	-138.664435
8.707177	54.532484	-2.609157	29.212237	-0.532328	-138.663708
8.705986	54.509210	-2.611745	29.216696	-0.532392	-138.662971
8.704797	54.485919	-2.614333	29.221155	-0.532456	-138.662225
8.703609	54.462611	-2.616921	29.225613	-0.532520	-138.661469
8.702422	54.439287	-2.619509	29.230071	-0.532583	-138.660703
8.701236	54.415945	-2.622096	29.234529	-0.532647	-138.659928
8.700052	54.392586	-2.624683	29.238987	-0.532711	-138.659143
8.698869	54.369211	-2.627270	29.243444	-0.532774	-138.658349
8.697686	54.345818	-2.629857	29.247901	-0.532838	-138.657545
8.696506	54.322408	-2.632443	29.252357	-0.532902	-138.656731
8.695326	54.298981	-2.635030	29.256814	-0.532965	-138.655908
8.694148	54.275537	-2.637616	29.261270	-0.533029	-138.655075
8.692970	54.252076	-2.640202	29.265725	-0.533092	-138.654232
8.691794	54.228598	-2.642788	29.270181	-0.533156	-138.653380
8.690620	54.205102	-2.645374	29.274636	-0.533219	-138.652518
8.689446	54.181590	-2.647959	29.279091	-0.533283	-138.651647
8.688273	54.158059	-2.650545	29.283545	-0.533346	-138.650766
8.687102	54.134512	-2.653130	29.287999	-0.533410	-138.649876
8.685932	54.110947	-2.655715	29.292453	-0.533473	-138.648975
8.684763	54.087364	-2.658301	29.296907	-0.533537	-138.648066
8.683595	54.063764	-2.660886	29.301360	-0.533600	-138.647146
8.682429	54.040147	-2.663471	29.305813	-0.533664	-138.646217
8.681263	54.016512	-2.666055	29.310266	-0.533727	-138.645279
8.680099	53.992859	-2.668640	29.314718	-0.533791	-138.644331
8.678936	53.969189	-2.671225	29.319170	-0.533854	-138.643373
8.677774	53.945501	-2.673809	29.323622	-0.533917	-138.642405
8.676613	53.921796	-2.676394	29.328074	-0.533981	-138.641428
8.675454	53.898072	-2.678978	29.332525	-0.534044	-138.640442
8.674295	53.874331	-2.681563	29.336976	-0.534107	-138.639446
8.673138	53.850572	-2.684147	29.341426	-0.534171	-138.638440
8.671982	53.826795	-2.686731	29.345877	-0.534234	-138.637424
8.670826	53.803001	-2.689315	29.350326	-0.534297	-138.636399
8.669672	53.779188	-2.691900	29.354776	-0.534361	-138.635365
8.668520	53.755357	-2.694484	29.359225	-0.534424	-138.634321
8.667368	53.731509	-2.697068	29.363674	-0.534487	-138.633267
8.666217	53.707642	-2.699652	29.368123	-0.534550	-138.632203
8.665068	53.683757	-2.702236	29.372572	-0.534613	-138.631130
8.663919	53.659854	-2.704820	29.377020	-0.534677	-138.630048
8.662772	53.635933	-2.707404	29.381467	-0.534740	-138.628956
8.661626	53.611993	-2.709988	29.385915	-0.534803	-138.627854
8.660480	53.588035	-2.712572	29.390362	-0.534866	-138.626743
8.659336	53.564059	-2.715156	29.394809	-0.534929	-138.625622
8.658193	53.540065	-2.717740	29.399255	-0.534992	-138.624491
8.657052	53.516052	-2.720324	29.403701	-0.535055	-138.623351
8.655911	53.492021	-2.722909	29.408147	-0.535118	-138.622201
8.654771	53.467971	-2.725493	29.412593	-0.535181	-138.621042
8.653632	53.443903	-2.728077	29.417038	-0.535244	-138.619873
8.652495	53.419816	-2.730661	29.421483	-0.535307	-138.618694
8.651358	53.395710	-2.733246	29.425928	-0.535370	-138.617506
8.650223	53.371586	-2.735830	29.430372	-0.535433	-138.616309
8.649088	53.347443	-2.738415	29.434816	-0.535496	-138.615101
8.647955	53.323282	-2.740999	29.439260	-0.535559	-138.613885
8.646822	53.299101	-2.743584	29.443703	-0.535622	-138.612658
8.645691	53.274902	-2.746168	29.448146	-0.535685	-138.611422
8.644561	53.250684	-2.748753	29.452589	-0.535748	-138.610176
8.643432	53.226447	-2.751338	29.457031	-0.535811	-138.608921
8.642303	53.202191	-2.753923	29.461473	-0.535874	-138.607657
8.641176	53.177916	-2.756508	29.465915	-0.535937	-138.606382
8.640050	53.153622	-2.759094	29.470356	-0.535999	-138.605098
8.638925	53.129309	-2.761679	29.474797	-0.536062	-138.603805
8.637801	53.104976	-2.764264	29.479238	-0.536125	-138.602502
8.636678	53.080625	-2.766850	29.483678	-0.536188	-138.601189
8.635556	53.056254	-2.769436	29.488118	-0.536250	-138.599867
8.634435	53.031864	-2.772022	29.492558	-0.536313	-138.598535
8.633314	53.007455	-2.774608	29.496997	-0.536376	-138.597193
8.632195	52.983026	-2.777194	29.501437	-0.536438	-138.595842
8.631077	52.958578	-2.779781	29.505875	-0.536501	-138.594482
8.629960	52.934110	-2.782367	29.510314	-0.536564	-138.593112
8.628844	52.909623	-2.784954	29.514752	-0.536626	-138.591732
8.627729	52.885117	-2.787541	29.519190	-0.536689	-138.590343
8.626614	52.860591	-2.790128	29.523627	-0.536752	-138.588944
8.625501	52.836045	-2.792716	29.528064	-0.536814	-138.587535
8.624389	52.811479	-2.795303	29.532501	-0.536877	-138.586117
8.623278	52.786894	-2.797891	29.536937	-0.536939	-138.584690
8.622167	52.762289	-2.800479	29.541373	-0.537002	-138.583253
8.621058	52.737664	-2.803068	29.545809	-0.537064	-138.581806
8.619949	52.713019	-2.805656	29.550245	-0.537127	-138.580350
8.618842	52.688354	-2.808245	29.554680	-0.537189	-138.578884
8.617735	52.663670	-2.810834	29.559114	-0.537251	-138.577408
8.616629	52.638965	-2.813423	29.563549	-0.537314	-138.575923
8.615525	52.614240	-2.816013	29.567983	-0.537376	-138.574429
8.614421	52.589495	-2.818602	29.572417	-0.537438	-138.572925
8.613318	52.564730	-2.821192	29.576850	-0.537501	-138.571411
8.612216	52.539945	-2.823783	29.581283	-0.537563	-138.569888
8.611115	52.515139	-2.826373	29.585716	-0.537625	-138.568355
8.610015	52.490313	-2.828964	29.590148	-0.537688	-138.566813
8.608916	52.465467	-2.831556	29.594580	-0.537750	-138.565261
8.607817	52.440600	-2.834147	29.599012	-0.537812	-138.563699
8.606720	52.415713	-2.836739	29.603443	-0.537874	-138.562128
8.605623	52.390805	-2.839331	29.607874	-0.537937	-138.560548
8.604528	52.365877	-2.841924	29.612305	-0.537999	-138.558957
8.603433	52.340928	-2.844517	29.616735	-0.538061	-138.557358
8.602339	52.315959	-2.847110	29.621165	-0.538123	-138.555748
8.601246	52.290968	-2.849703	29.625594	-0.538185	-138.554130
8.600154	52.265957	-2.852297	29.630024	-0.538247	-138.552501
8.599063	52.240925	-2.854892	29.634452	-0.538309	-138.550863
8.597972	52.215873	-2.857486	29.638881	-0.538371	-138.549216
8.596883	52.190799	-2.860081	29.643309	-0.538433	-138.547559
8.595794	52.165704	-2.862677	29.647737	-0.538495	-138.545892
8.594706	52.140589	-2.865272	29.652164	-0.538557	-138.544216
8.593619	52.115452	-2.867868	29.656591	-0.538619	-138.542530
8.592533	52.090294	-2.870465	29.661018	-0.538681	-138.540835
8.591448	52.065115	-2.873062	29.665445	-0.538743	-138.539130
8.590363	52.039915	-2.875659	29.669871	-0.538805	-138.537416
8.589280	52.014693	-2.878257	29.674296	-0.538867	-138.535692
8.588197	51.989451	-2.880856	29.678722	-0.538928	-138.533958
8.587115	51.964186	-2.883454	29.683147	-0.538990	-138.532215
8.586034	51.938901	-2.886053	29.687571	-0.539052	-138.530463
8.584954	51.913593	-2.888653	29.691995	-0.539114	-138.528701
8.583874	51.888265	-2.891253	29.696419	-0.539175	-138.526929
8.582795	51.862914	-2.893854	29.700843	-0.539237	-138.525148
8.581717	51.837542	-2.896455	29.705266	-0.539299	-138.523357
8.580640	51.812148	-2.899056	29.709689	-0.539360	-138.521557
8.579564	51.786733	-2.901658	29.714111	-0.539422	-138.519747
8.578488	51.761296	-2.904261	29.718533	-0.539484	-138.517928
8.577414	51.735836	-2.906864	29.722955	-0.539545	-138.516099
8.576340	51.710355	-2.909467	29.727376	-0.539607	-138.514261
8.575267	51.684852	-2.912071	29.731797	-0.539668	-138.512413
8.574194	51.659327	-2.914675	29.736218	-0.539730	-138.510555
8.573123	51.633780	-2.917281	29.740638	-0.539791	-138.508688
8.572052	51.608210	-2.919886	29.745058	-0.539853	-138.506812
8.570982	51.582619	-2.922492	29.749477	-0.539914	-138.504926
8.569912	51.557005	-2.925099	29.753897	-0.539976	-138.503030
8.568844	51.531369	-2.927706	29.758315	-0.540037	-138.501125
8.567776	51.505710	-2.930314	29.762734	-0.540098	-138.499210
8.566709	51.480029	-2.932922	29.767152	-0.540160	-138.497286
8.565642	51.454326	-2.935531	29.771569	-0.540221	-138.495352
8.564577	51.428600	-2.938141	29.775987	-0.540282	-138.493409
8.563512	51.402851	-2.940751	29.780403	-0.540344	-138.491456
8.562448	51.377080	-2.943362	29.784820	-0.540405	-138.489494
8.561384	51.351286	-2.945973	29.789236	-0.540466	-138.487522
8.560322	51.325469	-2.948585	29.793652	-0.540527	-138.485541
8.559260	51.299629	-2.951197	29.798067	-0.540588	-138.483550
8.558198	51.273767	-2.953811	29.802482	-0.540649	-138.481549
8.557138	51.247881	-2.956424	29.806897	-0.540711	-138.479540
8.556078	51.221973	-2.959039	29.811311	-0.540772	-138.477520
8.555019	51.196042	-2.961654	29.815725	-0.540833	-138.475491
8.553960	51.170087	-2.964270	29.820138	-0.540894	-138.473453
8.552902	51.144109	-2.966886	29.824551	-0.540955	-138.471405
8.551845	51.118108	-2.969503	29.828964	-0.541016	-138.469347
8.550789	51.092084	-2.972121	29.833376	-0.541077	-138.467280
8.549733	51.066036	-2.974740	29.837788	-0.541137	-138.465204
8.548678	51.039965	-2.977359	29.842200	-0.541198	-138.463118
8.547624	51.013871	-2.979979	29.846611	-0.541259	-138.461022
8.546570	50.987753	-2.982599	29.851021	-0.541320	-138.458917
8.545517	50.961611	-2.985221	29.855432	-0.541381	-138.456802
8.544464	50.935445	-2.987843	29.859842	-0.541442	-138.454678
8.543413	50.909256	-2.990466	29.864251	-0.541502	-138.452545
8.542362	50.883044	-2.993089	29.868661	-0.541563	-138.450401
8.541311	50.856807	-2.995713	29.873069	-0.541624	-138.448249
8.540261	50.830546	-2.998338	29.877478	-0.541684	-138.446087
8.539212	50.804262	-3.000964	29.881886	-0.541745	-138.443915
8.538164	50.777953	-3.003591	29.886293	-0.541806	-138.441734
8.537116	50.751621	-3.006218	29.890700	-0.541866	-138.439543
8.536069	50.725264	-3.008846	29.895107	-0.541927	-138.437343
8.535022	50.698883	-3.011475	29.899514	-0.541987	-138.435133
8.533976	50.672478	-3.014105	29.903920	-0.542048	-138.432914
8.532930	50.646048	-3.016735	29.908325	-0.542108	-138.430686
8.531886	50.619595	-3.019367	29.912730	-0.542169	-138.428447
8.530841	50.593116	-3.021999	29.917135	-0.542229	-138.426200
8.529798	50.566613	-3.024632	29.921540	-0.542289	-138.423943
8.528755	50.540086	-3.027265	29.925944	-0.542350	-138.421676
8.527712	50.513534	-3.029900	29.930347	-0.542410	-138.419400
8.526670	50.486957	-3.032536	29.934750	-0.542470	-138.417114
8.525629	50.460355	-3.035172	29.939153	-0.542531	-138.414819
8.524589	50.433729	-3.037809	29.943556	-0.542591	-138.412515
8.523549	50.407078	-3.040447	29.947958	-0.542651	-138.410200
8.522509	50.380401	-3.043086	29.952359	-0.542711	-138.407877
8.521470	50.353700	-3.045726	29.956760	-0.542771	-138.405544
8.520432	50.326974	-3.048367	29.961161	-0.542831	-138.403201
8.519394	50.300222	-3.051008	29.965561	-0.542891	-138.400849
8.518357	50.273446	-3.053651	29.969961	-0.542951	-138.398488
8.517320	50.246644	-3.056294	29.974361	-0.543011	-138.396117
8.516284	50.219816	-3.058939	29.978760	-0.543071	-138.393736
8.515248	50.192964	-3.061584	29.983158	-0.543131	-138.391346
8.514213	50.166085	-3.064230	29.987557	-0.543191	-138.388947
8.513179	50.139182	-3.066878	29.991954	-0.543251	-138.386538
8.512145	50.112252	-3.069526	29.996352	-0.543311	-138.384119
8.511111	50.085297	-3.072175	30.000749	-0.543371	-138.381691
8.510078	50.058316	-3.074825	30.005145	-0.543431	-138.379254
8.509046	50.031310	-3.077476	30.009542	-0.543490	-138.376807
8.508014	50.004277	-3.080128	30.013937	-0.543550	-138.374351
8.506982	49.977219	-3.082781	30.018333	-0.543610	-138.371885
8.505952	49.950135	-3.085436	30.022727	-0.543669	-138.369410
8.504921	49.923024	-3.088091	30.027122	-0.543729	-138.366925
8.503891	49.895888	-3.090747	30.031516	-0.543788	-138.364431
8.502862	49.868725	-3.093404	30.035910	-0.543848	-138.361927
8.501833	49.841536	-3.096062	30.040303	-0.543908	-138.359414
8.500805	49.814320	-3.098721	30.044695	-0.543967	-138.356891
8.499777	49.787078	-3.101382	30.049088	-0.544026	-138.354359
8.498749	49.759810	-3.104043	30.053480	-0.544086	-138.351818
8.497722	49.732515	-3.106705	30.057871	-0.544145	-138.349267
8.496696	49.705194	-3.109369	30.062262	-0.544205	-138.346706
8.495670	49.677846	-3.112033	30.066653	-0.544264	-138.344136
8.494644	49.650471	-3.114699	30.071043	-0.544323	-138.341557
8.493619	49.623069	-3.117365	30.075433	-0.544382	-138.338968
8.492595	49.595640	-3.120033	30.079822	-0.544442	-138.336370
8.491571	49.568185	-3.122702	30.084211	-0.544501	-138.333762
8.490547	49.540702	-3.125372	30.088599	-0.544560	-138.331145
8.489524	49.513192	-3.128043	30.092987	-0.544619	-138.328518
8.488501	49.485656	-3.130716	30.097375	-0.544678	-138.325882
8.487478	49.458091	-3.133389	30.101762	-0.544737	-138.323236
8.486457	49.430500	-3.136064	30.106148	-0.544796	-138.320581
8.485435	49.402881	-3.138739	30.110535	-0.544855	-138.317917
8.484414	49.375235	-3.141416	30.114920	-0.544914	-138.315243
8.483393	49.347561	-3.144094	30.119306	-0.544973	-138.312559
8.482373	49.319860	-3.146774	30.123691	-0.545032	-138.309866
8.481353	49.292131	-3.149454	30.128075	-0.545091	-138.307164
8.480334	49.264374	-3.152136	30.132459	-0.545149	-138.304452
8.479315	49.236589	-3.154819	30.136843	-0.545208	-138.301731
8.478296	49.208777	-3.157503	30.141226	-0.545267	-138.299001
8.477278	49.180936	-3.160188	30.145608	-0.545326	-138.296260
8.476260	49.153068	-3.162874	30.149990	-0.545384	-138.293511
8.475243	49.125172	-3.165562	30.154372	-0.545443	-138.290752
8.474226	49.097247	-3.168251	30.158754	-0.545501	-138.287984
8.473209	49.069294	-3.170941	30.163134	-0.545560	-138.285206
8.472193	49.041313	-3.173633	30.167515	-0.545618	-138.282419
8.471177	49.013303	-3.176326	30.171895	-0.545677	-138.279622
8.470162	48.985265	-3.179020	30.176274	-0.545735	-138.276816
8.469147	48.957198	-3.181715	30.180653	-0.545794	-138.274000
8.468132	48.929103	-3.184411	30.185032	-0.545852	-138.271175
8.467118	48.900979	-3.187109	30.189410	-0.545910	-138.268341
8.466104	48.872826	-3.189809	30.193787	-0.545968	-138.265497
8.465090	48.844645	-3.192509	30.198165	-0.546027	-138.262644
8.464077	48.816435	-3.195211	30.202541	-0.546085	-138.259781
8.463064	48.788195	-3.197914	30.206917	-0.546143	-138.256909
8.462051	48.759927	-3.200619	30.211293	-0.546201	-138.254027
8.461039	48.731629	-3.203324	30.215669	-0.546259	-138.251137
8.460027	48.703302	-3.206032	30.220043	-0.546317	-138.248236
8.459016	48.674946	-3.208740	30.224418	-0.546375	-138.245326
8.458004	48.646561	-3.211450	30.228792	-0.546433	-138.242407
8.456994	48.618146	-3.214161	30.233165	-0.546491	-138.239479
8.455983	48.589702	-3.216874	30.237538	-0.546549	-138.236540
8.454973	48.561228	-3.219588	30.241911	-0.546607	-138.233593
8.453963	48.532724	-3.222304	30.246283	-0.546665	-138.230636
8.452953	48.504191	-3.225020	30.250654	-0.546722	-138.227670
8.451944	48.475628	-3.227739	30.255025	-0.546780	-138.224694
8.450935	48.447035	-3.230458	30.259396	-0.546838	-138.221709
8.449926	48.418412	-3.233180	30.263766	-0.546895	-138.218715
8.448918	48.389759	-3.235902	30.268135	-0.546953	-138.215711
8.447910	48.361076	-3.238626	30.272505	-0.547010	-138.212697
8.446902	48.332363	-3.241352	30.276873	-0.547068	-138.209675
8.445894	48.303619	-3.244079	30.281242	-0.547125	-138.206642
8.444887	48.274845	-3.246807	30.285609	-0.547183	-138.203601
8.443880	48.246041	-3.249537	30.289976	-0.547240	-138.200550
8.442874	48.217206	-3.252268	30.294343	-0.547298	-138.197490
8.441867	48.188340	-3.255001	30.298709	-0.547355	-138.194420
8.440861	48.159444	-3.257736	30.303075	-0.547412	-138.191341
8.439855	48.130517	-3.260472	30.307441	-0.547469	-138.188252
8.438850	48.101560	-3.263209	30.311805	-0.547526	-138.185154
8.437845	48.072571	-3.265948	30.316170	-0.547584	-138.182047
8.436840	48.043552	-3.268688	30.320534	-0.547641	-138.178930
8.435835	48.014501	-3.271430	30.324897	-0.547698	-138.175804
8.434830	47.985419	-3.274174	30.329260	-0.547755	-138.172669
8.433826	47.956306	-3.276919	30.333622	-0.547812	-138.169524
8.432822	47.927162	-3.279666	30.337984	-0.547869	-138.166370
8.431818	47.897986	-3.282414	30.342345	-0.547925	-138.163206
8.430815	47.868779	-3.285164	30.346706	-0.547982	-138.160033
8.429811	47.839541	-3.287915	30.351066	-0.548039	-138.156851
8.428808	47.810270	-3.290668	30.355426	-0.548096	-138.153659
8.427806	47.780968	-3.293423	30.359786	-0.548152	-138.150458
8.426803	47.751635	-3.296179	30.364145	-0.548209	-138.147247
8.425801	47.722269	-3.298937	30.368503	-0.548266	-138.144027
8.424798	47.692871	-3.301697	30.372861	-0.548322	-138.140798
8.423797	47.663442	-3.304458	30.377218	-0.548379	-138.137559
8.422795	47.633980	-3.307221	30.381575	-0.548435	-138.134311
8.421793	47.604486	-3.309985	30.385931	-0.548492	-138.131054
8.420792	47.574960	-3.312751	30.390287	-0.548548	-138.127787
8.419791	47.545402	-3.315519	30.394643	-0.548604	-138.124511
8.418790	47.515811	-3.318288	30.398997	-0.548661	-138.121226
8.417790	47.486187	-3.321060	30.403352	-0.548717	-138.117931
8.416789	47.456531	-3.323832	30.407706	-0.548773	-138.114627
8.415789	47.426843	-3.326607	30.412059	-0.548829	-138.111313
8.414789	47.397121	-3.329383	30.416412	-0.548885	-138.107990
8.413789	47.367367	-3.332161	30.420764	-0.548941	-138.104658
8.412789	47.337580	-3.334941	30.425116	-0.548997	-138.101316
8.411790	47.307759	-3.337722	30.429467	-0.549053	-138.097965
8.410790	47.277906	-3.340506	30.433818	-0.549109	-138.094605
8.409791	47.248019	-3.343290	30.438168	-0.549165	-138.091235
8.408792	47.218100	-3.346077	30.442518	-0.549221	-138.087856
8.407793	47.188147	-3.348866	30.446867	-0.549277	-138.084467
8.406795	47.158160	-3.351656	30.451215	-0.549332	-138.081070
8.405796	47.128140	-3.354448	30.455563	-0.549388	-138.077662
8.404798	47.098086	-3.357242	30.459911	-0.549444	-138.074246
8.403800	47.067999	-3.360037	30.464258	-0.549499	-138.070820
8.402802	47.037877	-3.362835	30.468605	-0.549555	-138.067385
8.401804	47.007722	-3.365634	30.472951	-0.549610	-138.063940
8.400806	46.977533	-3.368435	30.477296	-0.549666	-138.060487
8.399809	46.947310	-3.371238	30.481641	-0.549721	-138.057023
8.398811	46.917053	-3.374042	30.485986	-0.549776	-138.053551
8.397814	46.886762	-3.376849	30.490329	-0.549832	-138.050069
8.396817	46.856436	-3.379657	30.494673	-0.549887	-138.046578
8.395820	46.826076	-3.382468	30.499016	-0.549942	-138.043077
8.394823	46.795682	-3.385280	30.503358	-0.549997	-138.039567
8.393827	46.765253	-3.388094	30.507700	-0.550052	-138.036048
8.392830	46.734789	-3.390910	30.512041	-0.550107	-138.032520
8.391834	46.704291	-3.393727	30.516382	-0.550162	-138.028982
8.390837	46.673757	-3.396547	30.520722	-0.550217	-138.025435
8.389841	46.643189	-3.399369	30.525061	-0.550272	-138.021878
8.388845	46.612586	-3.402192	30.529401	-0.550327	-138.018312
8.387849	46.581948	-3.405018	30.533739	-0.550382	-138.014737
8.386853	46.551275	-3.407845	30.538077	-0.550437	-138.011153
