Mach,velocity,AoA,deg,rad/s,Clpm,Cmqm,Cyawrm,Clmd,Cmmd,Cyawmd
0.3,102,0,0.1,0.00175,260.5714286,-71.4217484,-130.0989339,0.000304,-0.001642,-0.002991
0.3,102,0,0.2,0.0035,130.2857143,-35.7108742,-65.04946695,0.000304,-0.001642,-0.002991
0.3,102,0,0.3,0.00525,86.85714286,-23.80724947,-43.3663113,0.000304,-0.001642,-0.002991
0.3,102,0,0.4,0.007,65.14285714,-17.8554371,-32.52473348,0.000304,-0.001642,-0.002991
0.3,102,0,0.5,0.00875,52.11428571,-14.28434968,-26.01978678,0.000304,-0.001642,-0.002991
0.3,102,0,0.6,0.0105,43.42857143,-11.90362473,-21.68315565,0.000304,-0.001642,-0.002991
0.3,102,0,0.7,0.01225,37.2244898,-10.20310691,-18.58556199,0.000304,-0.001642,-0.002991
0.3,102,0,0.8,0.014,32.57142857,-8.92771855,-16.26236674,0.000304,-0.001642,-0.002991
0.3,102,0,0.9,0.01575,28.95238095,-7.935749822,-14.4554371,0.000304,-0.001642,-0.002991
0.3,102,0,1,0.0175,26.05714286,-7.14217484,-13.00989339,0.000304,-0.001642,-0.002991
0.3,102,0,1.1,0.01925,23.68831169,-6.492886218,-11.82717581,0.000304,-0.001642,-0.002991
0.3,102,0,1.2,0.021,21.71428571,-5.951812367,-10.84157783,0.000304,-0.001642,-0.002991
0.3,102,0,1.3,0.02275,20.04395604,-5.493980646,-10.0076103,0.000304,-0.001642,-0.002991
0.3,102,0,1.4,0.0245,18.6122449,-5.101553457,-9.292780993,0.000304,-0.001642,-0.002991
0.3,102,0,1.5,0.02625,17.37142857,-4.761449893,-8.67326226,0.000304,-0.001642,-0.002991
0.3,102,0,1.6,0.028,16.28571429,-4.463859275,-8.131183369,0.000304,-0.001642,-0.002991
0.3,102,0,1.7,0.02975,15.32773109,-4.201279318,-7.652878465,0.000304,-0.001642,-0.002991
0.3,102,0,1.8,0.0315,14.47619048,-3.967874911,-7.22771855,0.000304,-0.001642,-0.002991
0.3,102,0,1.9,0.03325,13.71428571,-3.75903939,-6.847312311,0.000304,-0.001642,-0.002991
0.3,102,0,2,0.035,13.02857143,-3.57108742,-6.504946695,0.000304,-0.001642,-0.002991
0.3,102,0,2.1,0.03675,12.40816327,-3.401035638,-6.195187329,0.000304,-0.001642,-0.002991
0.3,102,0,2.2,0.0385,11.84415584,-3.246443109,-5.913587905,0.000304,-0.001642,-0.002991
0.3,102,0,2.3,0.04025,11.32919255,-3.105293409,-5.656475387,0.000304,-0.001642,-0.002991
0.3,102,0,2.4,0.042,10.85714286,-2.975906183,-5.420788913,0.000304,-0.001642,-0.002991
0.3,102,0,2.5,0.04375,10.42285714,-2.856869936,-5.203957356,0.000304,-0.001642,-0.002991
0.3,102,0,2.6,0.0455,10.02197802,-2.746990323,-5.00380515,0.000304,-0.001642,-0.002991
0.3,102,0,2.7,0.04725,9.650793651,-2.645249941,-4.818479033,0.000304,-0.001642,-0.002991
0.3,102,0,2.8,0.049,9.306122449,-2.550776729,-4.646390496,0.000304,-0.001642,-0.002991
0.3,102,0,2.9,0.05075,8.985221675,-2.46281891,-4.486170135,0.000304,-0.001642,-0.002991
0.3,102,0,3,0.0525,8.685714286,-2.380724947,-4.33663113,0.000304,-0.001642,-0.002991
0.3,102,0,3.1,0.05425,8.405529954,-2.303927368,-4.196739803,0.000304,-0.001642,-0.002991
0.3,102,0,3.2,0.056,8.142857143,-2.231929638,-4.065591684,0.000304,-0.001642,-0.002991
0.3,102,0,3.3,0.05775,7.896103896,-2.164295406,-3.942391936,0.000304,-0.001642,-0.002991
0.3,102,0,3.4,0.0595,7.663865546,-2.100639659,-3.826439232,0.000304,-0.001642,-0.002991
0.3,102,0,3.5,0.06125,7.444897959,-2.040621383,-3.717112397,0.000304,-0.001642,-0.002991
0.3,102,0,3.6,0.063,7.238095238,-1.983937456,-3.613859275,0.000304,-0.001642,-0.002991
0.3,102,0,3.7,0.06475,7.042471042,-1.930317524,-3.516187403,0.000304,-0.001642,-0.002991
0.3,102,0,3.8,0.0665,6.857142857,-1.879519695,-3.423656155,0.000304,-0.001642,-0.002991
0.3,102,0,3.9,0.06825,6.681318681,-1.831326882,-3.3358701,0.000304,-0.001642,-0.002991
0.3,102,0,4,0.07,6.514285714,-1.78554371,-3.252473348,0.000304,-0.001642,-0.002991
0.3,102,0,4.1,0.07175,0.018692355,-0.0051235,-0.0093328,0.000304,-0.001642,-0.002991
0.3,102,0,4.2,0.0735,0.018247299,-0.0050015,-0.0091106,0.000304,-0.001642,-0.002991
0.3,102,0,4.3,0.07525,0.017822943,-0.0048852,-0.0088987,0.000304,-0.001642,-0.002991
0.3,102,0,4.4,0.077,0.017417876,-0.0047742,-0.0086965,0.000304,-0.001642,-0.002991
0.3,102,0,4.5,0.07875,0.017030812,-0.0046681,-0.0085032,0.000304,-0.001642,-0.002991
0.3,102,0,4.6,0.0805,0.016660577,-0.0045666,-0.0083183,0.000304,-0.001642,-0.002991
0.3,102,0,4.7,0.08225,0.016306097,-0.0044694,-0.0081414,0.000304,-0.001642,-0.002991
0.3,102,0,4.8,0.084,0.015966387,-0.0043763,-0.0079717,0.000304,-0.001642,-0.002991
0.3,102,0,4.9,0.08575,0.015640542,-0.004287,-0.0078091,0.000304,-0.001642,-0.002991
0.3,102,0,5,0.0875,0.015327731,-0.0042013,-0.0076529,0.000304,-0.001642,-0.002991
0.3,102,0,5.1,0.08925,0.015027187,-0.0041189,-0.0075028,0.000304,-0.001642,-0.002991
0.3,102,0,5.2,0.091,0.014738203,-0.0040397,-0.0073585,0.000304,-0.001642,-0.002991
0.3,102,0,5.3,0.09275,0.014460124,-0.0039635,-0.0072197,0.000304,-0.001642,-0.002991
0.3,102,0,5.4,0.0945,0.014192344,-0.0038901,-0.007086,0.000304,-0.001642,-0.002991
0.3,102,0,5.5,0.09625,0.013934301,-0.0038193,-0.0069572,0.000304,-0.001642,-0.002991
0.3,102,0,5.6,0.098,0.013685474,-0.0037511,-0.0068329,0.000304,-0.001642,-0.002991
0.3,102,0,5.7,0.09975,0.013445378,-0.0036853,-0.0067131,0.000304,-0.001642,-0.002991
0.3,102,0,5.8,0.1015,0.013213561,-0.0036218,-0.0065973,0.000304,-0.001642,-0.002991
0.3,102,0,5.9,0.10325,0.012989603,-0.0035604,-0.0064855,0.000304,-0.001642,-0.002991
0.3,102,0,6,0.105,0.012773109,-0.0035011,-0.0063774,0.000304,-0.001642,-0.002991
0.3,102,0,6.1,0.10675,0.012563714,-0.0034437,-0.0062729,0.000304,-0.001642,-0.002991
0.3,102,0,6.2,0.1085,0.012361073,-0.0033881,-0.0061717,0.000304,-0.001642,-0.002991
0.3,102,0,6.3,0.11025,0.012164866,-0.0033343,-0.0060737,0.000304,-0.001642,-0.002991
0.3,102,0,6.4,0.112,0.01197479,-0.0032822,-0.0059788,0.000304,-0.001642,-0.002991
0.3,102,0,6.5,0.11375,0.011790562,-0.0032318,-0.0058868,0.000304,-0.001642,-0.002991
0.3,102,0,6.6,0.1155,0.011611917,-0.0031828,-0.0057976,0.000304,-0.001642,-0.002991
0.3,102,0,6.7,0.11725,0.011438605,-0.0031353,-0.0057111,0.000304,-0.001642,-0.002991
0.3,102,0,6.8,0.119,0.011270391,-0.0030892,-0.0056271,0.000304,-0.001642,-0.002991
0.3,102,0,6.9,0.12075,0.011107052,-0.0030444,-0.0055456,0.000304,-0.001642,-0.002991
0.3,102,0,7,0.1225,0.010948379,-0.0030009,-0.0054663,0.000304,-0.001642,-0.002991
0.3,102,0,7.1,0.12425,0.010794177,-0.0029586,-0.0053894,0.000304,-0.001642,-0.002991
0.3,102,0,7.2,0.126,0.010644258,-0.0029176,-0.0053145,0.000304,-0.001642,-0.002991
0.3,102,0,7.3,0.12775,0.010498446,-0.0028776,-0.0052417,0.000304,-0.001642,-0.002991
0.3,102,0,7.4,0.1295,0.010356575,-0.0028387,-0.0051709,0.000304,-0.001642,-0.002991
0.3,102,0,7.5,0.13125,0.010218487,-0.0028009,-0.0051019,0.000304,-0.001642,-0.002991
0.3,102,0,7.6,0.133,0.010084034,-0.002764,-0.0050348,0.000304,-0.001642,-0.002991
0.3,102,0,7.7,0.13475,0.009953072,-0.0027281,-0.0049694,0.000304,-0.001642,-0.002991
0.3,102,0,7.8,0.1365,0.009825469,-0.0026931,-0.0049057,0.000304,-0.001642,-0.002991
0.3,102,0,7.9,0.13825,0.009701096,-0.002659,-0.0048436,0.000304,-0.001642,-0.002991
0.3,102,0,8,0.14,0.009579832,-0.0026258,-0.004783,0.000304,-0.001642,-0.002991
0.5,170,0,0.1,0.00175,1.428571429,-0.398507463,-0.678464819,0.00034,-0.001869,-0.003182
0.5,170,0,0.2,0.0035,0.714285714,-0.199253731,-0.339232409,0.00034,-0.001869,-0.003182
0.5,170,0,0.3,0.00525,0.476190476,-0.132835821,-0.22615494,0.00034,-0.001869,-0.003182
0.5,170,0,0.4,0.007,0.357142857,-0.099626866,-0.169616205,0.00034,-0.001869,-0.003182
0.5,170,0,0.5,0.00875,0.285714286,-0.079701493,-0.135692964,0.00034,-0.001869,-0.003182
0.5,170,0,0.6,0.0105,0.238095238,-0.06641791,-0.11307747,0.00034,-0.001869,-0.003182
0.5,170,0,0.7,0.01225,0.204081633,-0.056929638,-0.096923546,0.00034,-0.001869,-0.003182
0.5,170,0,0.8,0.014,0.178571429,-0.049813433,-0.084808102,0.00034,-0.001869,-0.003182
0.5,170,0,0.9,0.01575,0.158730159,-0.044278607,-0.07538498,0.00034,-0.001869,-0.003182
0.5,170,0,1,0.0175,0.142857143,-0.039850746,-0.067846482,0.00034,-0.001869,-0.003182
0.5,170,0,1.1,0.01925,0.12987013,-0.036227951,-0.06167862,0.00034,-0.001869,-0.003182
0.5,170,0,1.2,0.021,0.119047619,-0.033208955,-0.056538735,0.00034,-0.001869,-0.003182
0.5,170,0,1.3,0.02275,0.10989011,-0.03065442,-0.052189601,0.00034,-0.001869,-0.003182
0.5,170,0,1.4,0.0245,0.102040816,-0.028464819,-0.048461773,0.00034,-0.001869,-0.003182
0.5,170,0,1.5,0.02625,0.095238095,-0.026567164,-0.045230988,0.00034,-0.001869,-0.003182
0.5,170,0,1.6,0.028,0.089285714,-0.024906716,-0.042404051,0.00034,-0.001869,-0.003182
0.5,170,0,1.7,0.02975,0.084033613,-0.023441615,-0.039909695,0.00034,-0.001869,-0.003182
0.5,170,0,1.8,0.0315,0.079365079,-0.022139303,-0.03769249,0.00034,-0.001869,-0.003182
0.5,170,0,1.9,0.03325,0.07518797,-0.020974077,-0.035708675,0.00034,-0.001869,-0.003182
0.5,170,0,2,0.035,0.071428571,-0.019925373,-0.033923241,0.00034,-0.001869,-0.003182
0.5,170,0,2.1,0.03675,0.068027211,-0.018976546,-0.032307849,0.00034,-0.001869,-0.003182
0.5,170,0,2.2,0.0385,0.064935065,-0.018113976,-0.03083931,0.00034,-0.001869,-0.003182
0.5,170,0,2.3,0.04025,0.062111801,-0.017326411,-0.02949847,0.00034,-0.001869,-0.003182
0.5,170,0,2.4,0.042,0.05952381,-0.016604478,-0.028269367,0.00034,-0.001869,-0.003182
0.5,170,0,2.5,0.04375,0.057142857,-0.015940299,-0.027138593,0.00034,-0.001869,-0.003182
0.5,170,0,2.6,0.0455,0.054945055,-0.01532721,-0.026094801,0.00034,-0.001869,-0.003182
0.5,170,0,2.7,0.04725,0.052910053,-0.014759536,-0.025128327,0.00034,-0.001869,-0.003182
0.5,170,0,2.8,0.049,0.051020408,-0.014232409,-0.024230886,0.00034,-0.001869,-0.003182
0.5,170,0,2.9,0.05075,0.049261084,-0.013741637,-0.023395339,0.00034,-0.001869,-0.003182
0.5,170,0,3,0.0525,0.047619048,-0.013283582,-0.022615494,0.00034,-0.001869,-0.003182
0.5,170,0,3.1,0.05425,0.046082949,-0.012855079,-0.021885962,0.00034,-0.001869,-0.003182
0.5,170,0,3.2,0.056,0.044642857,-0.012453358,-0.021202026,0.00034,-0.001869,-0.003182
0.5,170,0,3.3,0.05775,0.043290043,-0.012075984,-0.02055954,0.00034,-0.001869,-0.003182
0.5,170,0,3.4,0.0595,0.042016807,-0.011720808,-0.019954848,0.00034,-0.001869,-0.003182
0.5,170,0,3.5,0.06125,0.040816327,-0.011385928,-0.019384709,0.00034,-0.001869,-0.003182
0.5,170,0,3.6,0.063,0.03968254,-0.011069652,-0.018846245,0.00034,-0.001869,-0.003182
0.5,170,0,3.7,0.06475,0.038610039,-0.010770472,-0.018336887,0.00034,-0.001869,-0.003182
0.5,170,0,3.8,0.0665,0.037593985,-0.010487038,-0.017854337,0.00034,-0.001869,-0.003182
0.5,170,0,3.9,0.06825,0.036630037,-0.01021814,-0.017396534,0.00034,-0.001869,-0.003182
0.5,170,0,4,0.07,0.035714286,-0.009962687,-0.01696162,0.00034,-0.001869,-0.003182
0.5,170,0,4.1,0.07175,0.034843206,-0.0097197,-0.0165479,0.00034,-0.001869,-0.003182
0.5,170,0,4.2,0.0735,0.034013605,-0.0094883,-0.0161539,0.00034,-0.001869,-0.003182
0.5,170,0,4.3,0.07525,0.033222591,-0.0092676,-0.0157783,0.00034,-0.001869,-0.003182
0.5,170,0,4.4,0.077,0.032467532,-0.009057,-0.0154197,0.00034,-0.001869,-0.003182
0.5,170,0,4.5,0.07875,0.031746032,-0.0088557,-0.015077,0.00034,-0.001869,-0.003182
0.5,170,0,4.6,0.0805,0.031055901,-0.0086632,-0.0147492,0.00034,-0.001869,-0.003182
0.5,170,0,4.7,0.08225,0.030395137,-0.0084789,-0.0144354,0.00034,-0.001869,-0.003182
0.5,170,0,4.8,0.084,0.029761905,-0.0083022,-0.0141347,0.00034,-0.001869,-0.003182
0.5,170,0,4.9,0.08575,0.029154519,-0.0081328,-0.0138462,0.00034,-0.001869,-0.003182
0.5,170,0,5,0.0875,0.028571429,-0.0079701,-0.0135693,0.00034,-0.001869,-0.003182
0.5,170,0,5.1,0.08925,0.028011204,-0.0078139,-0.0133032,0.00034,-0.001869,-0.003182
0.5,170,0,5.2,0.091,0.027472527,-0.0076636,-0.0130474,0.00034,-0.001869,-0.003182
0.5,170,0,5.3,0.09275,0.026954178,-0.007519,-0.0128012,0.00034,-0.001869,-0.003182
0.5,170,0,5.4,0.0945,0.026455026,-0.0073798,-0.0125642,0.00034,-0.001869,-0.003182
0.5,170,0,5.5,0.09625,0.025974026,-0.0072456,-0.0123357,0.00034,-0.001869,-0.003182
0.5,170,0,5.6,0.098,0.025510204,-0.0071162,-0.0121154,0.00034,-0.001869,-0.003182
0.5,170,0,5.7,0.09975,0.025062657,-0.0069914,-0.0119029,0.00034,-0.001869,-0.003182
0.5,170,0,5.8,0.1015,0.024630542,-0.0068708,-0.0116977,0.00034,-0.001869,-0.003182
0.5,170,0,5.9,0.10325,0.024213075,-0.0067544,-0.0114994,0.00034,-0.001869,-0.003182
0.5,170,0,6,0.105,0.023809524,-0.0066418,-0.0113077,0.00034,-0.001869,-0.003182
0.5,170,0,6.1,0.10675,0.023419204,-0.0065329,-0.0111224,0.00034,-0.001869,-0.003182
0.5,170,0,6.2,0.1085,0.023041475,-0.0064275,-0.010943,0.00034,-0.001869,-0.003182
0.5,170,0,6.3,0.11025,0.022675737,-0.0063255,-0.0107693,0.00034,-0.001869,-0.003182
0.5,170,0,6.4,0.112,0.022321429,-0.0062267,-0.010601,0.00034,-0.001869,-0.003182
0.5,170,0,6.5,0.11375,0.021978022,-0.0061309,-0.0104379,0.00034,-0.001869,-0.003182
0.5,170,0,6.6,0.1155,0.021645022,-0.006038,-0.0102798,0.00034,-0.001869,-0.003182
0.5,170,0,6.7,0.11725,0.021321962,-0.0059479,-0.0101263,0.00034,-0.001869,-0.003182
0.5,170,0,6.8,0.119,0.021008403,-0.0058604,-0.0099774,0.00034,-0.001869,-0.003182
0.5,170,0,6.9,0.12075,0.020703934,-0.0057755,-0.0098328,0.00034,-0.001869,-0.003182
0.5,170,0,7,0.1225,0.020408163,-0.005693,-0.0096924,0.00034,-0.001869,-0.003182
0.5,170,0,7.1,0.12425,0.020120724,-0.0056128,-0.0095558,0.00034,-0.001869,-0.003182
0.5,170,0,7.2,0.126,0.01984127,-0.0055348,-0.0094231,0.00034,-0.001869,-0.003182
0.5,170,0,7.3,0.12775,0.019569472,-0.005459,-0.009294,0.00034,-0.001869,-0.003182
0.5,170,0,7.4,0.1295,0.019305019,-0.0053852,-0.0091684,0.00034,-0.001869,-0.003182
0.5,170,0,7.5,0.13125,0.019047619,-0.0053134,-0.0090462,0.00034,-0.001869,-0.003182
0.5,170,0,7.6,0.133,0.018796992,-0.0052435,-0.0089272,0.00034,-0.001869,-0.003182
0.5,170,0,7.7,0.13475,0.018552876,-0.0051754,-0.0088112,0.00034,-0.001869,-0.003182
0.5,170,0,7.8,0.1365,0.018315018,-0.0051091,-0.0086983,0.00034,-0.001869,-0.003182
0.5,170,0,7.9,0.13825,0.018083183,-0.0050444,-0.0085882,0.00034,-0.001869,-0.003182
0.5,170,0,8,0.14,0.017857143,-0.0049813,-0.0084808,0.00034,-0.001869,-0.003182
0.6,204,0,0.1,0.00175,1.149579832,-0.321620469,-0.561364606,0.000228,-0.001257,-0.002194
0.6,204,0,0.2,0.0035,0.574789916,-0.160810235,-0.280682303,0.000228,-0.001257,-0.002194
0.6,204,0,0.3,0.00525,0.383193277,-0.107206823,-0.187121535,0.000228,-0.001257,-0.002194
0.6,204,0,0.4,0.007,0.287394958,-0.080405117,-0.140341151,0.000228,-0.001257,-0.002194
0.6,204,0,0.5,0.00875,0.229915966,-0.064324094,-0.112272921,0.000228,-0.001257,-0.002194
0.6,204,0,0.6,0.0105,0.191596639,-0.053603412,-0.093560768,0.000228,-0.001257,-0.002194
0.6,204,0,0.7,0.01225,0.16422569,-0.045945781,-0.080194944,0.000228,-0.001257,-0.002194
0.6,204,0,0.8,0.014,0.143697479,-0.040202559,-0.070170576,0.000228,-0.001257,-0.002194
0.6,204,0,0.9,0.01575,0.127731092,-0.035735608,-0.062373845,0.000228,-0.001257,-0.002194
0.6,204,0,1,0.0175,0.114957983,-0.032162047,-0.056136461,0.000228,-0.001257,-0.002194
0.6,204,0,1.1,0.01925,0.104507257,-0.029238224,-0.051033146,0.000228,-0.001257,-0.002194
0.6,204,0,1.2,0.021,0.095798319,-0.026801706,-0.046780384,0.000228,-0.001257,-0.002194
0.6,204,0,1.3,0.02275,0.088429218,-0.024740036,-0.043181893,0.000228,-0.001257,-0.002194
0.6,204,0,1.4,0.0245,0.082112845,-0.022972891,-0.040097472,0.000228,-0.001257,-0.002194
0.6,204,0,1.5,0.02625,0.076638655,-0.021441365,-0.037424307,0.000228,-0.001257,-0.002194
0.6,204,0,1.6,0.028,0.071848739,-0.020101279,-0.035085288,0.000228,-0.001257,-0.002194
0.6,204,0,1.7,0.02975,0.067622343,-0.018918851,-0.033021447,0.000228,-0.001257,-0.002194
0.6,204,0,1.8,0.0315,0.063865546,-0.017867804,-0.031186923,0.000228,-0.001257,-0.002194
0.6,204,0,1.9,0.03325,0.060504202,-0.016927393,-0.029545506,0.000228,-0.001257,-0.002194
0.6,204,0,2,0.035,0.057478992,-0.016081023,-0.02806823,0.000228,-0.001257,-0.002194
0.6,204,0,2.1,0.03675,0.054741897,-0.01531526,-0.026731648,0.000228,-0.001257,-0.002194
0.6,204,0,2.2,0.0385,0.052253629,-0.014619112,-0.025516573,0.000228,-0.001257,-0.002194
0.6,204,0,2.3,0.04025,0.049981732,-0.013983499,-0.024407157,0.000228,-0.001257,-0.002194
0.6,204,0,2.4,0.042,0.04789916,-0.013400853,-0.023390192,0.000228,-0.001257,-0.002194
0.6,204,0,2.5,0.04375,0.045983193,-0.012864819,-0.022454584,0.000228,-0.001257,-0.002194
0.6,204,0,2.6,0.0455,0.044214609,-0.012370018,-0.021590946,0.000228,-0.001257,-0.002194
0.6,204,0,2.7,0.04725,0.042577031,-0.011911869,-0.020791282,0.000228,-0.001257,-0.002194
0.6,204,0,2.8,0.049,0.041056423,-0.011486445,-0.020048736,0.000228,-0.001257,-0.002194
0.6,204,0,2.9,0.05075,0.039640684,-0.011090361,-0.0193574,0.000228,-0.001257,-0.002194
0.6,204,0,3,0.0525,0.038319328,-0.010720682,-0.018712154,0.000228,-0.001257,-0.002194
0.6,204,0,3.1,0.05425,0.03708322,-0.010374854,-0.018108536,0.000228,-0.001257,-0.002194
0.6,204,0,3.2,0.056,0.03592437,-0.01005064,-0.017542644,0.000228,-0.001257,-0.002194
0.6,204,0,3.3,0.05775,0.034835752,-0.009746075,-0.017011049,0.000228,-0.001257,-0.002194
0.6,204,0,3.4,0.0595,0.033811172,-0.009459426,-0.016510724,0.000228,-0.001257,-0.002194
0.6,204,0,3.5,0.06125,0.032845138,-0.009189156,-0.016038989,0.000228,-0.001257,-0.002194
0.6,204,0,3.6,0.063,0.031932773,-0.008933902,-0.015593461,0.000228,-0.001257,-0.002194
0.6,204,0,3.7,0.06475,0.031069725,-0.008692445,-0.015172016,0.000228,-0.001257,-0.002194
0.6,204,0,3.8,0.0665,0.030252101,-0.008463697,-0.014772753,0.000228,-0.001257,-0.002194
0.6,204,0,3.9,0.06825,0.029476406,-0.008246679,-0.014393964,0.000228,-0.001257,-0.002194
0.6,204,0,4,0.07,0.028739496,-0.008040512,-0.014034115,0.000228,-0.001257,-0.002194
0.6,204,0,4.1,0.07175,0.028038532,-0.0078444,-0.0136918,0.000228,-0.001257,-0.002194
0.6,204,0,4.2,0.0735,0.027370948,-0.0076576,-0.0133658,0.000228,-0.001257,-0.002194
0.6,204,0,4.3,0.07525,0.026734415,-0.0074795,-0.013055,0.000228,-0.001257,-0.002194
0.6,204,0,4.4,0.077,0.026126814,-0.0073096,-0.0127583,0.000228,-0.001257,-0.002194
0.6,204,0,4.5,0.07875,0.025546218,-0.0071471,-0.0124748,0.000228,-0.001257,-0.002194
0.6,204,0,4.6,0.0805,0.024990866,-0.0069917,-0.0122036,0.000228,-0.001257,-0.002194
0.6,204,0,4.7,0.08225,0.024459145,-0.006843,-0.0119439,0.000228,-0.001257,-0.002194
0.6,204,0,4.8,0.084,0.02394958,-0.0067004,-0.0116951,0.000228,-0.001257,-0.002194
0.6,204,0,4.9,0.08575,0.023460813,-0.0065637,-0.0114564,0.000228,-0.001257,-0.002194
0.6,204,0,5,0.0875,0.022991597,-0.0064324,-0.0112273,0.000228,-0.001257,-0.002194
0.6,204,0,5.1,0.08925,0.022540781,-0.0063063,-0.0110071,0.000228,-0.001257,-0.002194
0.6,204,0,5.2,0.091,0.022107304,-0.006185,-0.0107955,0.000228,-0.001257,-0.002194
0.6,204,0,5.3,0.09275,0.021690186,-0.0060683,-0.0105918,0.000228,-0.001257,-0.002194
0.6,204,0,5.4,0.0945,0.021288515,-0.0059559,-0.0103956,0.000228,-0.001257,-0.002194
0.6,204,0,5.5,0.09625,0.020901451,-0.0058476,-0.0102066,0.000228,-0.001257,-0.002194
0.6,204,0,5.6,0.098,0.020528211,-0.0057432,-0.0100244,0.000228,-0.001257,-0.002194
0.6,204,0,5.7,0.09975,0.020168067,-0.0056425,-0.0098485,0.000228,-0.001257,-0.002194
0.6,204,0,5.8,0.1015,0.019820342,-0.0055452,-0.0096787,0.000228,-0.001257,-0.002194
0.6,204,0,5.9,0.10325,0.019484404,-0.0054512,-0.0095147,0.000228,-0.001257,-0.002194
0.6,204,0,6,0.105,0.019159664,-0.0053603,-0.0093561,0.000228,-0.001257,-0.002194
0.6,204,0,6.1,0.10675,0.018845571,-0.0052725,-0.0092027,0.000228,-0.001257,-0.002194
0.6,204,0,6.2,0.1085,0.01854161,-0.0051874,-0.0090543,0.000228,-0.001257,-0.002194
0.6,204,0,6.3,0.11025,0.018247299,-0.0051051,-0.0089105,0.000228,-0.001257,-0.002194
0.6,204,0,6.4,0.112,0.017962185,-0.0050253,-0.0087713,0.000228,-0.001257,-0.002194
0.6,204,0,6.5,0.11375,0.017685844,-0.004948,-0.0086364,0.000228,-0.001257,-0.002194
0.6,204,0,6.6,0.1155,0.017417876,-0.004873,-0.0085055,0.000228,-0.001257,-0.002194
0.6,204,0,6.7,0.11725,0.017157908,-0.0048003,-0.0083786,0.000228,-0.001257,-0.002194
0.6,204,0,6.8,0.119,0.016905586,-0.0047297,-0.0082554,0.000228,-0.001257,-0.002194
0.6,204,0,6.9,0.12075,0.016660577,-0.0046612,-0.0081357,0.000228,-0.001257,-0.002194
0.6,204,0,7,0.1225,0.016422569,-0.0045946,-0.0080195,0.000228,-0.001257,-0.002194
0.6,204,0,7.1,0.12425,0.016191265,-0.0045299,-0.0079065,0.000228,-0.001257,-0.002194
0.6,204,0,7.2,0.126,0.015966387,-0.004467,-0.0077967,0.000228,-0.001257,-0.002194
0.6,204,0,7.3,0.12775,0.015747669,-0.0044058,-0.0076899,0.000228,-0.001257,-0.002194
0.6,204,0,7.4,0.1295,0.015534863,-0.0043462,-0.007586,0.000228,-0.001257,-0.002194
0.6,204,0,7.5,0.13125,0.015327731,-0.0042883,-0.0074849,0.000228,-0.001257,-0.002194
0.6,204,0,7.6,0.133,0.01512605,-0.0042318,-0.0073864,0.000228,-0.001257,-0.002194
0.6,204,0,7.7,0.13475,0.014929608,-0.0041769,-0.0072904,0.000228,-0.001257,-0.002194
0.6,204,0,7.8,0.1365,0.014738203,-0.0041233,-0.007197,0.000228,-0.001257,-0.002194
0.6,204,0,7.9,0.13825,0.014551643,-0.0040711,-0.0071059,0.000228,-0.001257,-0.002194
0.6,204,0,8,0.14,0.014369748,-0.0040203,-0.0070171,0.000228,-0.001257,-0.002194
0.7,238,0,0.1,0.00175,1.529411765,-0.654328358,-0.908358209,0.00026,-0.002192,-0.003043
0.7,238,0,0.2,0.0035,0.764705882,-0.327164179,-0.454179104,0.00026,-0.002192,-0.003043
0.7,238,0,0.3,0.00525,0.509803922,-0.218109453,-0.30278607,0.00026,-0.002192,-0.003043
0.7,238,0,0.4,0.007,0.382352941,-0.16358209,-0.227089552,0.00026,-0.002192,-0.003043
0.7,238,0,0.5,0.00875,0.305882353,-0.130865672,-0.181671642,0.00026,-0.002192,-0.003043
0.7,238,0,0.6,0.0105,0.254901961,-0.109054726,-0.151393035,0.00026,-0.002192,-0.003043
0.7,238,0,0.7,0.01225,0.218487395,-0.09347548,-0.129765458,0.00026,-0.002192,-0.003043
0.7,238,0,0.8,0.014,0.191176471,-0.081791045,-0.113544776,0.00026,-0.002192,-0.003043
0.7,238,0,0.9,0.01575,0.169934641,-0.072703151,-0.10092869,0.00026,-0.002192,-0.003043
0.7,238,0,1,0.0175,0.152941176,-0.065432836,-0.090835821,0.00026,-0.002192,-0.003043
0.7,238,0,1.1,0.01925,0.139037433,-0.059484396,-0.082578019,0.00026,-0.002192,-0.003043
0.7,238,0,1.2,0.021,0.12745098,-0.054527363,-0.075696517,0.00026,-0.002192,-0.003043
0.7,238,0,1.3,0.02275,0.117647059,-0.050332951,-0.069873708,0.00026,-0.002192,-0.003043
0.7,238,0,1.4,0.0245,0.109243697,-0.04673774,-0.064882729,0.00026,-0.002192,-0.003043
0.7,238,0,1.5,0.02625,0.101960784,-0.043621891,-0.060557214,0.00026,-0.002192,-0.003043
0.7,238,0,1.6,0.028,0.095588235,-0.040895522,-0.056772388,0.00026,-0.002192,-0.003043
0.7,238,0,1.7,0.02975,0.089965398,-0.038489903,-0.053432836,0.00026,-0.002192,-0.003043
0.7,238,0,1.8,0.0315,0.08496732,-0.036351575,-0.050464345,0.00026,-0.002192,-0.003043
0.7,238,0,1.9,0.03325,0.080495356,-0.034438335,-0.047808327,0.00026,-0.002192,-0.003043
0.7,238,0,2,0.035,0.076470588,-0.032716418,-0.04541791,0.00026,-0.002192,-0.003043
0.7,238,0,2.1,0.03675,0.072829132,-0.031158493,-0.043255153,0.00026,-0.002192,-0.003043
0.7,238,0,2.2,0.0385,0.069518717,-0.029742198,-0.041289009,0.00026,-0.002192,-0.003043
0.7,238,0,2.3,0.04025,0.066496164,-0.028449059,-0.039493835,0.00026,-0.002192,-0.003043
0.7,238,0,2.4,0.042,0.06372549,-0.027263682,-0.037848259,0.00026,-0.002192,-0.003043
0.7,238,0,2.5,0.04375,0.061176471,-0.026173134,-0.036334328,0.00026,-0.002192,-0.003043
0.7,238,0,2.6,0.0455,0.058823529,-0.025166475,-0.034936854,0.00026,-0.002192,-0.003043
0.7,238,0,2.7,0.04725,0.05664488,-0.024234384,-0.033642897,0.00026,-0.002192,-0.003043
0.7,238,0,2.8,0.049,0.054621849,-0.02336887,-0.032441365,0.00026,-0.002192,-0.003043
0.7,238,0,2.9,0.05075,0.052738337,-0.022563047,-0.031322697,0.00026,-0.002192,-0.003043
0.7,238,0,3,0.0525,0.050980392,-0.021810945,-0.030278607,0.00026,-0.002192,-0.003043
0.7,238,0,3.1,0.05425,0.049335863,-0.021107366,-0.029301878,0.00026,-0.002192,-0.003043
0.7,238,0,3.2,0.056,0.047794118,-0.020447761,-0.028386194,0.00026,-0.002192,-0.003043
0.7,238,0,3.3,0.05775,0.046345811,-0.019828132,-0.027526006,0.00026,-0.002192,-0.003043
0.7,238,0,3.4,0.0595,0.044982699,-0.019244952,-0.026716418,0.00026,-0.002192,-0.003043
0.7,238,0,3.5,0.06125,0.043697479,-0.018695096,-0.025953092,0.00026,-0.002192,-0.003043
0.7,238,0,3.6,0.063,0.04248366,-0.018175788,-0.025232172,0.00026,-0.002192,-0.003043
0.7,238,0,3.7,0.06475,0.041335453,-0.01768455,-0.024550222,0.00026,-0.002192,-0.003043
0.7,238,0,3.8,0.0665,0.040247678,-0.017219167,-0.023904163,0.00026,-0.002192,-0.003043
0.7,238,0,3.9,0.06825,0.039215686,-0.01677765,-0.023291236,0.00026,-0.002192,-0.003043
0.7,238,0,4,0.07,0.038235294,-0.016358209,-0.022708955,0.00026,-0.002192,-0.003043
0.7,238,0,4.1,0.07175,0.037302726,-0.0159592,-0.0221551,0.00026,-0.002192,-0.003043
0.7,238,0,4.2,0.0735,0.036414566,-0.0155792,-0.0216276,0.00026,-0.002192,-0.003043
0.7,238,0,4.3,0.07525,0.035567715,-0.0152169,-0.0211246,0.00026,-0.002192,-0.003043
0.7,238,0,4.4,0.077,0.034759358,-0.0148711,-0.0206445,0.00026,-0.002192,-0.003043
0.7,238,0,4.5,0.07875,0.033986928,-0.0145406,-0.0201857,0.00026,-0.002192,-0.003043
0.7,238,0,4.6,0.0805,0.033248082,-0.0142245,-0.0197469,0.00026,-0.002192,-0.003043
0.7,238,0,4.7,0.08225,0.032540676,-0.0139219,-0.0193268,0.00026,-0.002192,-0.003043
0.7,238,0,4.8,0.084,0.031862745,-0.0136318,-0.0189241,0.00026,-0.002192,-0.003043
0.7,238,0,4.9,0.08575,0.031212485,-0.0133536,-0.0185379,0.00026,-0.002192,-0.003043
0.7,238,0,5,0.0875,0.030588235,-0.0130866,-0.0181672,0.00026,-0.002192,-0.003043
0.7,238,0,5.1,0.08925,0.029988466,-0.01283,-0.0178109,0.00026,-0.002192,-0.003043
0.7,238,0,5.2,0.091,0.029411765,-0.0125832,-0.0174684,0.00026,-0.002192,-0.003043
0.7,238,0,5.3,0.09275,0.028856826,-0.0123458,-0.0171388,0.00026,-0.002192,-0.003043
0.7,238,0,5.4,0.0945,0.02832244,-0.0121172,-0.0168214,0.00026,-0.002192,-0.003043
0.7,238,0,5.5,0.09625,0.027807487,-0.0118969,-0.0165156,0.00026,-0.002192,-0.003043
0.7,238,0,5.6,0.098,0.027310924,-0.0116844,-0.0162207,0.00026,-0.002192,-0.003043
0.7,238,0,5.7,0.09975,0.026831785,-0.0114794,-0.0159361,0.00026,-0.002192,-0.003043
0.7,238,0,5.8,0.1015,0.026369168,-0.0112815,-0.0156613,0.00026,-0.002192,-0.003043
0.7,238,0,5.9,0.10325,0.025922233,-0.0110903,-0.0153959,0.00026,-0.002192,-0.003043
0.7,238,0,6,0.105,0.025490196,-0.0109055,-0.0151393,0.00026,-0.002192,-0.003043
0.7,238,0,6.1,0.10675,0.025072324,-0.0107267,-0.0148911,0.00026,-0.002192,-0.003043
0.7,238,0,6.2,0.1085,0.024667932,-0.0105537,-0.0146509,0.00026,-0.002192,-0.003043
0.7,238,0,6.3,0.11025,0.024276377,-0.0103862,-0.0144184,0.00026,-0.002192,-0.003043
0.7,238,0,6.4,0.112,0.023897059,-0.0102239,-0.0141931,0.00026,-0.002192,-0.003043
0.7,238,0,6.5,0.11375,0.023529412,-0.0100666,-0.0139747,0.00026,-0.002192,-0.003043
0.7,238,0,6.6,0.1155,0.023172906,-0.0099141,-0.013763,0.00026,-0.002192,-0.003043
0.7,238,0,6.7,0.11725,0.022827041,-0.0097661,-0.0135576,0.00026,-0.002192,-0.003043
0.7,238,0,6.8,0.119,0.022491349,-0.0096225,-0.0133582,0.00026,-0.002192,-0.003043
0.7,238,0,6.9,0.12075,0.022165388,-0.009483,-0.0131646,0.00026,-0.002192,-0.003043
0.7,238,0,7,0.1225,0.021848739,-0.0093475,-0.0129765,0.00026,-0.002192,-0.003043
0.7,238,0,7.1,0.12425,0.021541011,-0.0092159,-0.0127938,0.00026,-0.002192,-0.003043
0.7,238,0,7.2,0.126,0.02124183,-0.0090879,-0.0126161,0.00026,-0.002192,-0.003043
0.7,238,0,7.3,0.12775,0.020950846,-0.0089634,-0.0124433,0.00026,-0.002192,-0.003043
0.7,238,0,7.4,0.1295,0.020667727,-0.0088423,-0.0122751,0.00026,-0.002192,-0.003043
0.7,238,0,7.5,0.13125,0.020392157,-0.0087244,-0.0121114,0.00026,-0.002192,-0.003043
0.7,238,0,7.6,0.133,0.020123839,-0.0086096,-0.0119521,0.00026,-0.002192,-0.003043
0.7,238,0,7.7,0.13475,0.01986249,-0.0084978,-0.0117969,0.00026,-0.002192,-0.003043
0.7,238,0,7.8,0.1365,0.019607843,-0.0083888,-0.0116456,0.00026,-0.002192,-0.003043
0.7,238,0,7.9,0.13825,0.019359643,-0.0082826,-0.0114982,0.00026,-0.002192,-0.003043
0.7,238,0,8,0.14,0.019117647,-0.0081791,-0.0113545,0.00026,-0.002192,-0.003043
0.83,278.8,0,0.1,0.00175,0.948571429,-0.710366738,-1.046614072,0.000136,-0.002007,-0.002957
0.83,278.8,0,0.2,0.0035,0.474285714,-0.355183369,-0.523307036,0.000136,-0.002007,-0.002957
0.83,278.8,0,0.3,0.00525,0.316190476,-0.236788913,-0.348871357,0.000136,-0.002007,-0.002957
0.83,278.8,0,0.4,0.007,0.237142857,-0.177591684,-0.261653518,0.000136,-0.002007,-0.002957
0.83,278.8,0,0.5,0.00875,0.189714286,-0.142073348,-0.209322814,0.000136,-0.002007,-0.002957
0.83,278.8,0,0.6,0.0105,0.158095238,-0.118394456,-0.174435679,0.000136,-0.002007,-0.002957
0.83,278.8,0,0.7,0.01225,0.135510204,-0.101480963,-0.149516296,0.000136,-0.002007,-0.002957
0.83,278.8,0,0.8,0.014,0.118571429,-0.088795842,-0.130826759,0.000136,-0.002007,-0.002957
0.83,278.8,0,0.9,0.01575,0.105396825,-0.078929638,-0.116290452,0.000136,-0.002007,-0.002957
0.83,278.8,0,1,0.0175,0.094857143,-0.071036674,-0.104661407,0.000136,-0.002007,-0.002957
0.83,278.8,0,1.1,0.01925,0.086233766,-0.064578794,-0.095146734,0.000136,-0.002007,-0.002957
0.83,278.8,0,1.2,0.021,0.079047619,-0.059197228,-0.087217839,0.000136,-0.002007,-0.002957
0.83,278.8,0,1.3,0.02275,0.072967033,-0.054643595,-0.080508775,0.000136,-0.002007,-0.002957
0.83,278.8,0,1.4,0.0245,0.067755102,-0.050740481,-0.074758148,0.000136,-0.002007,-0.002957
0.83,278.8,0,1.5,0.02625,0.063238095,-0.047357783,-0.069774271,0.000136,-0.002007,-0.002957
0.83,278.8,0,1.6,0.028,0.059285714,-0.044397921,-0.06541338,0.000136,-0.002007,-0.002957
0.83,278.8,0,1.7,0.02975,0.055798319,-0.041786279,-0.061565534,0.000136,-0.002007,-0.002957
0.83,278.8,0,1.8,0.0315,0.052698413,-0.039464819,-0.058145226,0.000136,-0.002007,-0.002957
0.83,278.8,0,1.9,0.03325,0.049924812,-0.037387723,-0.055084951,0.000136,-0.002007,-0.002957
0.83,278.8,0,2,0.035,0.047428571,-0.035518337,-0.052330704,0.000136,-0.002007,-0.002957
0.83,278.8,0,2.1,0.03675,0.045170068,-0.033826988,-0.049838765,0.000136,-0.002007,-0.002957
0.83,278.8,0,2.2,0.0385,0.043116883,-0.032289397,-0.047573367,0.000136,-0.002007,-0.002957
0.83,278.8,0,2.3,0.04025,0.041242236,-0.03088551,-0.04550496,0.000136,-0.002007,-0.002957
0.83,278.8,0,2.4,0.042,0.03952381,-0.029598614,-0.04360892,0.000136,-0.002007,-0.002957
0.83,278.8,0,2.5,0.04375,0.037942857,-0.02841467,-0.041864563,0.000136,-0.002007,-0.002957
0.83,278.8,0,2.6,0.0455,0.036483516,-0.027321798,-0.040254387,0.000136,-0.002007,-0.002957
0.83,278.8,0,2.7,0.04725,0.035132275,-0.026309879,-0.038763484,0.000136,-0.002007,-0.002957
0.83,278.8,0,2.8,0.049,0.033877551,-0.025370241,-0.037379074,0.000136,-0.002007,-0.002957
0.83,278.8,0,2.9,0.05075,0.03270936,-0.024495405,-0.03609014,0.000136,-0.002007,-0.002957
0.83,278.8,0,3,0.0525,0.031619048,-0.023678891,-0.034887136,0.000136,-0.002007,-0.002957
0.83,278.8,0,3.1,0.05425,0.030599078,-0.022915056,-0.033761744,0.000136,-0.002007,-0.002957
0.83,278.8,0,3.2,0.056,0.029642857,-0.022198961,-0.03270669,0.000136,-0.002007,-0.002957
0.83,278.8,0,3.3,0.05775,0.028744589,-0.021526265,-0.031715578,0.000136,-0.002007,-0.002957
0.83,278.8,0,3.4,0.0595,0.02789916,-0.020893139,-0.030782767,0.000136,-0.002007,-0.002957
0.83,278.8,0,3.5,0.06125,0.027102041,-0.020296193,-0.029903259,0.000136,-0.002007,-0.002957
0.83,278.8,0,3.6,0.063,0.026349206,-0.019732409,-0.029072613,0.000136,-0.002007,-0.002957
0.83,278.8,0,3.7,0.06475,0.025637066,-0.019199101,-0.028286867,0.000136,-0.002007,-0.002957
0.83,278.8,0,3.8,0.0665,0.024962406,-0.018693862,-0.027542476,0.000136,-0.002007,-0.002957
0.83,278.8,0,3.9,0.06825,0.024322344,-0.018214532,-0.026836258,0.000136,-0.002007,-0.002957
0.83,278.8,0,4,0.07,0.023714286,-0.017759168,-0.026165352,0.000136,-0.002007,-0.002957
0.83,278.8,0,4.1,0.07175,0.023135889,-0.017326,-0.0255272,0.000136,-0.002007,-0.002957
0.83,278.8,0,4.2,0.0735,0.022585034,-0.0169135,-0.0249194,0.000136,-0.002007,-0.002957
0.83,278.8,0,4.3,0.07525,0.022059801,-0.0165202,-0.0243399,0.000136,-0.002007,-0.002957
0.83,278.8,0,4.4,0.077,0.021558442,-0.0161447,-0.0237867,0.000136,-0.002007,-0.002957
0.83,278.8,0,4.5,0.07875,0.021079365,-0.0157859,-0.0232581,0.000136,-0.002007,-0.002957
0.83,278.8,0,4.6,0.0805,0.020621118,-0.0154428,-0.0227525,0.000136,-0.002007,-0.002957
0.83,278.8,0,4.7,0.08225,0.020182371,-0.0151142,-0.0222684,0.000136,-0.002007,-0.002957
0.83,278.8,0,4.8,0.084,0.019761905,-0.0147993,-0.0218045,0.000136,-0.002007,-0.002957
0.83,278.8,0,4.9,0.08575,0.019358601,-0.0144973,-0.0213595,0.000136,-0.002007,-0.002957
0.83,278.8,0,5,0.0875,0.018971429,-0.0142073,-0.0209323,0.000136,-0.002007,-0.002957
0.83,278.8,0,5.1,0.08925,0.01859944,-0.0139288,-0.0205218,0.000136,-0.002007,-0.002957
0.83,278.8,0,5.2,0.091,0.018241758,-0.0136609,-0.0201272,0.000136,-0.002007,-0.002957
0.83,278.8,0,5.3,0.09275,0.017897574,-0.0134031,-0.0197474,0.000136,-0.002007,-0.002957
0.83,278.8,0,5.4,0.0945,0.017566138,-0.0131549,-0.0193817,0.000136,-0.002007,-0.002957
0.83,278.8,0,5.5,0.09625,0.017246753,-0.0129158,-0.0190293,0.000136,-0.002007,-0.002957
0.83,278.8,0,5.6,0.098,0.016938776,-0.0126851,-0.0186895,0.000136,-0.002007,-0.002957
0.83,278.8,0,5.7,0.09975,0.016641604,-0.0124626,-0.0183617,0.000136,-0.002007,-0.002957
0.83,278.8,0,5.8,0.1015,0.01635468,-0.0122477,-0.0180451,0.000136,-0.002007,-0.002957
0.83,278.8,0,5.9,0.10325,0.016077482,-0.0120401,-0.0177392,0.000136,-0.002007,-0.002957
0.83,278.8,0,6,0.105,0.015809524,-0.0118394,-0.0174436,0.000136,-0.002007,-0.002957
0.83,278.8,0,6.1,0.10675,0.015550351,-0.0116454,-0.0171576,0.000136,-0.002007,-0.002957
0.83,278.8,0,6.2,0.1085,0.015299539,-0.0114575,-0.0168809,0.000136,-0.002007,-0.002957
0.83,278.8,0,6.3,0.11025,0.015056689,-0.0112757,-0.0166129,0.000136,-0.002007,-0.002957
0.83,278.8,0,6.4,0.112,0.014821429,-0.0110995,-0.0163533,0.000136,-0.002007,-0.002957
0.83,278.8,0,6.5,0.11375,0.014593407,-0.0109287,-0.0161018,0.000136,-0.002007,-0.002957
0.83,278.8,0,6.6,0.1155,0.014372294,-0.0107631,-0.0158578,0.000136,-0.002007,-0.002957
0.83,278.8,0,6.7,0.11725,0.014157783,-0.0106025,-0.0156211,0.000136,-0.002007,-0.002957
0.83,278.8,0,6.8,0.119,0.01394958,-0.0104466,-0.0153914,0.000136,-0.002007,-0.002957
0.83,278.8,0,6.9,0.12075,0.013747412,-0.0102952,-0.0151683,0.000136,-0.002007,-0.002957
0.83,278.8,0,7,0.1225,0.01355102,-0.0101481,-0.0149516,0.000136,-0.002007,-0.002957
0.83,278.8,0,7.1,0.12425,0.013360161,-0.0100052,-0.014741,0.000136,-0.002007,-0.002957
0.83,278.8,0,7.2,0.126,0.013174603,-0.0098662,-0.0145363,0.000136,-0.002007,-0.002957
0.83,278.8,0,7.3,0.12775,0.012994129,-0.0097311,-0.0143372,0.000136,-0.002007,-0.002957
0.83,278.8,0,7.4,0.1295,0.012818533,-0.0095996,-0.0141434,0.000136,-0.002007,-0.002957
0.83,278.8,0,7.5,0.13125,0.012647619,-0.0094716,-0.0139549,0.000136,-0.002007,-0.002957
0.83,278.8,0,7.6,0.133,0.012481203,-0.0093469,-0.0137712,0.000136,-0.002007,-0.002957
0.83,278.8,0,7.7,0.13475,0.012319109,-0.0092255,-0.0135924,0.000136,-0.002007,-0.002957
0.83,278.8,0,7.8,0.1365,0.012161172,-0.0091073,-0.0134181,0.000136,-0.002007,-0.002957
0.83,278.8,0,7.9,0.13825,0.012007233,-0.008992,-0.0132483,0.000136,-0.002007,-0.002957
0.83,278.8,0,8,0.14,0.011857143,-0.0088796,-0.0130827,0.000136,-0.002007,-0.002957
0.3,102,2,0.1,0.00175,-1.416806723,7.349424307,-0.311257996,-0.000562,0.057448,-0.002433
0.3,102,2,0.2,0.0035,-0.708403361,3.674712154,-0.155628998,-0.000562,0.057448,-0.002433
0.3,102,2,0.3,0.00525,-0.472268908,2.449808102,-0.103752665,-0.000562,0.057448,-0.002433
0.3,102,2,0.4,0.007,-0.354201681,1.837356077,-0.077814499,-0.000562,0.057448,-0.002433
0.3,102,2,0.5,0.00875,-0.283361345,1.469884861,-0.062251599,-0.000562,0.057448,-0.002433
0.3,102,2,0.6,0.0105,-0.236134454,1.224904051,-0.051876333,-0.000562,0.057448,-0.002433
0.3,102,2,0.7,0.01225,-0.20240096,1.049917758,-0.044465428,-0.000562,0.057448,-0.002433
0.3,102,2,0.8,0.014,-0.17710084,0.918678038,-0.038907249,-0.000562,0.057448,-0.002433
0.3,102,2,0.9,0.01575,-0.157422969,0.816602701,-0.034584222,-0.000562,0.057448,-0.002433
0.3,102,2,1,0.0175,-0.141680672,0.734942431,-0.0311258,-0.000562,0.057448,-0.002433
0.3,102,2,1.1,0.01925,-0.128800611,0.668129482,-0.028296181,-0.000562,0.057448,-0.002433
0.3,102,2,1.2,0.021,-0.118067227,0.612452026,-0.025938166,-0.000562,0.057448,-0.002433
0.3,102,2,1.3,0.02275,-0.108985133,0.565340331,-0.023942923,-0.000562,0.057448,-0.002433
0.3,102,2,1.4,0.0245,-0.10120048,0.524958879,-0.022232714,-0.000562,0.057448,-0.002433
0.3,102,2,1.5,0.02625,-0.094453782,0.48996162,-0.020750533,-0.000562,0.057448,-0.002433
0.3,102,2,1.6,0.028,-0.08855042,0.459339019,-0.019453625,-0.000562,0.057448,-0.002433
0.3,102,2,1.7,0.02975,-0.083341572,0.432319077,-0.018309294,-0.000562,0.057448,-0.002433
0.3,102,2,1.8,0.0315,-0.078711485,0.40830135,-0.017292111,-0.000562,0.057448,-0.002433
0.3,102,2,1.9,0.03325,-0.074568775,0.386811806,-0.016382,-0.000562,0.057448,-0.002433
0.3,102,2,2,0.035,-0.070840336,0.367471215,-0.0155629,-0.000562,0.057448,-0.002433
0.3,102,2,2.1,0.03675,-0.067466987,0.349972586,-0.014821809,-0.000562,0.057448,-0.002433
0.3,102,2,2.2,0.0385,-0.064400306,0.334064741,-0.014148091,-0.000562,0.057448,-0.002433
0.3,102,2,2.3,0.04025,-0.061600292,0.319540187,-0.013532956,-0.000562,0.057448,-0.002433
0.3,102,2,2.4,0.042,-0.059033613,0.306226013,-0.012969083,-0.000562,0.057448,-0.002433
0.3,102,2,2.5,0.04375,-0.056672269,0.293976972,-0.01245032,-0.000562,0.057448,-0.002433
0.3,102,2,2.6,0.0455,-0.054492566,0.282670166,-0.011971461,-0.000562,0.057448,-0.002433
0.3,102,2,2.7,0.04725,-0.052474323,0.2722009,-0.011528074,-0.000562,0.057448,-0.002433
0.3,102,2,2.8,0.049,-0.05060024,0.26247944,-0.011116357,-0.000562,0.057448,-0.002433
0.3,102,2,2.9,0.05075,-0.048855404,0.253428424,-0.010733034,-0.000562,0.057448,-0.002433
0.3,102,2,3,0.0525,-0.047226891,0.24498081,-0.010375267,-0.000562,0.057448,-0.002433
0.3,102,2,3.1,0.05425,-0.045703443,0.237078203,-0.010040581,-0.000562,0.057448,-0.002433
0.3,102,2,3.2,0.056,-0.04427521,0.22966951,-0.009726812,-0.000562,0.057448,-0.002433
0.3,102,2,3.3,0.05775,-0.042933537,0.222709827,-0.00943206,-0.000562,0.057448,-0.002433
0.3,102,2,3.4,0.0595,-0.041670786,0.216159538,-0.009154647,-0.000562,0.057448,-0.002433
0.3,102,2,3.5,0.06125,-0.040480192,0.209983552,-0.008893086,-0.000562,0.057448,-0.002433
0.3,102,2,3.6,0.063,-0.039355742,0.204150675,-0.008646055,-0.000562,0.057448,-0.002433
0.3,102,2,3.7,0.06475,-0.038292074,0.198633089,-0.008412378,-0.000562,0.057448,-0.002433
0.3,102,2,3.8,0.0665,-0.037284387,0.193405903,-0.008191,-0.000562,0.057448,-0.002433
0.3,102,2,3.9,0.06825,-0.036328378,0.188446777,-0.007980974,-0.000562,0.057448,-0.002433
0.3,102,2,4,0.07,-0.035420168,0.183735608,-0.00778145,-0.000562,0.057448,-0.002433
0.3,102,2,4.1,0.07175,-0.034556262,0.1792543,-0.0075917,-0.000562,0.057448,-0.002433
0.3,102,2,4.2,0.0735,-0.033733493,0.1749863,-0.0074109,-0.000562,0.057448,-0.002433
0.3,102,2,4.3,0.07525,-0.032948994,0.1709168,-0.0072386,-0.000562,0.057448,-0.002433
0.3,102,2,4.4,0.077,-0.032200153,0.1670324,-0.007074,-0.000562,0.057448,-0.002433
0.3,102,2,4.5,0.07875,-0.031484594,0.1633205,-0.0069168,-0.000562,0.057448,-0.002433
0.3,102,2,4.6,0.0805,-0.030800146,0.1597701,-0.0067665,-0.000562,0.057448,-0.002433
0.3,102,2,4.7,0.08225,-0.030144824,0.1563707,-0.0066225,-0.000562,0.057448,-0.002433
0.3,102,2,4.8,0.084,-0.029516807,0.153113,-0.0064845,-0.000562,0.057448,-0.002433
0.3,102,2,4.9,0.08575,-0.028914423,0.1499883,-0.0063522,-0.000562,0.057448,-0.002433
0.3,102,2,5,0.0875,-0.028336134,0.1469885,-0.0062252,-0.000562,0.057448,-0.002433
0.3,102,2,5.1,0.08925,-0.027780524,0.1441064,-0.0061031,-0.000562,0.057448,-0.002433
0.3,102,2,5.2,0.091,-0.027246283,0.1413351,-0.0059857,-0.000562,0.057448,-0.002433
0.3,102,2,5.3,0.09275,-0.026732202,0.1386684,-0.0058728,-0.000562,0.057448,-0.002433
0.3,102,2,5.4,0.0945,-0.026237162,0.1361005,-0.005764,-0.000562,0.057448,-0.002433
0.3,102,2,5.5,0.09625,-0.025760122,0.1336259,-0.0056592,-0.000562,0.057448,-0.002433
0.3,102,2,5.6,0.098,-0.02530012,0.1312397,-0.0055582,-0.000562,0.057448,-0.002433
0.3,102,2,5.7,0.09975,-0.024856258,0.1289373,-0.0054607,-0.000562,0.057448,-0.002433
0.3,102,2,5.8,0.1015,-0.024427702,0.1267142,-0.0053665,-0.000562,0.057448,-0.002433
0.3,102,2,5.9,0.10325,-0.024013673,0.1245665,-0.0052756,-0.000562,0.057448,-0.002433
0.3,102,2,6,0.105,-0.023613445,0.1224904,-0.0051876,-0.000562,0.057448,-0.002433
0.3,102,2,6.1,0.10675,-0.02322634,0.1204824,-0.0051026,-0.000562,0.057448,-0.002433
0.3,102,2,6.2,0.1085,-0.022851721,0.1185391,-0.0050203,-0.000562,0.057448,-0.002433
0.3,102,2,6.3,0.11025,-0.022488996,0.1166575,-0.0049406,-0.000562,0.057448,-0.002433
0.3,102,2,6.4,0.112,-0.022137605,0.1148348,-0.0048634,-0.000562,0.057448,-0.002433
0.3,102,2,6.5,0.11375,-0.021797027,0.1130681,-0.0047886,-0.000562,0.057448,-0.002433
0.3,102,2,6.6,0.1155,-0.021466769,0.1113549,-0.004716,-0.000562,0.057448,-0.002433
0.3,102,2,6.7,0.11725,-0.021146369,0.1096929,-0.0046456,-0.000562,0.057448,-0.002433
0.3,102,2,6.8,0.119,-0.020835393,0.1080798,-0.0045773,-0.000562,0.057448,-0.002433
0.3,102,2,6.9,0.12075,-0.020533431,0.1065134,-0.004511,-0.000562,0.057448,-0.002433
0.3,102,2,7,0.1225,-0.020240096,0.1049918,-0.0044465,-0.000562,0.057448,-0.002433
0.3,102,2,7.1,0.12425,-0.019955024,0.103513,-0.0043839,-0.000562,0.057448,-0.002433
0.3,102,2,7.2,0.126,-0.019677871,0.1020753,-0.004323,-0.000562,0.057448,-0.002433
0.3,102,2,7.3,0.12775,-0.019408311,0.100677,-0.0042638,-0.000562,0.057448,-0.002433
0.3,102,2,7.4,0.1295,-0.019146037,0.0993165,-0.0042062,-0.000562,0.057448,-0.002433
0.3,102,2,7.5,0.13125,-0.018890756,0.0979923,-0.0041501,-0.000562,0.057448,-0.002433
0.3,102,2,7.6,0.133,-0.018642194,0.096703,-0.0040955,-0.000562,0.057448,-0.002433
0.3,102,2,7.7,0.13475,-0.018400087,0.0954471,-0.0040423,-0.000562,0.057448,-0.002433
0.3,102,2,7.8,0.1365,-0.018164189,0.0942234,-0.0039905,-0.000562,0.057448,-0.002433
0.3,102,2,7.9,0.13825,-0.017934262,0.0930307,-0.00394,-0.000562,0.057448,-0.002433
0.3,102,2,8,0.14,-0.017710084,0.0918678,-0.0038907,-0.000562,0.057448,-0.002433
0.5,170,2,0.1,0.00175,-1.588235294,12.82260128,-0.515565032,-0.000378,0.060138,-0.002418
0.5,170,2,0.2,0.0035,-0.794117647,6.41130064,-0.257782516,-0.000378,0.060138,-0.002418
0.5,170,2,0.3,0.00525,-0.529411765,4.274200426,-0.171855011,-0.000378,0.060138,-0.002418
0.5,170,2,0.4,0.007,-0.397058824,3.20565032,-0.128891258,-0.000378,0.060138,-0.002418
0.5,170,2,0.5,0.00875,-0.317647059,2.564520256,-0.103113006,-0.000378,0.060138,-0.002418
0.5,170,2,0.6,0.0105,-0.264705882,2.137100213,-0.085927505,-0.000378,0.060138,-0.002418
0.5,170,2,0.7,0.01225,-0.226890756,1.831800183,-0.073652147,-0.000378,0.060138,-0.002418
0.5,170,2,0.8,0.014,-0.198529412,1.60282516,-0.064445629,-0.000378,0.060138,-0.002418
0.5,170,2,0.9,0.01575,-0.176470588,1.424733475,-0.057285004,-0.000378,0.060138,-0.002418
0.5,170,2,1,0.0175,-0.158823529,1.282260128,-0.051556503,-0.000378,0.060138,-0.002418
0.5,170,2,1.1,0.01925,-0.144385027,1.165691025,-0.046869548,-0.000378,0.060138,-0.002418
0.5,170,2,1.2,0.021,-0.132352941,1.068550107,-0.042963753,-0.000378,0.060138,-0.002418
0.5,170,2,1.3,0.02275,-0.122171946,0.986353945,-0.039658849,-0.000378,0.060138,-0.002418
0.5,170,2,1.4,0.0245,-0.113445378,0.915900091,-0.036826074,-0.000378,0.060138,-0.002418
0.5,170,2,1.5,0.02625,-0.105882353,0.854840085,-0.034371002,-0.000378,0.060138,-0.002418
0.5,170,2,1.6,0.028,-0.099264706,0.80141258,-0.032222814,-0.000378,0.060138,-0.002418
0.5,170,2,1.7,0.02975,-0.093425606,0.754270663,-0.030327355,-0.000378,0.060138,-0.002418
0.5,170,2,1.8,0.0315,-0.088235294,0.712366738,-0.028642502,-0.000378,0.060138,-0.002418
0.5,170,2,1.9,0.03325,-0.083591331,0.674873752,-0.027135002,-0.000378,0.060138,-0.002418
0.5,170,2,2,0.035,-0.079411765,0.641130064,-0.025778252,-0.000378,0.060138,-0.002418
0.5,170,2,2.1,0.03675,-0.075630252,0.610600061,-0.024550716,-0.000378,0.060138,-0.002418
0.5,170,2,2.2,0.0385,-0.072192513,0.582845513,-0.023434774,-0.000378,0.060138,-0.002418
0.5,170,2,2.3,0.04025,-0.069053708,0.557504403,-0.022415871,-0.000378,0.060138,-0.002418
0.5,170,2,2.4,0.042,-0.066176471,0.534275053,-0.021481876,-0.000378,0.060138,-0.002418
0.5,170,2,2.5,0.04375,-0.063529412,0.512904051,-0.020622601,-0.000378,0.060138,-0.002418
0.5,170,2,2.6,0.0455,-0.061085973,0.493176972,-0.019829424,-0.000378,0.060138,-0.002418
0.5,170,2,2.7,0.04725,-0.058823529,0.474911158,-0.019095001,-0.000378,0.060138,-0.002418
0.5,170,2,2.8,0.049,-0.056722689,0.457950046,-0.018413037,-0.000378,0.060138,-0.002418
0.5,170,2,2.9,0.05075,-0.054766734,0.442158665,-0.017778105,-0.000378,0.060138,-0.002418
0.5,170,2,3,0.0525,-0.052941176,0.427420043,-0.017185501,-0.000378,0.060138,-0.002418
0.5,170,2,3.1,0.05425,-0.051233397,0.413632299,-0.01663113,-0.000378,0.060138,-0.002418
0.5,170,2,3.2,0.056,-0.049632353,0.40070629,-0.016111407,-0.000378,0.060138,-0.002418
0.5,170,2,3.3,0.05775,-0.048128342,0.388563675,-0.015623183,-0.000378,0.060138,-0.002418
0.5,170,2,3.4,0.0595,-0.046712803,0.377135332,-0.015163677,-0.000378,0.060138,-0.002418
0.5,170,2,3.5,0.06125,-0.045378151,0.366360037,-0.014730429,-0.000378,0.060138,-0.002418
0.5,170,2,3.6,0.063,-0.044117647,0.356183369,-0.014321251,-0.000378,0.060138,-0.002418
0.5,170,2,3.7,0.06475,-0.042925278,0.346556791,-0.01393419,-0.000378,0.060138,-0.002418
0.5,170,2,3.8,0.0665,-0.041795666,0.337436876,-0.013567501,-0.000378,0.060138,-0.002418
0.5,170,2,3.9,0.06825,-0.040723982,0.328784648,-0.013219616,-0.000378,0.060138,-0.002418
0.5,170,2,4,0.07,-0.039705882,0.320565032,-0.012889126,-0.000378,0.060138,-0.002418
0.5,170,2,4.1,0.07175,-0.038737446,0.3127464,-0.0125748,-0.000378,0.060138,-0.002418
0.5,170,2,4.2,0.0735,-0.037815126,0.3053,-0.0122754,-0.000378,0.060138,-0.002418
0.5,170,2,4.3,0.07525,-0.036935705,0.2982,-0.0119899,-0.000378,0.060138,-0.002418
0.5,170,2,4.4,0.077,-0.036096257,0.2914228,-0.0117174,-0.000378,0.060138,-0.002418
0.5,170,2,4.5,0.07875,-0.035294118,0.2849467,-0.011457,-0.000378,0.060138,-0.002418
0.5,170,2,4.6,0.0805,-0.034526854,0.2787522,-0.0112079,-0.000378,0.060138,-0.002418
0.5,170,2,4.7,0.08225,-0.03379224,0.2728213,-0.0109695,-0.000378,0.060138,-0.002418
0.5,170,2,4.8,0.084,-0.033088235,0.2671375,-0.0107409,-0.000378,0.060138,-0.002418
0.5,170,2,4.9,0.08575,-0.032412965,0.2616857,-0.0105217,-0.000378,0.060138,-0.002418
0.5,170,2,5,0.0875,-0.031764706,0.256452,-0.0103113,-0.000378,0.060138,-0.002418
0.5,170,2,5.1,0.08925,-0.031141869,0.2514236,-0.0101091,-0.000378,0.060138,-0.002418
0.5,170,2,5.2,0.091,-0.030542986,0.2465885,-0.0099147,-0.000378,0.060138,-0.002418
0.5,170,2,5.3,0.09275,-0.029966704,0.2419359,-0.0097276,-0.000378,0.060138,-0.002418
0.5,170,2,5.4,0.0945,-0.029411765,0.2374556,-0.0095475,-0.000378,0.060138,-0.002418
0.5,170,2,5.5,0.09625,-0.028877005,0.2331382,-0.0093739,-0.000378,0.060138,-0.002418
0.5,170,2,5.6,0.098,-0.028361345,0.228975,-0.0092065,-0.000378,0.060138,-0.002418
0.5,170,2,5.7,0.09975,-0.027863777,0.2249579,-0.009045,-0.000378,0.060138,-0.002418
0.5,170,2,5.8,0.1015,-0.027383367,0.2210793,-0.0088891,-0.000378,0.060138,-0.002418
0.5,170,2,5.9,0.10325,-0.026919242,0.2173322,-0.0087384,-0.000378,0.060138,-0.002418
0.5,170,2,6,0.105,-0.026470588,0.21371,-0.0085928,-0.000378,0.060138,-0.002418
0.5,170,2,6.1,0.10675,-0.026036644,0.2102066,-0.0084519,-0.000378,0.060138,-0.002418
0.5,170,2,6.2,0.1085,-0.025616698,0.2068161,-0.0083156,-0.000378,0.060138,-0.002418
0.5,170,2,6.3,0.11025,-0.025210084,0.2035334,-0.0081836,-0.000378,0.060138,-0.002418
0.5,170,2,6.4,0.112,-0.024816176,0.2003531,-0.0080557,-0.000378,0.060138,-0.002418
0.5,170,2,6.5,0.11375,-0.024434389,0.1972708,-0.0079318,-0.000378,0.060138,-0.002418
0.5,170,2,6.6,0.1155,-0.024064171,0.1942818,-0.0078116,-0.000378,0.060138,-0.002418
0.5,170,2,6.7,0.11725,-0.023705004,0.1913821,-0.007695,-0.000378,0.060138,-0.002418
0.5,170,2,6.8,0.119,-0.023356401,0.1885677,-0.0075818,-0.000378,0.060138,-0.002418
0.5,170,2,6.9,0.12075,-0.023017903,0.1858348,-0.007472,-0.000378,0.060138,-0.002418
0.5,170,2,7,0.1225,-0.022689076,0.18318,-0.0073652,-0.000378,0.060138,-0.002418
0.5,170,2,7.1,0.12425,-0.022369511,0.1806,-0.0072615,-0.000378,0.060138,-0.002418
0.5,170,2,7.2,0.126,-0.022058824,0.1780917,-0.0071606,-0.000378,0.060138,-0.002418
0.5,170,2,7.3,0.12775,-0.021756648,0.1756521,-0.0070625,-0.000378,0.060138,-0.002418
0.5,170,2,7.4,0.1295,-0.021462639,0.1732784,-0.0069671,-0.000378,0.060138,-0.002418
0.5,170,2,7.5,0.13125,-0.021176471,0.170968,-0.0068742,-0.000378,0.060138,-0.002418
0.5,170,2,7.6,0.133,-0.020897833,0.1687184,-0.0067838,-0.000378,0.060138,-0.002418
0.5,170,2,7.7,0.13475,-0.020626432,0.1665273,-0.0066956,-0.000378,0.060138,-0.002418
0.5,170,2,7.8,0.1365,-0.020361991,0.1643923,-0.0066098,-0.000378,0.060138,-0.002418
0.5,170,2,7.9,0.13825,-0.020104244,0.1623114,-0.0065261,-0.000378,0.060138,-0.002418
0.5,170,2,8,0.14,-0.019852941,0.1602825,-0.0064446,-0.000378,0.060138,-0.002418
0.6,204,2,0.1,0.00175,-4.351260504,15.30959488,-0.771172708,-0.000863,0.059835,-0.003014
0.6,204,2,0.2,0.0035,-2.175630252,7.654797441,-0.385586354,-0.000863,0.059835,-0.003014
0.6,204,2,0.3,0.00525,-1.450420168,5.103198294,-0.257057569,-0.000863,0.059835,-0.003014
0.6,204,2,0.4,0.007,-1.087815126,3.827398721,-0.192793177,-0.000863,0.059835,-0.003014
0.6,204,2,0.5,0.00875,-0.870252101,3.061918977,-0.154234542,-0.000863,0.059835,-0.003014
0.6,204,2,0.6,0.0105,-0.725210084,2.551599147,-0.128528785,-0.000863,0.059835,-0.003014
0.6,204,2,0.7,0.01225,-0.621608643,2.187084983,-0.11016753,-0.000863,0.059835,-0.003014
0.6,204,2,0.8,0.014,-0.543907563,1.91369936,-0.096396588,-0.000863,0.059835,-0.003014
0.6,204,2,0.9,0.01575,-0.483473389,1.701066098,-0.085685856,-0.000863,0.059835,-0.003014
0.6,204,2,1,0.0175,-0.43512605,1.530959488,-0.077117271,-0.000863,0.059835,-0.003014
0.6,204,2,1.1,0.01925,-0.395569137,1.391781353,-0.07010661,-0.000863,0.059835,-0.003014
0.6,204,2,1.2,0.021,-0.362605042,1.275799574,-0.064264392,-0.000863,0.059835,-0.003014
0.6,204,2,1.3,0.02275,-0.334712346,1.177661145,-0.059320978,-0.000863,0.059835,-0.003014
0.6,204,2,1.4,0.0245,-0.310804322,1.093542492,-0.055083765,-0.000863,0.059835,-0.003014
0.6,204,2,1.5,0.02625,-0.290084034,1.020639659,-0.051411514,-0.000863,0.059835,-0.003014
0.6,204,2,1.6,0.028,-0.271953782,0.95684968,-0.048198294,-0.000863,0.059835,-0.003014
0.6,204,2,1.7,0.02975,-0.2559565,0.900564405,-0.0453631,-0.000863,0.059835,-0.003014
0.6,204,2,1.8,0.0315,-0.241736695,0.850533049,-0.042842928,-0.000863,0.059835,-0.003014
0.6,204,2,1.9,0.03325,-0.229013711,0.805768152,-0.040588037,-0.000863,0.059835,-0.003014
0.6,204,2,2,0.035,-0.217563025,0.765479744,-0.038558635,-0.000863,0.059835,-0.003014
0.6,204,2,2.1,0.03675,-0.207202881,0.729028328,-0.03672251,-0.000863,0.059835,-0.003014
0.6,204,2,2.2,0.0385,-0.197784568,0.695890676,-0.035053305,-0.000863,0.059835,-0.003014
0.6,204,2,2.3,0.04025,-0.189185239,0.66563456,-0.033529248,-0.000863,0.059835,-0.003014
0.6,204,2,2.4,0.042,-0.181302521,0.637899787,-0.032132196,-0.000863,0.059835,-0.003014
0.6,204,2,2.5,0.04375,-0.17405042,0.612383795,-0.030846908,-0.000863,0.059835,-0.003014
0.6,204,2,2.6,0.0455,-0.167356173,0.588830572,-0.029660489,-0.000863,0.059835,-0.003014
0.6,204,2,2.7,0.04725,-0.161157796,0.567022033,-0.028561952,-0.000863,0.059835,-0.003014
0.6,204,2,2.8,0.049,-0.155402161,0.546771246,-0.027541882,-0.000863,0.059835,-0.003014
0.6,204,2,2.9,0.05075,-0.150043466,0.527917065,-0.026592162,-0.000863,0.059835,-0.003014
0.6,204,2,3,0.0525,-0.145042017,0.510319829,-0.025705757,-0.000863,0.059835,-0.003014
0.6,204,2,3.1,0.05425,-0.140363242,0.493857899,-0.024876539,-0.000863,0.059835,-0.003014
0.6,204,2,3.2,0.056,-0.135976891,0.47842484,-0.024099147,-0.000863,0.059835,-0.003014
0.6,204,2,3.3,0.05775,-0.131856379,0.463927118,-0.02336887,-0.000863,0.059835,-0.003014
0.6,204,2,3.4,0.0595,-0.12797825,0.450282202,-0.02268155,-0.000863,0.059835,-0.003014
0.6,204,2,3.5,0.06125,-0.124321729,0.437416997,-0.022033506,-0.000863,0.059835,-0.003014
0.6,204,2,3.6,0.063,-0.120868347,0.425266525,-0.021421464,-0.000863,0.059835,-0.003014
0.6,204,2,3.7,0.06475,-0.117601635,0.413772835,-0.020842506,-0.000863,0.059835,-0.003014
0.6,204,2,3.8,0.0665,-0.114506855,0.402884076,-0.020294019,-0.000863,0.059835,-0.003014
0.6,204,2,3.9,0.06825,-0.111570782,0.392553715,-0.019773659,-0.000863,0.059835,-0.003014
0.6,204,2,4,0.07,-0.108781513,0.382739872,-0.019279318,-0.000863,0.059835,-0.003014
0.6,204,2,4.1,0.07175,-0.106128305,0.373405,-0.0188091,-0.000863,0.059835,-0.003014
0.6,204,2,4.2,0.0735,-0.103601441,0.364514,-0.0183613,-0.000863,0.059835,-0.003014
0.6,204,2,4.3,0.07525,-0.101192105,0.356037,-0.0179342,-0.000863,0.059835,-0.003014
0.6,204,2,4.4,0.077,-0.098892284,0.347945,-0.0175267,-0.000863,0.059835,-0.003014
0.6,204,2,4.5,0.07875,-0.096694678,0.340213,-0.0171372,-0.000863,0.059835,-0.003014
0.6,204,2,4.6,0.0805,-0.09459262,0.332817,-0.0167646,-0.000863,0.059835,-0.003014
0.6,204,2,4.7,0.08225,-0.092580011,0.325736,-0.0164079,-0.000863,0.059835,-0.003014
0.6,204,2,4.8,0.084,-0.090651261,0.31895,-0.0160661,-0.000863,0.059835,-0.003014
0.6,204,2,4.9,0.08575,-0.088801235,0.312441,-0.0157382,-0.000863,0.059835,-0.003014
0.6,204,2,5,0.0875,-0.08702521,0.306192,-0.0154235,-0.000863,0.059835,-0.003014
0.6,204,2,5.1,0.08925,-0.085318833,0.300188,-0.015121,-0.000863,0.059835,-0.003014
0.6,204,2,5.2,0.091,-0.083678087,0.294415,-0.0148302,-0.000863,0.059835,-0.003014
0.6,204,2,5.3,0.09275,-0.082099255,0.28886,-0.0145504,-0.000863,0.059835,-0.003014
0.6,204,2,5.4,0.0945,-0.080578898,0.283511,-0.014281,-0.000863,0.059835,-0.003014
0.6,204,2,5.5,0.09625,-0.079113827,0.278356,-0.0140213,-0.000863,0.059835,-0.003014
0.6,204,2,5.6,0.098,-0.07770108,0.273386,-0.0137709,-0.000863,0.059835,-0.003014
0.6,204,2,5.7,0.09975,-0.076337904,0.268589,-0.0135293,-0.000863,0.059835,-0.003014
0.6,204,2,5.8,0.1015,-0.075021733,0.263959,-0.0132961,-0.000863,0.059835,-0.003014
0.6,204,2,5.9,0.10325,-0.073750178,0.259485,-0.0130707,-0.000863,0.059835,-0.003014
0.6,204,2,6,0.105,-0.072521008,0.25516,-0.0128529,-0.000863,0.059835,-0.003014
0.6,204,2,6.1,0.10675,-0.071332139,0.250977,-0.0126422,-0.000863,0.059835,-0.003014
0.6,204,2,6.2,0.1085,-0.070181621,0.246929,-0.0124383,-0.000863,0.059835,-0.003014
0.6,204,2,6.3,0.11025,-0.069067627,0.243009,-0.0122408,-0.000863,0.059835,-0.003014
0.6,204,2,6.4,0.112,-0.067988445,0.239212,-0.0120496,-0.000863,0.059835,-0.003014
0.6,204,2,6.5,0.11375,-0.066942469,0.235532,-0.0118642,-0.000863,0.059835,-0.003014
0.6,204,2,6.6,0.1155,-0.065928189,0.231964,-0.0116844,-0.000863,0.059835,-0.003014
0.6,204,2,6.7,0.11725,-0.064944187,0.228501,-0.01151,-0.000863,0.059835,-0.003014
0.6,204,2,6.8,0.119,-0.063989125,0.225141,-0.0113408,-0.000863,0.059835,-0.003014
0.6,204,2,6.9,0.12075,-0.063061746,0.221878,-0.0111764,-0.000863,0.059835,-0.003014
0.6,204,2,7,0.1225,-0.062160864,0.218708,-0.0110168,-0.000863,0.059835,-0.003014
0.6,204,2,7.1,0.12425,-0.061285359,0.215628,-0.0108616,-0.000863,0.059835,-0.003014
0.6,204,2,7.2,0.126,-0.060434174,0.212633,-0.0107107,-0.000863,0.059835,-0.003014
0.6,204,2,7.3,0.12775,-0.059606308,0.20972,-0.010564,-0.000863,0.059835,-0.003014
0.6,204,2,7.4,0.1295,-0.058800818,0.206886,-0.0104213,-0.000863,0.059835,-0.003014
0.6,204,2,7.5,0.13125,-0.058016807,0.204128,-0.0102823,-0.000863,0.059835,-0.003014
0.6,204,2,7.6,0.133,-0.057253428,0.201442,-0.010147,-0.000863,0.059835,-0.003014
0.6,204,2,7.7,0.13475,-0.056509877,0.198826,-0.0100152,-0.000863,0.059835,-0.003014
0.6,204,2,7.8,0.1365,-0.055785391,0.196277,-0.0098868,-0.000863,0.059835,-0.003014
0.6,204,2,7.9,0.13825,-0.055079247,0.193792,-0.0097617,-0.000863,0.059835,-0.003014
0.6,204,2,8,0.14,-0.054390756,0.19137,-0.0096397,-0.000863,0.059835,-0.003014
0.7,238,2,0.1,0.00175,-3.323529412,24.91731343,-0.875820896,-0.000565,0.083473,-0.002934
0.7,238,2,0.2,0.0035,-1.661764706,12.45865672,-0.437910448,-0.000565,0.083473,-0.002934
0.7,238,2,0.3,0.00525,-1.107843137,8.305771144,-0.291940299,-0.000565,0.083473,-0.002934
0.7,238,2,0.4,0.007,-0.830882353,6.229328358,-0.218955224,-0.000565,0.083473,-0.002934
0.7,238,2,0.5,0.00875,-0.664705882,4.983462687,-0.175164179,-0.000565,0.083473,-0.002934
0.7,238,2,0.6,0.0105,-0.553921569,4.152885572,-0.145970149,-0.000565,0.083473,-0.002934
0.7,238,2,0.7,0.01225,-0.474789916,3.559616205,-0.125117271,-0.000565,0.083473,-0.002934
0.7,238,2,0.8,0.014,-0.415441176,3.114664179,-0.109477612,-0.000565,0.083473,-0.002934
0.7,238,2,0.9,0.01575,-0.369281046,2.768590381,-0.097313433,-0.000565,0.083473,-0.002934
0.7,238,2,1,0.0175,-0.332352941,2.491731343,-0.08758209,-0.000565,0.083473,-0.002934
0.7,238,2,1.1,0.01925,-0.302139037,2.265210312,-0.079620081,-0.000565,0.083473,-0.002934
0.7,238,2,1.2,0.021,-0.276960784,2.076442786,-0.072985075,-0.000565,0.083473,-0.002934
0.7,238,2,1.3,0.02275,-0.255656109,1.916716418,-0.067370838,-0.000565,0.083473,-0.002934
0.7,238,2,1.4,0.0245,-0.237394958,1.779808102,-0.062558635,-0.000565,0.083473,-0.002934
0.7,238,2,1.5,0.02625,-0.221568627,1.661154229,-0.05838806,-0.000565,0.083473,-0.002934
0.7,238,2,1.6,0.028,-0.207720588,1.55733209,-0.054738806,-0.000565,0.083473,-0.002934
0.7,238,2,1.7,0.02975,-0.19550173,1.46572432,-0.051518876,-0.000565,0.083473,-0.002934
0.7,238,2,1.8,0.0315,-0.184640523,1.384295191,-0.048656716,-0.000565,0.083473,-0.002934
0.7,238,2,1.9,0.03325,-0.174922601,1.311437549,-0.046095837,-0.000565,0.083473,-0.002934
0.7,238,2,2,0.035,-0.166176471,1.245865672,-0.043791045,-0.000565,0.083473,-0.002934
0.7,238,2,2.1,0.03675,-0.158263305,1.186538735,-0.041705757,-0.000565,0.083473,-0.002934
0.7,238,2,2.2,0.0385,-0.151069519,1.132605156,-0.039810041,-0.000565,0.083473,-0.002934
0.7,238,2,2.3,0.04025,-0.144501279,1.083361454,-0.038079169,-0.000565,0.083473,-0.002934
0.7,238,2,2.4,0.042,-0.138480392,1.038221393,-0.036492537,-0.000565,0.083473,-0.002934
0.7,238,2,2.5,0.04375,-0.132941176,0.996692537,-0.035032836,-0.000565,0.083473,-0.002934
0.7,238,2,2.6,0.0455,-0.127828054,0.958358209,-0.033685419,-0.000565,0.083473,-0.002934
0.7,238,2,2.7,0.04725,-0.123093682,0.92286346,-0.032437811,-0.000565,0.083473,-0.002934
0.7,238,2,2.8,0.049,-0.118697479,0.889904051,-0.031279318,-0.000565,0.083473,-0.002934
0.7,238,2,2.9,0.05075,-0.114604462,0.859217705,-0.030200721,-0.000565,0.083473,-0.002934
0.7,238,2,3,0.0525,-0.110784314,0.830577114,-0.02919403,-0.000565,0.083473,-0.002934
0.7,238,2,3.1,0.05425,-0.107210626,0.803784304,-0.028252287,-0.000565,0.083473,-0.002934
0.7,238,2,3.2,0.056,-0.103860294,0.778666045,-0.027369403,-0.000565,0.083473,-0.002934
0.7,238,2,3.3,0.05775,-0.100713012,0.755070104,-0.026540027,-0.000565,0.083473,-0.002934
0.7,238,2,3.4,0.0595,-0.097750865,0.73286216,-0.025759438,-0.000565,0.083473,-0.002934
0.7,238,2,3.5,0.06125,-0.094957983,0.711923241,-0.025023454,-0.000565,0.083473,-0.002934
0.7,238,2,3.6,0.063,-0.092320261,0.692147595,-0.024328358,-0.000565,0.083473,-0.002934
0.7,238,2,3.7,0.06475,-0.089825119,0.673440904,-0.023670835,-0.000565,0.083473,-0.002934
0.7,238,2,3.8,0.0665,-0.0874613,0.655718775,-0.023047918,-0.000565,0.083473,-0.002934
0.7,238,2,3.9,0.06825,-0.085218703,0.638905473,-0.022456946,-0.000565,0.083473,-0.002934
0.7,238,2,4,0.07,-0.083088235,0.622932836,-0.021895522,-0.000565,0.083473,-0.002934
0.7,238,2,4.1,0.07175,-0.081061693,0.607739,-0.0213615,-0.000565,0.083473,-0.002934
0.7,238,2,4.2,0.0735,-0.079131653,0.593269,-0.0208529,-0.000565,0.083473,-0.002934
0.7,238,2,4.3,0.07525,-0.077291382,0.579472,-0.0203679,-0.000565,0.083473,-0.002934
0.7,238,2,4.4,0.077,-0.075534759,0.566303,-0.019905,-0.000565,0.083473,-0.002934
0.7,238,2,4.5,0.07875,-0.073856209,0.553718,-0.0194627,-0.000565,0.083473,-0.002934
0.7,238,2,4.6,0.0805,-0.072250639,0.541681,-0.0190396,-0.000565,0.083473,-0.002934
0.7,238,2,4.7,0.08225,-0.070713392,0.530156,-0.0186345,-0.000565,0.083473,-0.002934
0.7,238,2,4.8,0.084,-0.069240196,0.519111,-0.0182463,-0.000565,0.083473,-0.002934
0.7,238,2,4.9,0.08575,-0.067827131,0.508517,-0.0178739,-0.000565,0.083473,-0.002934
0.7,238,2,5,0.0875,-0.066470588,0.498346,-0.0175164,-0.000565,0.083473,-0.002934
0.7,238,2,5.1,0.08925,-0.065167243,0.488575,-0.017173,-0.000565,0.083473,-0.002934
0.7,238,2,5.2,0.091,-0.063914027,0.479179,-0.0168427,-0.000565,0.083473,-0.002934
0.7,238,2,5.3,0.09275,-0.062708102,0.470138,-0.0165249,-0.000565,0.083473,-0.002934
0.7,238,2,5.4,0.0945,-0.061546841,0.461432,-0.0162189,-0.000565,0.083473,-0.002934
0.7,238,2,5.5,0.09625,-0.060427807,0.453042,-0.015924,-0.000565,0.083473,-0.002934
0.7,238,2,5.6,0.098,-0.059348739,0.444952,-0.0156397,-0.000565,0.083473,-0.002934
0.7,238,2,5.7,0.09975,-0.058307534,0.437146,-0.0153653,-0.000565,0.083473,-0.002934
0.7,238,2,5.8,0.1015,-0.057302231,0.429609,-0.0151004,-0.000565,0.083473,-0.002934
0.7,238,2,5.9,0.10325,-0.056331007,0.422327,-0.0148444,-0.000565,0.083473,-0.002934
0.7,238,2,6,0.105,-0.055392157,0.415289,-0.014597,-0.000565,0.083473,-0.002934
0.7,238,2,6.1,0.10675,-0.054484089,0.408481,-0.0143577,-0.000565,0.083473,-0.002934
0.7,238,2,6.2,0.1085,-0.053605313,0.401892,-0.0141261,-0.000565,0.083473,-0.002934
0.7,238,2,6.3,0.11025,-0.052754435,0.395513,-0.0139019,-0.000565,0.083473,-0.002934
0.7,238,2,6.4,0.112,-0.051930147,0.389333,-0.0136847,-0.000565,0.083473,-0.002934
0.7,238,2,6.5,0.11375,-0.051131222,0.383343,-0.0134742,-0.000565,0.083473,-0.002934
0.7,238,2,6.6,0.1155,-0.050356506,0.377535,-0.01327,-0.000565,0.083473,-0.002934
0.7,238,2,6.7,0.11725,-0.049604917,0.3719,-0.013072,-0.000565,0.083473,-0.002934
0.7,238,2,6.8,0.119,-0.048875433,0.366431,-0.0128797,-0.000565,0.083473,-0.002934
0.7,238,2,6.9,0.12075,-0.048167093,0.36112,-0.0126931,-0.000565,0.083473,-0.002934
0.7,238,2,7,0.1225,-0.047478992,0.355962,-0.0125117,-0.000565,0.083473,-0.002934
0.7,238,2,7.1,0.12425,-0.046810273,0.350948,-0.0123355,-0.000565,0.083473,-0.002934
0.7,238,2,7.2,0.126,-0.046160131,0.346074,-0.0121642,-0.000565,0.083473,-0.002934
0.7,238,2,7.3,0.12775,-0.0455278,0.341333,-0.0119975,-0.000565,0.083473,-0.002934
0.7,238,2,7.4,0.1295,-0.04491256,0.33672,-0.0118354,-0.000565,0.083473,-0.002934
0.7,238,2,7.5,0.13125,-0.044313725,0.332231,-0.0116776,-0.000565,0.083473,-0.002934
0.7,238,2,7.6,0.133,-0.04373065,0.327859,-0.011524,-0.000565,0.083473,-0.002934
0.7,238,2,7.7,0.13475,-0.04316272,0.323601,-0.0113743,-0.000565,0.083473,-0.002934
0.7,238,2,7.8,0.1365,-0.042609351,0.319453,-0.0112285,-0.000565,0.083473,-0.002934
0.7,238,2,7.9,0.13825,-0.042069993,0.315409,-0.0110863,-0.000565,0.083473,-0.002934
0.7,238,2,8,0.14,-0.041544118,0.311466,-0.0109478,-0.000565,0.083473,-0.002934
0.83,278.8,2,0.1,0.00175,-2.580672269,36.28710448,-1.130498934,-0.00037,0.102522,-0.003194
0.83,278.8,2,0.2,0.0035,-1.290336134,18.14355224,-0.565249467,-0.00037,0.102522,-0.003194
0.83,278.8,2,0.3,0.00525,-0.86022409,12.09570149,-0.376832978,-0.00037,0.102522,-0.003194
0.83,278.8,2,0.4,0.007,-0.645168067,9.071776119,-0.282624733,-0.00037,0.102522,-0.003194
0.83,278.8,2,0.5,0.00875,-0.516134454,7.257420896,-0.226099787,-0.00037,0.102522,-0.003194
0.83,278.8,2,0.6,0.0105,-0.430112045,6.047850746,-0.188416489,-0.00037,0.102522,-0.003194
0.83,278.8,2,0.7,0.01225,-0.368667467,5.183872068,-0.161499848,-0.00037,0.102522,-0.003194
0.83,278.8,2,0.8,0.014,-0.322584034,4.53588806,-0.141312367,-0.00037,0.102522,-0.003194
0.83,278.8,2,0.9,0.01575,-0.286741363,4.031900498,-0.125610993,-0.00037,0.102522,-0.003194
0.83,278.8,2,1,0.0175,-0.258067227,3.628710448,-0.113049893,-0.00037,0.102522,-0.003194
0.83,278.8,2,1.1,0.01925,-0.23460657,3.29882768,-0.10277263,-0.00037,0.102522,-0.003194
0.83,278.8,2,1.2,0.021,-0.215056022,3.023925373,-0.094208244,-0.00037,0.102522,-0.003194
0.83,278.8,2,1.3,0.02275,-0.198513251,2.791315729,-0.086961456,-0.00037,0.102522,-0.003194
0.83,278.8,2,1.4,0.0245,-0.184333733,2.591936034,-0.080749924,-0.00037,0.102522,-0.003194
0.83,278.8,2,1.5,0.02625,-0.172044818,2.419140299,-0.075366596,-0.00037,0.102522,-0.003194
0.83,278.8,2,1.6,0.028,-0.161292017,2.26794403,-0.070656183,-0.00037,0.102522,-0.003194
0.83,278.8,2,1.7,0.02975,-0.151804251,2.134535558,-0.066499937,-0.00037,0.102522,-0.003194
0.83,278.8,2,1.8,0.0315,-0.143370682,2.015950249,-0.062805496,-0.00037,0.102522,-0.003194
0.83,278.8,2,1.9,0.03325,-0.135824856,1.909847604,-0.059499944,-0.00037,0.102522,-0.003194
0.83,278.8,2,2,0.035,-0.129033613,1.814355224,-0.056524947,-0.00037,0.102522,-0.003194
0.83,278.8,2,2.1,0.03675,-0.122889156,1.727957356,-0.053833283,-0.00037,0.102522,-0.003194
0.83,278.8,2,2.2,0.0385,-0.117303285,1.64941384,-0.051386315,-0.00037,0.102522,-0.003194
0.83,278.8,2,2.3,0.04025,-0.112203142,1.577700195,-0.049152128,-0.00037,0.102522,-0.003194
0.83,278.8,2,2.4,0.042,-0.107528011,1.511962687,-0.047104122,-0.00037,0.102522,-0.003194
0.83,278.8,2,2.5,0.04375,-0.103226891,1.451484179,-0.045219957,-0.00037,0.102522,-0.003194
0.83,278.8,2,2.6,0.0455,-0.099256626,1.395657865,-0.043480728,-0.00037,0.102522,-0.003194
0.83,278.8,2,2.7,0.04725,-0.095580454,1.343966833,-0.041870331,-0.00037,0.102522,-0.003194
0.83,278.8,2,2.8,0.049,-0.092166867,1.295968017,-0.040374962,-0.00037,0.102522,-0.003194
0.83,278.8,2,2.9,0.05075,-0.088988699,1.251279465,-0.038982722,-0.00037,0.102522,-0.003194
0.83,278.8,2,3,0.0525,-0.086022409,1.209570149,-0.037683298,-0.00037,0.102522,-0.003194
0.83,278.8,2,3.1,0.05425,-0.083247493,1.170551757,-0.036467708,-0.00037,0.102522,-0.003194
0.83,278.8,2,3.2,0.056,-0.080646008,1.133972015,-0.035328092,-0.00037,0.102522,-0.003194
0.83,278.8,2,3.3,0.05775,-0.07820219,1.099609227,-0.034257543,-0.00037,0.102522,-0.003194
0.83,278.8,2,3.4,0.0595,-0.075902126,1.067267779,-0.033249969,-0.00037,0.102522,-0.003194
0.83,278.8,2,3.5,0.06125,-0.073733493,1.036774414,-0.03229997,-0.00037,0.102522,-0.003194
0.83,278.8,2,3.6,0.063,-0.071685341,1.007975124,-0.031402748,-0.00037,0.102522,-0.003194
0.83,278.8,2,3.7,0.06475,-0.069747899,0.980732553,-0.030554025,-0.00037,0.102522,-0.003194
0.83,278.8,2,3.8,0.0665,-0.067912428,0.954923802,-0.029749972,-0.00037,0.102522,-0.003194
0.83,278.8,2,3.9,0.06825,-0.066171084,0.930438576,-0.028987152,-0.00037,0.102522,-0.003194
0.83,278.8,2,4,0.07,-0.064516807,0.907177612,-0.028262473,-0.00037,0.102522,-0.003194
0.83,278.8,2,4.1,0.07175,-0.062943226,0.885051,-0.0275731,-0.00037,0.102522,-0.003194
0.83,278.8,2,4.2,0.0735,-0.061444578,0.863979,-0.0269166,-0.00037,0.102522,-0.003194
0.83,278.8,2,4.3,0.07525,-0.060015634,0.843886,-0.0262907,-0.00037,0.102522,-0.003194
0.83,278.8,2,4.4,0.077,-0.058651642,0.824707,-0.0256932,-0.00037,0.102522,-0.003194
0.83,278.8,2,4.5,0.07875,-0.057348273,0.80638,-0.0251222,-0.00037,0.102522,-0.003194
0.83,278.8,2,4.6,0.0805,-0.056101571,0.78885,-0.0245761,-0.00037,0.102522,-0.003194
0.83,278.8,2,4.7,0.08225,-0.054907921,0.772066,-0.0240532,-0.00037,0.102522,-0.003194
0.83,278.8,2,4.8,0.084,-0.053764006,0.755981,-0.0235521,-0.00037,0.102522,-0.003194
0.83,278.8,2,4.9,0.08575,-0.052666781,0.740553,-0.0230714,-0.00037,0.102522,-0.003194
0.83,278.8,2,5,0.0875,-0.051613445,0.725742,-0.02261,-0.00037,0.102522,-0.003194
0.83,278.8,2,5.1,0.08925,-0.050601417,0.711512,-0.0221666,-0.00037,0.102522,-0.003194
0.83,278.8,2,5.2,0.091,-0.049628313,0.697829,-0.0217404,-0.00037,0.102522,-0.003194
0.83,278.8,2,5.3,0.09275,-0.04869193,0.684662,-0.0213302,-0.00037,0.102522,-0.003194
0.83,278.8,2,5.4,0.0945,-0.047790227,0.671983,-0.0209352,-0.00037,0.102522,-0.003194
0.83,278.8,2,5.5,0.09625,-0.046921314,0.659766,-0.0205545,-0.00037,0.102522,-0.003194
0.83,278.8,2,5.6,0.098,-0.046083433,0.647984,-0.0201875,-0.00037,0.102522,-0.003194
0.83,278.8,2,5.7,0.09975,-0.045274952,0.636616,-0.0198333,-0.00037,0.102522,-0.003194
0.83,278.8,2,5.8,0.1015,-0.044494349,0.62564,-0.0194914,-0.00037,0.102522,-0.003194
0.83,278.8,2,5.9,0.10325,-0.043740208,0.615036,-0.019161,-0.00037,0.102522,-0.003194
0.83,278.8,2,6,0.105,-0.043011204,0.604785,-0.0188416,-0.00037,0.102522,-0.003194
0.83,278.8,2,6.1,0.10675,-0.042306103,0.594871,-0.0185328,-0.00037,0.102522,-0.003194
0.83,278.8,2,6.2,0.1085,-0.041623746,0.585276,-0.0182339,-0.00037,0.102522,-0.003194
0.83,278.8,2,6.3,0.11025,-0.040963052,0.575986,-0.0179444,-0.00037,0.102522,-0.003194
0.83,278.8,2,6.4,0.112,-0.040323004,0.566986,-0.017664,-0.00037,0.102522,-0.003194
0.83,278.8,2,6.5,0.11375,-0.03970265,0.558263,-0.0173923,-0.00037,0.102522,-0.003194
0.83,278.8,2,6.6,0.1155,-0.039101095,0.549805,-0.0171288,-0.00037,0.102522,-0.003194
0.83,278.8,2,6.7,0.11725,-0.038517497,0.541599,-0.0168731,-0.00037,0.102522,-0.003194
0.83,278.8,2,6.8,0.119,-0.037951063,0.533634,-0.016625,-0.00037,0.102522,-0.003194
0.83,278.8,2,6.9,0.12075,-0.037401047,0.5259,-0.016384,-0.00037,0.102522,-0.003194
0.83,278.8,2,7,0.1225,-0.036866747,0.518387,-0.01615,-0.00037,0.102522,-0.003194
0.83,278.8,2,7.1,0.12425,-0.036347497,0.511086,-0.0159225,-0.00037,0.102522,-0.003194
0.83,278.8,2,7.2,0.126,-0.03584267,0.503988,-0.0157014,-0.00037,0.102522,-0.003194
0.83,278.8,2,7.3,0.12775,-0.035351675,0.497084,-0.0154863,-0.00037,0.102522,-0.003194
0.83,278.8,2,7.4,0.1295,-0.03487395,0.490366,-0.015277,-0.00037,0.102522,-0.003194
0.83,278.8,2,7.5,0.13125,-0.034408964,0.483828,-0.0150733,-0.00037,0.102522,-0.003194
0.83,278.8,2,7.6,0.133,-0.033956214,0.477462,-0.014875,-0.00037,0.102522,-0.003194
0.83,278.8,2,7.7,0.13475,-0.033515224,0.471261,-0.0146818,-0.00037,0.102522,-0.003194
0.83,278.8,2,7.8,0.1365,-0.033085542,0.465219,-0.0144936,-0.00037,0.102522,-0.003194
0.83,278.8,2,7.9,0.13825,-0.032666738,0.45933,-0.0143101,-0.00037,0.102522,-0.003194
0.83,278.8,2,8,0.14,-0.032258403,0.453589,-0.0141312,-0.00037,0.102522,-0.003194
0.3,102,4,0.1,0.00175,-11.11764706,14.65061834,-0.665373134,-0.00441,0.114519,-0.005201
0.3,102,4,0.2,0.0035,-5.558823529,7.325309168,-0.332686567,-0.00441,0.114519,-0.005201
0.3,102,4,0.3,0.00525,-3.705882353,4.883539446,-0.221791045,-0.00441,0.114519,-0.005201
0.3,102,4,0.4,0.007,-2.779411765,3.662654584,-0.166343284,-0.00441,0.114519,-0.005201
0.3,102,4,0.5,0.00875,-2.223529412,2.930123667,-0.133074627,-0.00441,0.114519,-0.005201
0.3,102,4,0.6,0.0105,-1.852941176,2.441769723,-0.110895522,-0.00441,0.114519,-0.005201
0.3,102,4,0.7,0.01225,-1.588235294,2.092945477,-0.095053305,-0.00441,0.114519,-0.005201
0.3,102,4,0.8,0.014,-1.389705882,1.831327292,-0.083171642,-0.00441,0.114519,-0.005201
0.3,102,4,0.9,0.01575,-1.235294118,1.627846482,-0.073930348,-0.00441,0.114519,-0.005201
0.3,102,4,1,0.0175,-1.111764706,1.465061834,-0.066537313,-0.00441,0.114519,-0.005201
0.3,102,4,1.1,0.01925,-1.010695187,1.331874394,-0.060488467,-0.00441,0.114519,-0.005201
0.3,102,4,1.2,0.021,-0.926470588,1.220884861,-0.055447761,-0.00441,0.114519,-0.005201
0.3,102,4,1.3,0.02275,-0.85520362,1.126970641,-0.051182549,-0.00441,0.114519,-0.005201
0.3,102,4,1.4,0.0245,-0.794117647,1.046472738,-0.047526652,-0.00441,0.114519,-0.005201
0.3,102,4,1.5,0.02625,-0.741176471,0.976707889,-0.044358209,-0.00441,0.114519,-0.005201
0.3,102,4,1.6,0.028,-0.694852941,0.915663646,-0.041585821,-0.00441,0.114519,-0.005201
0.3,102,4,1.7,0.02975,-0.653979239,0.861801079,-0.039139596,-0.00441,0.114519,-0.005201
0.3,102,4,1.8,0.0315,-0.617647059,0.813923241,-0.036965174,-0.00441,0.114519,-0.005201
0.3,102,4,1.9,0.03325,-0.585139319,0.771085176,-0.035019639,-0.00441,0.114519,-0.005201
0.3,102,4,2,0.035,-0.555882353,0.732530917,-0.033268657,-0.00441,0.114519,-0.005201
0.3,102,4,2.1,0.03675,-0.529411765,0.697648492,-0.031684435,-0.00441,0.114519,-0.005201
0.3,102,4,2.2,0.0385,-0.505347594,0.665937197,-0.030244233,-0.00441,0.114519,-0.005201
0.3,102,4,2.3,0.04025,-0.483375959,0.636983406,-0.028929267,-0.00441,0.114519,-0.005201
0.3,102,4,2.4,0.042,-0.463235294,0.610442431,-0.027723881,-0.00441,0.114519,-0.005201
0.3,102,4,2.5,0.04375,-0.444705882,0.586024733,-0.026614925,-0.00441,0.114519,-0.005201
0.3,102,4,2.6,0.0455,-0.42760181,0.563485321,-0.025591274,-0.00441,0.114519,-0.005201
0.3,102,4,2.7,0.04725,-0.411764706,0.542615494,-0.024643449,-0.00441,0.114519,-0.005201
0.3,102,4,2.8,0.049,-0.397058824,0.523236369,-0.023763326,-0.00441,0.114519,-0.005201
0.3,102,4,2.9,0.05075,-0.38336714,0.505193736,-0.022943901,-0.00441,0.114519,-0.005201
0.3,102,4,3,0.0525,-0.370588235,0.488353945,-0.022179104,-0.00441,0.114519,-0.005201
0.3,102,4,3.1,0.05425,-0.358633776,0.472600592,-0.021463649,-0.00441,0.114519,-0.005201
0.3,102,4,3.2,0.056,-0.347426471,0.457831823,-0.02079291,-0.00441,0.114519,-0.005201
0.3,102,4,3.3,0.05775,-0.336898396,0.443958131,-0.020162822,-0.00441,0.114519,-0.005201
0.3,102,4,3.4,0.0595,-0.326989619,0.430900539,-0.019569798,-0.00441,0.114519,-0.005201
0.3,102,4,3.5,0.06125,-0.317647059,0.418589095,-0.019010661,-0.00441,0.114519,-0.005201
0.3,102,4,3.6,0.063,-0.308823529,0.40696162,-0.018482587,-0.00441,0.114519,-0.005201
0.3,102,4,3.7,0.06475,-0.300476948,0.395962658,-0.017983058,-0.00441,0.114519,-0.005201
0.3,102,4,3.8,0.0665,-0.292569659,0.385542588,-0.017509819,-0.00441,0.114519,-0.005201
0.3,102,4,3.9,0.06825,-0.285067873,0.37565688,-0.01706085,-0.00441,0.114519,-0.005201
0.3,102,4,4,0.07,-0.277941176,0.366265458,-0.016634328,-0.00441,0.114519,-0.005201
0.3,102,4,4.1,0.07175,-0.271162123,0.357332,-0.0162286,-0.00441,0.114519,-0.005201
0.3,102,4,4.2,0.0735,-0.264705882,0.348824,-0.0158422,-0.00441,0.114519,-0.005201
0.3,102,4,4.3,0.07525,-0.258549932,0.340712,-0.0154738,-0.00441,0.114519,-0.005201
0.3,102,4,4.4,0.077,-0.252673797,0.332969,-0.0151221,-0.00441,0.114519,-0.005201
0.3,102,4,4.5,0.07875,-0.247058824,0.325569,-0.0147861,-0.00441,0.114519,-0.005201
0.3,102,4,4.6,0.0805,-0.24168798,0.318492,-0.0144646,-0.00441,0.114519,-0.005201
0.3,102,4,4.7,0.08225,-0.236545682,0.311715,-0.0141569,-0.00441,0.114519,-0.005201
0.3,102,4,4.8,0.084,-0.231617647,0.305221,-0.0138619,-0.00441,0.114519,-0.005201
0.3,102,4,4.9,0.08575,-0.226890756,0.298992,-0.013579,-0.00441,0.114519,-0.005201
0.3,102,4,5,0.0875,-0.222352941,0.293012,-0.0133075,-0.00441,0.114519,-0.005201
0.3,102,4,5.1,0.08925,-0.21799308,0.287267,-0.0130465,-0.00441,0.114519,-0.005201
0.3,102,4,5.2,0.091,-0.213800905,0.281743,-0.0127956,-0.00441,0.114519,-0.005201
0.3,102,4,5.3,0.09275,-0.209766926,0.276427,-0.0125542,-0.00441,0.114519,-0.005201
0.3,102,4,5.4,0.0945,-0.205882353,0.271308,-0.0123217,-0.00441,0.114519,-0.005201
0.3,102,4,5.5,0.09625,-0.202139037,0.266375,-0.0120977,-0.00441,0.114519,-0.005201
0.3,102,4,5.6,0.098,-0.198529412,0.261618,-0.0118817,-0.00441,0.114519,-0.005201
0.3,102,4,5.7,0.09975,-0.19504644,0.257028,-0.0116732,-0.00441,0.114519,-0.005201
0.3,102,4,5.8,0.1015,-0.19168357,0.252597,-0.011472,-0.00441,0.114519,-0.005201
0.3,102,4,5.9,0.10325,-0.188434696,0.248316,-0.0112775,-0.00441,0.114519,-0.005201
0.3,102,4,6,0.105,-0.185294118,0.244177,-0.0110896,-0.00441,0.114519,-0.005201
0.3,102,4,6.1,0.10675,-0.182256509,0.240174,-0.0109078,-0.00441,0.114519,-0.005201
0.3,102,4,6.2,0.1085,-0.179316888,0.2363,-0.0107318,-0.00441,0.114519,-0.005201
0.3,102,4,6.3,0.11025,-0.176470588,0.232549,-0.0105615,-0.00441,0.114519,-0.005201
0.3,102,4,6.4,0.112,-0.173713235,0.228916,-0.0103965,-0.00441,0.114519,-0.005201
0.3,102,4,6.5,0.11375,-0.171040724,0.225394,-0.0102365,-0.00441,0.114519,-0.005201
0.3,102,4,6.6,0.1155,-0.168449198,0.221979,-0.0100814,-0.00441,0.114519,-0.005201
0.3,102,4,6.7,0.11725,-0.165935031,0.218666,-0.0099309,-0.00441,0.114519,-0.005201
0.3,102,4,6.8,0.119,-0.16349481,0.21545,-0.0097849,-0.00441,0.114519,-0.005201
0.3,102,4,6.9,0.12075,-0.16112532,0.212328,-0.0096431,-0.00441,0.114519,-0.005201
0.3,102,4,7,0.1225,-0.158823529,0.209295,-0.0095053,-0.00441,0.114519,-0.005201
0.3,102,4,7.1,0.12425,-0.156586578,0.206347,-0.0093715,-0.00441,0.114519,-0.005201
0.3,102,4,7.2,0.126,-0.154411765,0.203481,-0.0092413,-0.00441,0.114519,-0.005201
0.3,102,4,7.3,0.12775,-0.152296535,0.200693,-0.0091147,-0.00441,0.114519,-0.005201
0.3,102,4,7.4,0.1295,-0.150238474,0.197981,-0.0089915,-0.00441,0.114519,-0.005201
0.3,102,4,7.5,0.13125,-0.148235294,0.195342,-0.0088716,-0.00441,0.114519,-0.005201
0.3,102,4,7.6,0.133,-0.14628483,0.192771,-0.0087549,-0.00441,0.114519,-0.005201
0.3,102,4,7.7,0.13475,-0.144385027,0.190268,-0.0086412,-0.00441,0.114519,-0.005201
0.3,102,4,7.8,0.1365,-0.142533937,0.187828,-0.0085304,-0.00441,0.114519,-0.005201
0.3,102,4,7.9,0.13825,-0.14072971,0.185451,-0.0084224,-0.00441,0.114519,-0.005201
0.3,102,4,8,0.14,-0.138970588,0.183133,-0.0083172,-0.00441,0.114519,-0.005201
0.5,170,4,0.1,0.00175,-18.82352941,26.10767591,-1.101705757,-0.00448,0.122445,-0.005167
0.5,170,4,0.2,0.0035,-9.411764706,13.05383795,-0.550852878,-0.00448,0.122445,-0.005167
0.5,170,4,0.3,0.00525,-6.274509804,8.702558635,-0.367235252,-0.00448,0.122445,-0.005167
0.5,170,4,0.4,0.007,-4.705882353,6.526918977,-0.275426439,-0.00448,0.122445,-0.005167
0.5,170,4,0.5,0.00875,-3.764705882,5.221535181,-0.220341151,-0.00448,0.122445,-0.005167
0.5,170,4,0.6,0.0105,-3.137254902,4.351279318,-0.183617626,-0.00448,0.122445,-0.005167
0.5,170,4,0.7,0.01225,-2.68907563,3.729667987,-0.157386537,-0.00448,0.122445,-0.005167
0.5,170,4,0.8,0.014,-2.352941176,3.263459488,-0.13771322,-0.00448,0.122445,-0.005167
0.5,170,4,0.9,0.01575,-2.091503268,2.900852878,-0.122411751,-0.00448,0.122445,-0.005167
0.5,170,4,1,0.0175,-1.882352941,2.610767591,-0.110170576,-0.00448,0.122445,-0.005167
0.5,170,4,1.1,0.01925,-1.711229947,2.373425082,-0.100155069,-0.00448,0.122445,-0.005167
0.5,170,4,1.2,0.021,-1.568627451,2.175639659,-0.091808813,-0.00448,0.122445,-0.005167
0.5,170,4,1.3,0.02275,-1.447963801,2.008282762,-0.084746597,-0.00448,0.122445,-0.005167
0.5,170,4,1.4,0.0245,-1.344537815,1.864833993,-0.078693268,-0.00448,0.122445,-0.005167
0.5,170,4,1.5,0.02625,-1.254901961,1.740511727,-0.07344705,-0.00448,0.122445,-0.005167
0.5,170,4,1.6,0.028,-1.176470588,1.631729744,-0.06885661,-0.00448,0.122445,-0.005167
0.5,170,4,1.7,0.02975,-1.107266436,1.535745642,-0.064806221,-0.00448,0.122445,-0.005167
0.5,170,4,1.8,0.0315,-1.045751634,1.450426439,-0.061205875,-0.00448,0.122445,-0.005167
0.5,170,4,1.9,0.03325,-0.990712074,1.374088206,-0.057984514,-0.00448,0.122445,-0.005167
0.5,170,4,2,0.035,-0.941176471,1.305383795,-0.055085288,-0.00448,0.122445,-0.005167
0.5,170,4,2.1,0.03675,-0.896358543,1.243222662,-0.052462179,-0.00448,0.122445,-0.005167
0.5,170,4,2.2,0.0385,-0.855614973,1.186712541,-0.050077534,-0.00448,0.122445,-0.005167
0.5,170,4,2.3,0.04025,-0.818414322,1.135116344,-0.04790025,-0.00448,0.122445,-0.005167
0.5,170,4,2.4,0.042,-0.784313725,1.087819829,-0.045904407,-0.00448,0.122445,-0.005167
0.5,170,4,2.5,0.04375,-0.752941176,1.044307036,-0.04406823,-0.00448,0.122445,-0.005167
0.5,170,4,2.6,0.0455,-0.7239819,1.004141381,-0.042373298,-0.00448,0.122445,-0.005167
0.5,170,4,2.7,0.04725,-0.697167756,0.966950959,-0.040803917,-0.00448,0.122445,-0.005167
0.5,170,4,2.8,0.049,-0.672268908,0.932416997,-0.039346634,-0.00448,0.122445,-0.005167
0.5,170,4,2.9,0.05075,-0.649087221,0.900264686,-0.037989854,-0.00448,0.122445,-0.005167
0.5,170,4,3,0.0525,-0.62745098,0.870255864,-0.036723525,-0.00448,0.122445,-0.005167
0.5,170,4,3.1,0.05425,-0.607210626,0.842183094,-0.035538895,-0.00448,0.122445,-0.005167
0.5,170,4,3.2,0.056,-0.588235294,0.815864872,-0.034428305,-0.00448,0.122445,-0.005167
0.5,170,4,3.3,0.05775,-0.570409982,0.791141694,-0.033385023,-0.00448,0.122445,-0.005167
0.5,170,4,3.4,0.0595,-0.553633218,0.767872821,-0.03240311,-0.00448,0.122445,-0.005167
0.5,170,4,3.5,0.06125,-0.537815126,0.745933597,-0.031477307,-0.00448,0.122445,-0.005167
0.5,170,4,3.6,0.063,-0.522875817,0.72521322,-0.030602938,-0.00448,0.122445,-0.005167
0.5,170,4,3.7,0.06475,-0.508744038,0.705612862,-0.029775831,-0.00448,0.122445,-0.005167
0.5,170,4,3.8,0.0665,-0.495356037,0.687044103,-0.028992257,-0.00448,0.122445,-0.005167
0.5,170,4,3.9,0.06825,-0.4826546,0.669427587,-0.028248866,-0.00448,0.122445,-0.005167
0.5,170,4,4,0.07,-0.470588235,0.652691898,-0.027542644,-0.00448,0.122445,-0.005167
0.5,170,4,4.1,0.07175,-0.459110473,0.636773,-0.0268709,-0.00448,0.122445,-0.005167
0.5,170,4,4.2,0.0735,-0.448179272,0.621611,-0.0262311,-0.00448,0.122445,-0.005167
0.5,170,4,4.3,0.07525,-0.437756498,0.607155,-0.0256211,-0.00448,0.122445,-0.005167
0.5,170,4,4.4,0.077,-0.427807487,0.593356,-0.0250388,-0.00448,0.122445,-0.005167
0.5,170,4,4.5,0.07875,-0.418300654,0.580171,-0.0244824,-0.00448,0.122445,-0.005167
0.5,170,4,4.6,0.0805,-0.409207161,0.567558,-0.0239501,-0.00448,0.122445,-0.005167
0.5,170,4,4.7,0.08225,-0.400500626,0.555482,-0.0234405,-0.00448,0.122445,-0.005167
0.5,170,4,4.8,0.084,-0.392156863,0.54391,-0.0229522,-0.00448,0.122445,-0.005167
0.5,170,4,4.9,0.08575,-0.384153661,0.53281,-0.0224838,-0.00448,0.122445,-0.005167
0.5,170,4,5,0.0875,-0.376470588,0.522154,-0.0220341,-0.00448,0.122445,-0.005167
0.5,170,4,5.1,0.08925,-0.369088812,0.511915,-0.0216021,-0.00448,0.122445,-0.005167
0.5,170,4,5.2,0.091,-0.36199095,0.502071,-0.0211866,-0.00448,0.122445,-0.005167
0.5,170,4,5.3,0.09275,-0.355160932,0.492598,-0.0207869,-0.00448,0.122445,-0.005167
0.5,170,4,5.4,0.0945,-0.348583878,0.483475,-0.020402,-0.00448,0.122445,-0.005167
0.5,170,4,5.5,0.09625,-0.342245989,0.474685,-0.020031,-0.00448,0.122445,-0.005167
0.5,170,4,5.6,0.098,-0.336134454,0.466208,-0.0196733,-0.00448,0.122445,-0.005167
0.5,170,4,5.7,0.09975,-0.330237358,0.458029,-0.0193282,-0.00448,0.122445,-0.005167
0.5,170,4,5.8,0.1015,-0.324543611,0.450132,-0.0189949,-0.00448,0.122445,-0.005167
0.5,170,4,5.9,0.10325,-0.319042871,0.442503,-0.018673,-0.00448,0.122445,-0.005167
0.5,170,4,6,0.105,-0.31372549,0.435128,-0.0183618,-0.00448,0.122445,-0.005167
0.5,170,4,6.1,0.10675,-0.308582449,0.427995,-0.0180608,-0.00448,0.122445,-0.005167
0.5,170,4,6.2,0.1085,-0.303605313,0.421092,-0.0177694,-0.00448,0.122445,-0.005167
0.5,170,4,6.3,0.11025,-0.298786181,0.414408,-0.0174874,-0.00448,0.122445,-0.005167
0.5,170,4,6.4,0.112,-0.294117647,0.407932,-0.0172142,-0.00448,0.122445,-0.005167
0.5,170,4,6.5,0.11375,-0.28959276,0.401657,-0.0169493,-0.00448,0.122445,-0.005167
0.5,170,4,6.6,0.1155,-0.285204991,0.395571,-0.0166925,-0.00448,0.122445,-0.005167
0.5,170,4,6.7,0.11725,-0.2809482,0.389667,-0.0164434,-0.00448,0.122445,-0.005167
0.5,170,4,6.8,0.119,-0.276816609,0.383936,-0.0162016,-0.00448,0.122445,-0.005167
0.5,170,4,6.9,0.12075,-0.272804774,0.378372,-0.0159668,-0.00448,0.122445,-0.005167
0.5,170,4,7,0.1225,-0.268907563,0.372967,-0.0157387,-0.00448,0.122445,-0.005167
0.5,170,4,7.1,0.12425,-0.265120133,0.367714,-0.015517,-0.00448,0.122445,-0.005167
0.5,170,4,7.2,0.126,-0.261437908,0.362607,-0.0153015,-0.00448,0.122445,-0.005167
0.5,170,4,7.3,0.12775,-0.257856567,0.357639,-0.0150919,-0.00448,0.122445,-0.005167
0.5,170,4,7.4,0.1295,-0.254372019,0.352806,-0.0148879,-0.00448,0.122445,-0.005167
0.5,170,4,7.5,0.13125,-0.250980392,0.348102,-0.0146894,-0.00448,0.122445,-0.005167
0.5,170,4,7.6,0.133,-0.247678019,0.343522,-0.0144961,-0.00448,0.122445,-0.005167
0.5,170,4,7.7,0.13475,-0.244461421,0.339061,-0.0143079,-0.00448,0.122445,-0.005167
0.5,170,4,7.8,0.1365,-0.2413273,0.334714,-0.0141244,-0.00448,0.122445,-0.005167
0.5,170,4,7.9,0.13825,-0.238272524,0.330477,-0.0139456,-0.00448,0.122445,-0.005167
0.5,170,4,8,0.14,-0.235294118,0.326346,-0.0137713,-0.00448,0.122445,-0.005167
0.6,204,4,0.1,0.00175,-16.2302521,29.91863539,-0.982260128,-0.003219,0.116932,-0.003839
0.6,204,4,0.2,0.0035,-8.11512605,14.9593177,-0.491130064,-0.003219,0.116932,-0.003839
0.6,204,4,0.3,0.00525,-5.410084034,9.972878465,-0.327420043,-0.003219,0.116932,-0.003839
0.6,204,4,0.4,0.007,-4.057563025,7.479658849,-0.245565032,-0.003219,0.116932,-0.003839
0.6,204,4,0.5,0.00875,-3.24605042,5.983727079,-0.196452026,-0.003219,0.116932,-0.003839
0.6,204,4,0.6,0.0105,-2.705042017,4.986439232,-0.163710021,-0.003219,0.116932,-0.003839
0.6,204,4,0.7,0.01225,-2.318607443,4.274090771,-0.140322875,-0.003219,0.116932,-0.003839
0.6,204,4,0.8,0.014,-2.028781513,3.739829424,-0.122782516,-0.003219,0.116932,-0.003839
0.6,204,4,0.9,0.01575,-1.803361345,3.324292822,-0.109140014,-0.003219,0.116932,-0.003839
0.6,204,4,1,0.0175,-1.62302521,2.991863539,-0.098226013,-0.003219,0.116932,-0.003839
0.6,204,4,1.1,0.01925,-1.475477464,2.719875945,-0.089296375,-0.003219,0.116932,-0.003839
0.6,204,4,1.2,0.021,-1.352521008,2.493219616,-0.081855011,-0.003219,0.116932,-0.003839
0.6,204,4,1.3,0.02275,-1.248480931,2.301433492,-0.075558471,-0.003219,0.116932,-0.003839
0.6,204,4,1.4,0.0245,-1.159303721,2.137045385,-0.070161438,-0.003219,0.116932,-0.003839
0.6,204,4,1.5,0.02625,-1.082016807,1.994575693,-0.065484009,-0.003219,0.116932,-0.003839
0.6,204,4,1.6,0.028,-1.014390756,1.869914712,-0.061391258,-0.003219,0.116932,-0.003839
0.6,204,4,1.7,0.02975,-0.954720712,1.759919729,-0.057780008,-0.003219,0.116932,-0.003839
0.6,204,4,1.8,0.0315,-0.901680672,1.662146411,-0.054570007,-0.003219,0.116932,-0.003839
0.6,204,4,1.9,0.03325,-0.854223795,1.574665021,-0.051697901,-0.003219,0.116932,-0.003839
0.6,204,4,2,0.035,-0.811512605,1.49593177,-0.049113006,-0.003219,0.116932,-0.003839
0.6,204,4,2.1,0.03675,-0.772869148,1.424696924,-0.046774292,-0.003219,0.116932,-0.003839
0.6,204,4,2.2,0.0385,-0.737738732,1.359937972,-0.044648188,-0.003219,0.116932,-0.003839
0.6,204,4,2.3,0.04025,-0.705663135,1.300810235,-0.042706962,-0.003219,0.116932,-0.003839
0.6,204,4,2.4,0.042,-0.676260504,1.246609808,-0.040927505,-0.003219,0.116932,-0.003839
0.6,204,4,2.5,0.04375,-0.649210084,1.196745416,-0.039290405,-0.003219,0.116932,-0.003839
0.6,204,4,2.6,0.0455,-0.624240465,1.150716746,-0.037779236,-0.003219,0.116932,-0.003839
0.6,204,4,2.7,0.04725,-0.601120448,1.108097607,-0.036380005,-0.003219,0.116932,-0.003839
0.6,204,4,2.8,0.049,-0.579651861,1.068522693,-0.035080719,-0.003219,0.116932,-0.003839
0.6,204,4,2.9,0.05075,-0.559663866,1.031677083,-0.033871039,-0.003219,0.116932,-0.003839
0.6,204,4,3,0.0525,-0.541008403,0.997287846,-0.032742004,-0.003219,0.116932,-0.003839
0.6,204,4,3.1,0.05425,-0.523556519,0.965117271,-0.031685811,-0.003219,0.116932,-0.003839
0.6,204,4,3.2,0.056,-0.507195378,0.934957356,-0.030695629,-0.003219,0.116932,-0.003839
0.6,204,4,3.3,0.05775,-0.491825821,0.906625315,-0.029765458,-0.003219,0.116932,-0.003839
0.6,204,4,3.4,0.0595,-0.477360356,0.879959865,-0.028890004,-0.003219,0.116932,-0.003839
0.6,204,4,3.5,0.06125,-0.463721489,0.854818154,-0.028064575,-0.003219,0.116932,-0.003839
0.6,204,4,3.6,0.063,-0.450840336,0.831073205,-0.027285004,-0.003219,0.116932,-0.003839
0.6,204,4,3.7,0.06475,-0.438655462,0.808611767,-0.026547571,-0.003219,0.116932,-0.003839
0.6,204,4,3.8,0.0665,-0.427111897,0.78733251,-0.025848951,-0.003219,0.116932,-0.003839
0.6,204,4,3.9,0.06825,-0.41616031,0.767144497,-0.025186157,-0.003219,0.116932,-0.003839
0.6,204,4,4,0.07,-0.405756303,0.747965885,-0.024556503,-0.003219,0.116932,-0.003839
0.6,204,4,4.1,0.07175,-0.395859807,0.729723,-0.0239576,-0.003219,0.116932,-0.003839
0.6,204,4,4.2,0.0735,-0.386434574,0.712348,-0.0233871,-0.003219,0.116932,-0.003839
0.6,204,4,4.3,0.07525,-0.377447723,0.695782,-0.0228433,-0.003219,0.116932,-0.003839
0.6,204,4,4.4,0.077,-0.368869366,0.679969,-0.0223241,-0.003219,0.116932,-0.003839
0.6,204,4,4.5,0.07875,-0.360672269,0.664859,-0.021828,-0.003219,0.116932,-0.003839
0.6,204,4,4.6,0.0805,-0.352831567,0.650405,-0.0213535,-0.003219,0.116932,-0.003839
0.6,204,4,4.7,0.08225,-0.345324513,0.636567,-0.0208992,-0.003219,0.116932,-0.003839
0.6,204,4,4.8,0.084,-0.338130252,0.623305,-0.0204638,-0.003219,0.116932,-0.003839
0.6,204,4,4.9,0.08575,-0.331229635,0.610584,-0.0200461,-0.003219,0.116932,-0.003839
0.6,204,4,5,0.0875,-0.324605042,0.598373,-0.0196452,-0.003219,0.116932,-0.003839
0.6,204,4,5.1,0.08925,-0.318240237,0.58664,-0.01926,-0.003219,0.116932,-0.003839
0.6,204,4,5.2,0.091,-0.312120233,0.575358,-0.0188896,-0.003219,0.116932,-0.003839
0.6,204,4,5.3,0.09275,-0.306231172,0.564503,-0.0185332,-0.003219,0.116932,-0.003839
0.6,204,4,5.4,0.0945,-0.300560224,0.554049,-0.01819,-0.003219,0.116932,-0.003839
0.6,204,4,5.5,0.09625,-0.295095493,0.543975,-0.0178593,-0.003219,0.116932,-0.003839
0.6,204,4,5.6,0.098,-0.28982593,0.534261,-0.0175404,-0.003219,0.116932,-0.003839
0.6,204,4,5.7,0.09975,-0.284741265,0.524888,-0.0172326,-0.003219,0.116932,-0.003839
0.6,204,4,5.8,0.1015,-0.279831933,0.515839,-0.0169355,-0.003219,0.116932,-0.003839
0.6,204,4,5.9,0.10325,-0.275089019,0.507096,-0.0166485,-0.003219,0.116932,-0.003839
0.6,204,4,6,0.105,-0.270504202,0.498644,-0.016371,-0.003219,0.116932,-0.003839
0.6,204,4,6.1,0.10675,-0.266069707,0.490469,-0.0161026,-0.003219,0.116932,-0.003839
0.6,204,4,6.2,0.1085,-0.26177826,0.482559,-0.0158429,-0.003219,0.116932,-0.003839
0.6,204,4,6.3,0.11025,-0.257623049,0.474899,-0.0155914,-0.003219,0.116932,-0.003839
0.6,204,4,6.4,0.112,-0.253597689,0.467479,-0.0153478,-0.003219,0.116932,-0.003839
0.6,204,4,6.5,0.11375,-0.249696186,0.460287,-0.0151117,-0.003219,0.116932,-0.003839
0.6,204,4,6.6,0.1155,-0.245912911,0.453313,-0.0148827,-0.003219,0.116932,-0.003839
0.6,204,4,6.7,0.11725,-0.242242569,0.446547,-0.0146606,-0.003219,0.116932,-0.003839
0.6,204,4,6.8,0.119,-0.238680178,0.43998,-0.014445,-0.003219,0.116932,-0.003839
0.6,204,4,6.9,0.12075,-0.235221045,0.433603,-0.0142357,-0.003219,0.116932,-0.003839
0.6,204,4,7,0.1225,-0.231860744,0.427409,-0.0140323,-0.003219,0.116932,-0.003839
0.6,204,4,7.1,0.12425,-0.2285951,0.421389,-0.0138346,-0.003219,0.116932,-0.003839
0.6,204,4,7.2,0.126,-0.225420168,0.415537,-0.0136425,-0.003219,0.116932,-0.003839
0.6,204,4,7.3,0.12775,-0.222332221,0.409844,-0.0134556,-0.003219,0.116932,-0.003839
0.6,204,4,7.4,0.1295,-0.219327731,0.404306,-0.0132738,-0.003219,0.116932,-0.003839
0.6,204,4,7.5,0.13125,-0.216403361,0.398915,-0.0130968,-0.003219,0.116932,-0.003839
0.6,204,4,7.6,0.133,-0.213555949,0.393666,-0.0129245,-0.003219,0.116932,-0.003839
0.6,204,4,7.7,0.13475,-0.210782495,0.388554,-0.0127566,-0.003219,0.116932,-0.003839
0.6,204,4,7.8,0.1365,-0.208080155,0.383572,-0.0125931,-0.003219,0.116932,-0.003839
0.6,204,4,7.9,0.13825,-0.205446229,0.378717,-0.0124337,-0.003219,0.116932,-0.003839
0.6,204,4,8,0.14,-0.202878151,0.373983,-0.0122783,-0.003219,0.116932,-0.003839
0.7,238,4,0.1,0.00175,-25.15882353,52.29820896,-1.649253731,-0.004277,0.175199,-0.005525
0.7,238,4,0.2,0.0035,-12.57941176,26.14910448,-0.824626866,-0.004277,0.175199,-0.005525
0.7,238,4,0.3,0.00525,-8.38627451,17.43273632,-0.549751244,-0.004277,0.175199,-0.005525
0.7,238,4,0.4,0.007,-6.289705882,13.07455224,-0.412313433,-0.004277,0.175199,-0.005525
0.7,238,4,0.5,0.00875,-5.031764706,10.45964179,-0.329850746,-0.004277,0.175199,-0.005525
0.7,238,4,0.6,0.0105,-4.193137255,8.716368159,-0.274875622,-0.004277,0.175199,-0.005525
0.7,238,4,0.7,0.01225,-3.594117647,7.471172708,-0.235607676,-0.004277,0.175199,-0.005525
0.7,238,4,0.8,0.014,-3.144852941,6.537276119,-0.206156716,-0.004277,0.175199,-0.005525
0.7,238,4,0.9,0.01575,-2.795424837,5.810912106,-0.183250415,-0.004277,0.175199,-0.005525
0.7,238,4,1,0.0175,-2.515882353,5.229820896,-0.164925373,-0.004277,0.175199,-0.005525
0.7,238,4,1.1,0.01925,-2.287165775,4.754382632,-0.149932157,-0.004277,0.175199,-0.005525
0.7,238,4,1.2,0.021,-2.096568627,4.35818408,-0.137437811,-0.004277,0.175199,-0.005525
0.7,238,4,1.3,0.02275,-1.935294118,4.02293915,-0.126865672,-0.004277,0.175199,-0.005525
0.7,238,4,1.4,0.0245,-1.797058824,3.735586354,-0.117803838,-0.004277,0.175199,-0.005525
0.7,238,4,1.5,0.02625,-1.677254902,3.486547264,-0.109950249,-0.004277,0.175199,-0.005525
0.7,238,4,1.6,0.028,-1.572426471,3.26863806,-0.103078358,-0.004277,0.175199,-0.005525
0.7,238,4,1.7,0.02975,-1.479930796,3.076365233,-0.097014925,-0.004277,0.175199,-0.005525
0.7,238,4,1.8,0.0315,-1.397712418,2.905456053,-0.091625207,-0.004277,0.175199,-0.005525
0.7,238,4,1.9,0.03325,-1.324148607,2.752537313,-0.086802828,-0.004277,0.175199,-0.005525
0.7,238,4,2,0.035,-1.257941176,2.614910448,-0.082462687,-0.004277,0.175199,-0.005525
0.7,238,4,2.1,0.03675,-1.198039216,2.490390903,-0.078535892,-0.004277,0.175199,-0.005525
0.7,238,4,2.2,0.0385,-1.143582888,2.377191316,-0.074966079,-0.004277,0.175199,-0.005525
0.7,238,4,2.3,0.04025,-1.093861893,2.273835172,-0.071706684,-0.004277,0.175199,-0.005525
0.7,238,4,2.4,0.042,-1.048284314,2.17909204,-0.068718905,-0.004277,0.175199,-0.005525
0.7,238,4,2.5,0.04375,-1.006352941,2.091928358,-0.065970149,-0.004277,0.175199,-0.005525
0.7,238,4,2.6,0.0455,-0.967647059,2.011469575,-0.063432836,-0.004277,0.175199,-0.005525
0.7,238,4,2.7,0.04725,-0.931808279,1.936970702,-0.061083472,-0.004277,0.175199,-0.005525
0.7,238,4,2.8,0.049,-0.898529412,1.867793177,-0.058901919,-0.004277,0.175199,-0.005525
0.7,238,4,2.9,0.05075,-0.867545639,1.803386516,-0.056870818,-0.004277,0.175199,-0.005525
0.7,238,4,3,0.0525,-0.838627451,1.743273632,-0.054975124,-0.004277,0.175199,-0.005525
0.7,238,4,3.1,0.05425,-0.811574953,1.687038999,-0.053201733,-0.004277,0.175199,-0.005525
0.7,238,4,3.2,0.056,-0.786213235,1.63431903,-0.051539179,-0.004277,0.175199,-0.005525
0.7,238,4,3.3,0.05775,-0.762388592,1.584794211,-0.049977386,-0.004277,0.175199,-0.005525
0.7,238,4,3.4,0.0595,-0.739965398,1.538182616,-0.048507463,-0.004277,0.175199,-0.005525
0.7,238,4,3.5,0.06125,-0.718823529,1.494234542,-0.047121535,-0.004277,0.175199,-0.005525
0.7,238,4,3.6,0.063,-0.698856209,1.452728027,-0.045812604,-0.004277,0.175199,-0.005525
0.7,238,4,3.7,0.06475,-0.679968203,1.413465107,-0.044574425,-0.004277,0.175199,-0.005525
0.7,238,4,3.8,0.0665,-0.662074303,1.376268657,-0.043401414,-0.004277,0.175199,-0.005525
0.7,238,4,3.9,0.06825,-0.645098039,1.340979717,-0.042288557,-0.004277,0.175199,-0.005525
0.7,238,4,4,0.07,-0.628970588,1.307455224,-0.041231343,-0.004277,0.175199,-0.005525
0.7,238,4,4.1,0.07175,-0.613629842,1.275566,-0.0402257,-0.004277,0.175199,-0.005525
0.7,238,4,4.2,0.0735,-0.599019608,1.245195,-0.0392679,-0.004277,0.175199,-0.005525
0.7,238,4,4.3,0.07525,-0.585088919,1.216237,-0.0383547,-0.004277,0.175199,-0.005525
0.7,238,4,4.4,0.077,-0.571791444,1.188596,-0.037483,-0.004277,0.175199,-0.005525
0.7,238,4,4.5,0.07875,-0.559084967,1.162182,-0.0366501,-0.004277,0.175199,-0.005525
0.7,238,4,4.6,0.0805,-0.546930946,1.136918,-0.0358533,-0.004277,0.175199,-0.005525
0.7,238,4,4.7,0.08225,-0.535294118,1.112728,-0.0350905,-0.004277,0.175199,-0.005525
0.7,238,4,4.8,0.084,-0.524142157,1.089546,-0.0343595,-0.004277,0.175199,-0.005525
0.7,238,4,4.9,0.08575,-0.513445378,1.06731,-0.0336582,-0.004277,0.175199,-0.005525
0.7,238,4,5,0.0875,-0.503176471,1.045964,-0.0329851,-0.004277,0.175199,-0.005525
0.7,238,4,5.1,0.08925,-0.493310265,1.025455,-0.0323383,-0.004277,0.175199,-0.005525
0.7,238,4,5.2,0.091,-0.483823529,1.005735,-0.0317164,-0.004277,0.175199,-0.005525
0.7,238,4,5.3,0.09275,-0.474694784,0.986759,-0.031118,-0.004277,0.175199,-0.005525
0.7,238,4,5.4,0.0945,-0.465904139,0.968485,-0.0305417,-0.004277,0.175199,-0.005525
0.7,238,4,5.5,0.09625,-0.457433155,0.950877,-0.0299864,-0.004277,0.175199,-0.005525
0.7,238,4,5.6,0.098,-0.449264706,0.933897,-0.029451,-0.004277,0.175199,-0.005525
0.7,238,4,5.7,0.09975,-0.441382869,0.917512,-0.0289343,-0.004277,0.175199,-0.005525
0.7,238,4,5.8,0.1015,-0.433772819,0.901693,-0.0284354,-0.004277,0.175199,-0.005525
0.7,238,4,5.9,0.10325,-0.426420738,0.88641,-0.0279535,-0.004277,0.175199,-0.005525
0.7,238,4,6,0.105,-0.419313725,0.871637,-0.0274876,-0.004277,0.175199,-0.005525
0.7,238,4,6.1,0.10675,-0.41243973,0.857348,-0.0270369,-0.004277,0.175199,-0.005525
0.7,238,4,6.2,0.1085,-0.405787476,0.843519,-0.0266009,-0.004277,0.175199,-0.005525
0.7,238,4,6.3,0.11025,-0.399346405,0.83013,-0.0261786,-0.004277,0.175199,-0.005525
0.7,238,4,6.4,0.112,-0.393106618,0.81716,-0.0257696,-0.004277,0.175199,-0.005525
0.7,238,4,6.5,0.11375,-0.387058824,0.804588,-0.0253731,-0.004277,0.175199,-0.005525
0.7,238,4,6.6,0.1155,-0.381194296,0.792397,-0.0249887,-0.004277,0.175199,-0.005525
0.7,238,4,6.7,0.11725,-0.375504829,0.78057,-0.0246157,-0.004277,0.175199,-0.005525
0.7,238,4,6.8,0.119,-0.369982699,0.769091,-0.0242537,-0.004277,0.175199,-0.005525
0.7,238,4,6.9,0.12075,-0.364620631,0.757945,-0.0239022,-0.004277,0.175199,-0.005525
0.7,238,4,7,0.1225,-0.359411765,0.747117,-0.0235608,-0.004277,0.175199,-0.005525
0.7,238,4,7.1,0.12425,-0.354349627,0.736594,-0.0232289,-0.004277,0.175199,-0.005525
0.7,238,4,7.2,0.126,-0.349428105,0.726364,-0.0229063,-0.004277,0.175199,-0.005525
0.7,238,4,7.3,0.12775,-0.344641418,0.716414,-0.0225925,-0.004277,0.175199,-0.005525
0.7,238,4,7.4,0.1295,-0.339984102,0.706733,-0.0222872,-0.004277,0.175199,-0.005525
0.7,238,4,7.5,0.13125,-0.33545098,0.697309,-0.02199,-0.004277,0.175199,-0.005525
0.7,238,4,7.6,0.133,-0.331037152,0.688134,-0.0217007,-0.004277,0.175199,-0.005525
0.7,238,4,7.7,0.13475,-0.326737968,0.679198,-0.0214189,-0.004277,0.175199,-0.005525
0.7,238,4,7.8,0.1365,-0.32254902,0.67049,-0.0211443,-0.004277,0.175199,-0.005525
0.7,238,4,7.9,0.13825,-0.318466121,0.662003,-0.0208766,-0.004277,0.175199,-0.005525
0.7,238,4,8,0.14,-0.314485294,0.653728,-0.0206157,-0.004277,0.175199,-0.005525
0.83,278.8,4,0.1,0.00175,-25.52773109,78.68435394,-1.929705757,-0.00366,0.222307,-0.005452
0.83,278.8,4,0.2,0.0035,-12.76386555,39.34217697,-0.964852878,-0.00366,0.222307,-0.005452
0.83,278.8,4,0.3,0.00525,-8.509243697,26.22811798,-0.643235252,-0.00366,0.222307,-0.005452
0.83,278.8,4,0.4,0.007,-6.381932773,19.67108849,-0.482426439,-0.00366,0.222307,-0.005452
0.83,278.8,4,0.5,0.00875,-5.105546218,15.73687079,-0.385941151,-0.00366,0.222307,-0.005452
0.83,278.8,4,0.6,0.0105,-4.254621849,13.11405899,-0.321617626,-0.00366,0.222307,-0.005452
0.83,278.8,4,0.7,0.01225,-3.646818727,11.24062199,-0.275672251,-0.00366,0.222307,-0.005452
0.83,278.8,4,0.8,0.014,-3.190966387,9.835544243,-0.24121322,-0.00366,0.222307,-0.005452
0.83,278.8,4,0.9,0.01575,-2.836414566,8.742705994,-0.214411751,-0.00366,0.222307,-0.005452
0.83,278.8,4,1,0.0175,-2.552773109,7.868435394,-0.192970576,-0.00366,0.222307,-0.005452
0.83,278.8,4,1.1,0.01925,-2.320702827,7.153123086,-0.175427796,-0.00366,0.222307,-0.005452
0.83,278.8,4,1.2,0.021,-2.127310924,6.557029495,-0.160808813,-0.00366,0.222307,-0.005452
0.83,278.8,4,1.3,0.02275,-1.963671622,6.052642611,-0.148438904,-0.00366,0.222307,-0.005452
0.83,278.8,4,1.4,0.0245,-1.823409364,5.620310996,-0.137836125,-0.00366,0.222307,-0.005452
0.83,278.8,4,1.5,0.02625,-1.701848739,5.245623596,-0.12864705,-0.00366,0.222307,-0.005452
0.83,278.8,4,1.6,0.028,-1.595483193,4.917772122,-0.12060661,-0.00366,0.222307,-0.005452
0.83,278.8,4,1.7,0.02975,-1.501631241,4.628491409,-0.113512103,-0.00366,0.222307,-0.005452
0.83,278.8,4,1.8,0.0315,-1.418207283,4.371352997,-0.107205875,-0.00366,0.222307,-0.005452
0.83,278.8,4,1.9,0.03325,-1.343564794,4.141281787,-0.101563461,-0.00366,0.222307,-0.005452
0.83,278.8,4,2,0.035,-1.276386555,3.934217697,-0.096485288,-0.00366,0.222307,-0.005452
0.83,278.8,4,2.1,0.03675,-1.215606242,3.746873997,-0.09189075,-0.00366,0.222307,-0.005452
0.83,278.8,4,2.2,0.0385,-1.160351413,3.576561543,-0.087713898,-0.00366,0.222307,-0.005452
0.83,278.8,4,2.3,0.04025,-1.109901352,3.421058867,-0.08390025,-0.00366,0.222307,-0.005452
0.83,278.8,4,2.4,0.042,-1.063655462,3.278514748,-0.080404407,-0.00366,0.222307,-0.005452
0.83,278.8,4,2.5,0.04375,-1.021109244,3.147374158,-0.07718823,-0.00366,0.222307,-0.005452
0.83,278.8,4,2.6,0.0455,-0.981835811,3.026321306,-0.074219452,-0.00366,0.222307,-0.005452
0.83,278.8,4,2.7,0.04725,-0.945471522,2.914235331,-0.071470584,-0.00366,0.222307,-0.005452
0.83,278.8,4,2.8,0.049,-0.911704682,2.810155498,-0.068918063,-0.00366,0.222307,-0.005452
0.83,278.8,4,2.9,0.05075,-0.880266589,2.713253584,-0.066541578,-0.00366,0.222307,-0.005452
0.83,278.8,4,3,0.0525,-0.85092437,2.622811798,-0.064323525,-0.00366,0.222307,-0.005452
0.83,278.8,4,3.1,0.05425,-0.823475197,2.538204966,-0.062248573,-0.00366,0.222307,-0.005452
0.83,278.8,4,3.2,0.056,-0.797741597,2.458886061,-0.060303305,-0.00366,0.222307,-0.005452
0.83,278.8,4,3.3,0.05775,-0.773567609,2.384374362,-0.058475932,-0.00366,0.222307,-0.005452
0.83,278.8,4,3.4,0.0595,-0.75081562,2.314245704,-0.056756052,-0.00366,0.222307,-0.005452
0.83,278.8,4,3.5,0.06125,-0.729363745,2.248124398,-0.05513445,-0.00366,0.222307,-0.005452
0.83,278.8,4,3.6,0.063,-0.709103641,2.185676498,-0.053602938,-0.00366,0.222307,-0.005452
0.83,278.8,4,3.7,0.06475,-0.689938678,2.126604161,-0.05215421,-0.00366,0.222307,-0.005452
0.83,278.8,4,3.8,0.0665,-0.671782397,2.070640893,-0.05078173,-0.00366,0.222307,-0.005452
0.83,278.8,4,3.9,0.06825,-0.654557207,2.017547537,-0.049479635,-0.00366,0.222307,-0.005452
0.83,278.8,4,4,0.07,-0.638193277,1.967108849,-0.048242644,-0.00366,0.222307,-0.005452
0.83,278.8,4,4.1,0.07175,-0.622627588,1.919131,-0.047066,-0.00366,0.222307,-0.005452
0.83,278.8,4,4.2,0.0735,-0.607803121,1.873437,-0.0459454,-0.00366,0.222307,-0.005452
0.83,278.8,4,4.3,0.07525,-0.593668165,1.829869,-0.0448769,-0.00366,0.222307,-0.005452
0.83,278.8,4,4.4,0.077,-0.580175707,1.788281,-0.0438569,-0.00366,0.222307,-0.005452
0.83,278.8,4,4.5,0.07875,-0.567282913,1.748541,-0.0428824,-0.00366,0.222307,-0.005452
0.83,278.8,4,4.6,0.0805,-0.554950676,1.710529,-0.0419501,-0.00366,0.222307,-0.005452
0.83,278.8,4,4.7,0.08225,-0.543143215,1.674135,-0.0410576,-0.00366,0.222307,-0.005452
0.83,278.8,4,4.8,0.084,-0.531827731,1.639257,-0.0402022,-0.00366,0.222307,-0.005452
0.83,278.8,4,4.9,0.08575,-0.520974104,1.605803,-0.0393818,-0.00366,0.222307,-0.005452
0.83,278.8,4,5,0.0875,-0.510554622,1.573687,-0.0385941,-0.00366,0.222307,-0.005452
0.83,278.8,4,5.1,0.08925,-0.500543747,1.54283,-0.0378374,-0.00366,0.222307,-0.005452
0.83,278.8,4,5.2,0.091,-0.490917906,1.513161,-0.0371097,-0.00366,0.222307,-0.005452
0.83,278.8,4,5.3,0.09275,-0.481655304,1.48461,-0.0364095,-0.00366,0.222307,-0.005452
0.83,278.8,4,5.4,0.0945,-0.472735761,1.457118,-0.0357353,-0.00366,0.222307,-0.005452
0.83,278.8,4,5.5,0.09625,-0.464140565,1.430625,-0.0350856,-0.00366,0.222307,-0.005452
0.83,278.8,4,5.6,0.098,-0.455852341,1.405078,-0.034459,-0.00366,0.222307,-0.005452
0.83,278.8,4,5.7,0.09975,-0.447854931,1.380427,-0.0338545,-0.00366,0.222307,-0.005452
0.83,278.8,4,5.8,0.1015,-0.440133295,1.356627,-0.0332708,-0.00366,0.222307,-0.005452
0.83,278.8,4,5.9,0.10325,-0.432673408,1.333633,-0.0327069,-0.00366,0.222307,-0.005452
0.83,278.8,4,6,0.105,-0.425462185,1.311406,-0.0321618,-0.00366,0.222307,-0.005452
0.83,278.8,4,6.1,0.10675,-0.418487395,1.289907,-0.0316345,-0.00366,0.222307,-0.005452
0.83,278.8,4,6.2,0.1085,-0.411737598,1.269102,-0.0311243,-0.00366,0.222307,-0.005452
0.83,278.8,4,6.3,0.11025,-0.405202081,1.248958,-0.0306303,-0.00366,0.222307,-0.005452
0.83,278.8,4,6.4,0.112,-0.398870798,1.229443,-0.0301517,-0.00366,0.222307,-0.005452
0.83,278.8,4,6.5,0.11375,-0.392734324,1.210529,-0.0296878,-0.00366,0.222307,-0.005452
0.83,278.8,4,6.6,0.1155,-0.386783804,1.192187,-0.029238,-0.00366,0.222307,-0.005452
0.83,278.8,4,6.7,0.11725,-0.381010912,1.174393,-0.0288016,-0.00366,0.222307,-0.005452
0.83,278.8,4,6.8,0.119,-0.37540781,1.157123,-0.028378,-0.00366,0.222307,-0.005452
0.83,278.8,4,6.9,0.12075,-0.369967117,1.140353,-0.0279668,-0.00366,0.222307,-0.005452
0.83,278.8,4,7,0.1225,-0.364681873,1.124062,-0.0275672,-0.00366,0.222307,-0.005452
0.83,278.8,4,7.1,0.12425,-0.359545508,1.10823,-0.027179,-0.00366,0.222307,-0.005452
0.83,278.8,4,7.2,0.126,-0.354551821,1.092838,-0.0268015,-0.00366,0.222307,-0.005452
0.83,278.8,4,7.3,0.12775,-0.349694946,1.077868,-0.0264343,-0.00366,0.222307,-0.005452
0.83,278.8,4,7.4,0.1295,-0.344969339,1.063302,-0.0260771,-0.00366,0.222307,-0.005452
0.83,278.8,4,7.5,0.13125,-0.340369748,1.049125,-0.0257294,-0.00366,0.222307,-0.005452
0.83,278.8,4,7.6,0.133,-0.335891199,1.03532,-0.0253909,-0.00366,0.222307,-0.005452
0.83,278.8,4,7.7,0.13475,-0.331528975,1.021875,-0.0250611,-0.00366,0.222307,-0.005452
0.83,278.8,4,7.8,0.1365,-0.327278604,1.008774,-0.0247398,-0.00366,0.222307,-0.005452
0.83,278.8,4,7.9,0.13825,-0.323135837,0.996004,-0.0244267,-0.00366,0.222307,-0.005452
0.83,278.8,4,8,0.14,-0.319096639,0.983554,-0.0241213,-0.00366,0.222307,-0.005452
0.3,102,6,0.1,0.00175,-5.009243697,22.18528785,-0.181918977,-0.001987,0.173415,-0.001422
0.3,102,6,0.2,0.0035,-2.504621849,11.09264392,-0.090959488,-0.001987,0.173415,-0.001422
0.3,102,6,0.3,0.00525,-1.669747899,7.395095949,-0.060639659,-0.001987,0.173415,-0.001422
0.3,102,6,0.4,0.007,-1.252310924,5.546321962,-0.045479744,-0.001987,0.173415,-0.001422
0.3,102,6,0.5,0.00875,-1.001848739,4.437057569,-0.036383795,-0.001987,0.173415,-0.001422
0.3,102,6,0.6,0.0105,-0.83487395,3.697547974,-0.030319829,-0.001987,0.173415,-0.001422
0.3,102,6,0.7,0.01225,-0.715606242,3.169326835,-0.025988425,-0.001987,0.173415,-0.001422
0.3,102,6,0.8,0.014,-0.626155462,2.773160981,-0.022739872,-0.001987,0.173415,-0.001422
0.3,102,6,0.9,0.01575,-0.556582633,2.465031983,-0.02021322,-0.001987,0.173415,-0.001422
0.3,102,6,1,0.0175,-0.50092437,2.218528785,-0.018191898,-0.001987,0.173415,-0.001422
0.3,102,6,1.1,0.01925,-0.455385791,2.01684435,-0.016538089,-0.001987,0.173415,-0.001422
0.3,102,6,1.2,0.021,-0.417436975,1.848773987,-0.015159915,-0.001987,0.173415,-0.001422
0.3,102,6,1.3,0.02275,-0.385326438,1.706560604,-0.013993767,-0.001987,0.173415,-0.001422
0.3,102,6,1.4,0.0245,-0.357803121,1.584663418,-0.012994213,-0.001987,0.173415,-0.001422
0.3,102,6,1.5,0.02625,-0.33394958,1.47901919,-0.012127932,-0.001987,0.173415,-0.001422
0.3,102,6,1.6,0.028,-0.313077731,1.38658049,-0.011369936,-0.001987,0.173415,-0.001422
0.3,102,6,1.7,0.02975,-0.294661394,1.305016932,-0.010701116,-0.001987,0.173415,-0.001422
0.3,102,6,1.8,0.0315,-0.278291317,1.232515991,-0.01010661,-0.001987,0.173415,-0.001422
0.3,102,6,1.9,0.03325,-0.263644405,1.167646729,-0.009574683,-0.001987,0.173415,-0.001422
0.3,102,6,2,0.035,-0.250462185,1.109264392,-0.009095949,-0.001987,0.173415,-0.001422
0.3,102,6,2.1,0.03675,-0.238535414,1.056442278,-0.008662808,-0.001987,0.173415,-0.001422
0.3,102,6,2.2,0.0385,-0.227692895,1.008422175,-0.008269044,-0.001987,0.173415,-0.001422
0.3,102,6,2.3,0.04025,-0.217793204,0.964577732,-0.007909521,-0.001987,0.173415,-0.001422
0.3,102,6,2.4,0.042,-0.208718487,0.924386994,-0.007579957,-0.001987,0.173415,-0.001422
0.3,102,6,2.5,0.04375,-0.200369748,0.887411514,-0.007276759,-0.001987,0.173415,-0.001422
0.3,102,6,2.6,0.0455,-0.192663219,0.853280302,-0.006996884,-0.001987,0.173415,-0.001422
0.3,102,6,2.7,0.04725,-0.185527544,0.821677328,-0.00673774,-0.001987,0.173415,-0.001422
0.3,102,6,2.8,0.049,-0.178901561,0.792331709,-0.006497106,-0.001987,0.173415,-0.001422
0.3,102,6,2.9,0.05075,-0.172732541,0.765009926,-0.006273068,-0.001987,0.173415,-0.001422
0.3,102,6,3,0.0525,-0.16697479,0.739509595,-0.006063966,-0.001987,0.173415,-0.001422
0.3,102,6,3.1,0.05425,-0.161588506,0.715654447,-0.005868354,-0.001987,0.173415,-0.001422
0.3,102,6,3.2,0.056,-0.156538866,0.693290245,-0.005684968,-0.001987,0.173415,-0.001422
0.3,102,6,3.3,0.05775,-0.151795264,0.67228145,-0.005512696,-0.001987,0.173415,-0.001422
0.3,102,6,3.4,0.0595,-0.147330697,0.652508466,-0.005350558,-0.001987,0.173415,-0.001422
0.3,102,6,3.5,0.06125,-0.143121248,0.633865367,-0.005197685,-0.001987,0.173415,-0.001422
0.3,102,6,3.6,0.063,-0.139145658,0.616257996,-0.005053305,-0.001987,0.173415,-0.001422
0.3,102,6,3.7,0.06475,-0.135384965,0.599602374,-0.004916729,-0.001987,0.173415,-0.001422
0.3,102,6,3.8,0.0665,-0.131822203,0.583823364,-0.004787341,-0.001987,0.173415,-0.001422
0.3,102,6,3.9,0.06825,-0.128442146,0.568853535,-0.004664589,-0.001987,0.173415,-0.001422
0.3,102,6,4,0.07,-0.125231092,0.554632196,-0.004547974,-0.001987,0.173415,-0.001422
0.3,102,6,4.1,0.07175,-0.122176676,0.541105,-0.004437,-0.001987,0.173415,-0.001422
0.3,102,6,4.2,0.0735,-0.119267707,0.528221,-0.0043314,-0.001987,0.173415,-0.001422
0.3,102,6,4.3,0.07525,-0.116494039,0.515937,-0.0042307,-0.001987,0.173415,-0.001422
0.3,102,6,4.4,0.077,-0.113846448,0.504211,-0.0041345,-0.001987,0.173415,-0.001422
0.3,102,6,4.5,0.07875,-0.111316527,0.493006,-0.0040426,-0.001987,0.173415,-0.001422
0.3,102,6,4.6,0.0805,-0.108896602,0.482289,-0.0039548,-0.001987,0.173415,-0.001422
0.3,102,6,4.7,0.08225,-0.106579653,0.472027,-0.0038706,-0.001987,0.173415,-0.001422
0.3,102,6,4.8,0.084,-0.104359244,0.462193,-0.00379,-0.001987,0.173415,-0.001422
0.3,102,6,4.9,0.08575,-0.102229463,0.452761,-0.0037126,-0.001987,0.173415,-0.001422
0.3,102,6,5,0.0875,-0.100184874,0.443706,-0.0036384,-0.001987,0.173415,-0.001422
0.3,102,6,5.1,0.08925,-0.098220465,0.435006,-0.003567,-0.001987,0.173415,-0.001422
0.3,102,6,5.2,0.091,-0.09633161,0.42664,-0.0034984,-0.001987,0.173415,-0.001422
0.3,102,6,5.3,0.09275,-0.094514032,0.41859,-0.0034324,-0.001987,0.173415,-0.001422
0.3,102,6,5.4,0.0945,-0.092763772,0.410839,-0.0033689,-0.001987,0.173415,-0.001422
0.3,102,6,5.5,0.09625,-0.091077158,0.403369,-0.0033076,-0.001987,0.173415,-0.001422
0.3,102,6,5.6,0.098,-0.08945078,0.396166,-0.0032486,-0.001987,0.173415,-0.001422
0.3,102,6,5.7,0.09975,-0.087881468,0.389216,-0.0031916,-0.001987,0.173415,-0.001422
0.3,102,6,5.8,0.1015,-0.086366271,0.382505,-0.0031365,-0.001987,0.173415,-0.001422
0.3,102,6,5.9,0.10325,-0.084902436,0.376022,-0.0030834,-0.001987,0.173415,-0.001422
0.3,102,6,6,0.105,-0.083487395,0.369755,-0.003032,-0.001987,0.173415,-0.001422
0.3,102,6,6.1,0.10675,-0.082118749,0.363693,-0.0029823,-0.001987,0.173415,-0.001422
0.3,102,6,6.2,0.1085,-0.080794253,0.357827,-0.0029342,-0.001987,0.173415,-0.001422
0.3,102,6,6.3,0.11025,-0.079511805,0.352147,-0.0028876,-0.001987,0.173415,-0.001422
0.3,102,6,6.4,0.112,-0.078269433,0.346645,-0.0028425,-0.001987,0.173415,-0.001422
0.3,102,6,6.5,0.11375,-0.077065288,0.341312,-0.0027988,-0.001987,0.173415,-0.001422
0.3,102,6,6.6,0.1155,-0.075897632,0.336141,-0.0027563,-0.001987,0.173415,-0.001422
0.3,102,6,6.7,0.11725,-0.074764831,0.331124,-0.0027152,-0.001987,0.173415,-0.001422
0.3,102,6,6.8,0.119,-0.073665348,0.326254,-0.0026753,-0.001987,0.173415,-0.001422
0.3,102,6,6.9,0.12075,-0.072597735,0.321526,-0.0026365,-0.001987,0.173415,-0.001422
0.3,102,6,7,0.1225,-0.071560624,0.316933,-0.0025988,-0.001987,0.173415,-0.001422
0.3,102,6,7.1,0.12425,-0.070552728,0.312469,-0.0025622,-0.001987,0.173415,-0.001422
0.3,102,6,7.2,0.126,-0.069572829,0.308129,-0.0025267,-0.001987,0.173415,-0.001422
0.3,102,6,7.3,0.12775,-0.068619777,0.303908,-0.002492,-0.001987,0.173415,-0.001422
0.3,102,6,7.4,0.1295,-0.067692482,0.299801,-0.0024584,-0.001987,0.173415,-0.001422
0.3,102,6,7.5,0.13125,-0.066789916,0.295804,-0.0024256,-0.001987,0.173415,-0.001422
0.3,102,6,7.6,0.133,-0.065911101,0.291912,-0.0023937,-0.001987,0.173415,-0.001422
0.3,102,6,7.7,0.13475,-0.065055113,0.288121,-0.0023626,-0.001987,0.173415,-0.001422
0.3,102,6,7.8,0.1365,-0.064221073,0.284427,-0.0023323,-0.001987,0.173415,-0.001422
0.3,102,6,7.9,0.13825,-0.063408148,0.280826,-0.0023028,-0.001987,0.173415,-0.001422
0.3,102,6,8,0.14,-0.062615546,0.277316,-0.002274,-0.001987,0.173415,-0.001422
0.5,170,6,0.1,0.00175,-3.697478992,39.99701493,-0.089765458,-0.00088,0.187586,-0.000421
0.5,170,6,0.2,0.0035,-1.848739496,19.99850746,-0.044882729,-0.00088,0.187586,-0.000421
0.5,170,6,0.3,0.00525,-1.232492997,13.33233831,-0.029921819,-0.00088,0.187586,-0.000421
0.5,170,6,0.4,0.007,-0.924369748,9.999253731,-0.022441365,-0.00088,0.187586,-0.000421
0.5,170,6,0.5,0.00875,-0.739495798,7.999402985,-0.017953092,-0.00088,0.187586,-0.000421
0.5,170,6,0.6,0.0105,-0.616246499,6.666169154,-0.01496091,-0.00088,0.187586,-0.000421
0.5,170,6,0.7,0.01225,-0.528211285,5.713859275,-0.012823637,-0.00088,0.187586,-0.000421
0.5,170,6,0.8,0.014,-0.462184874,4.999626866,-0.011220682,-0.00088,0.187586,-0.000421
0.5,170,6,0.9,0.01575,-0.410830999,4.444112769,-0.00997394,-0.00088,0.187586,-0.000421
0.5,170,6,1,0.0175,-0.369747899,3.999701493,-0.008976546,-0.00088,0.187586,-0.000421
0.5,170,6,1.1,0.01925,-0.336134454,3.636092266,-0.008160496,-0.00088,0.187586,-0.000421
0.5,170,6,1.2,0.021,-0.308123249,3.333084577,-0.007480455,-0.00088,0.187586,-0.000421
0.5,170,6,1.3,0.02275,-0.284421461,3.076693456,-0.006905035,-0.00088,0.187586,-0.000421
0.5,170,6,1.4,0.0245,-0.264105642,2.856929638,-0.006411818,-0.00088,0.187586,-0.000421
0.5,170,6,1.5,0.02625,-0.246498599,2.666467662,-0.005984364,-0.00088,0.187586,-0.000421
0.5,170,6,1.6,0.028,-0.231092437,2.499813433,-0.005610341,-0.00088,0.187586,-0.000421
0.5,170,6,1.7,0.02975,-0.217498764,2.352765584,-0.005280321,-0.00088,0.187586,-0.000421
0.5,170,6,1.8,0.0315,-0.2054155,2.222056385,-0.00498697,-0.00088,0.187586,-0.000421
0.5,170,6,1.9,0.03325,-0.194604157,2.105106049,-0.004724498,-0.00088,0.187586,-0.000421
0.5,170,6,2,0.035,-0.18487395,1.999850746,-0.004488273,-0.00088,0.187586,-0.000421
0.5,170,6,2.1,0.03675,-0.176070428,1.904619758,-0.004274546,-0.00088,0.187586,-0.000421
0.5,170,6,2.2,0.0385,-0.168067227,1.818046133,-0.004080248,-0.00088,0.187586,-0.000421
0.5,170,6,2.3,0.04025,-0.160759956,1.739000649,-0.003902846,-0.00088,0.187586,-0.000421
0.5,170,6,2.4,0.042,-0.154061625,1.666542289,-0.003740227,-0.00088,0.187586,-0.000421
0.5,170,6,2.5,0.04375,-0.14789916,1.599880597,-0.003590618,-0.00088,0.187586,-0.000421
0.5,170,6,2.6,0.0455,-0.14221073,1.538346728,-0.003452518,-0.00088,0.187586,-0.000421
0.5,170,6,2.7,0.04725,-0.136943666,1.481370923,-0.003324647,-0.00088,0.187586,-0.000421
0.5,170,6,2.8,0.049,-0.132052821,1.428464819,-0.003205909,-0.00088,0.187586,-0.000421
0.5,170,6,2.9,0.05075,-0.127499276,1.379207411,-0.003095361,-0.00088,0.187586,-0.000421
0.5,170,6,3,0.0525,-0.1232493,1.333233831,-0.002992182,-0.00088,0.187586,-0.000421
0.5,170,6,3.1,0.05425,-0.119273516,1.290226288,-0.00289566,-0.00088,0.187586,-0.000421
0.5,170,6,3.2,0.056,-0.115546218,1.249906716,-0.002805171,-0.00088,0.187586,-0.000421
0.5,170,6,3.3,0.05775,-0.112044818,1.212030755,-0.002720165,-0.00088,0.187586,-0.000421
0.5,170,6,3.4,0.0595,-0.108749382,1.176382792,-0.002640161,-0.00088,0.187586,-0.000421
0.5,170,6,3.5,0.06125,-0.105642257,1.142771855,-0.002564727,-0.00088,0.187586,-0.000421
0.5,170,6,3.6,0.063,-0.10270775,1.111028192,-0.002493485,-0.00088,0.187586,-0.000421
0.5,170,6,3.7,0.06475,-0.099931865,1.081000403,-0.002426093,-0.00088,0.187586,-0.000421
0.5,170,6,3.8,0.0665,-0.097302079,1.052553024,-0.002362249,-0.00088,0.187586,-0.000421
0.5,170,6,3.9,0.06825,-0.094807154,1.025564485,-0.002301678,-0.00088,0.187586,-0.000421
0.5,170,6,4,0.07,-0.092436975,0.999925373,-0.002244136,-0.00088,0.187586,-0.000421
0.5,170,6,4.1,0.07175,-0.090182414,0.975537,-0.0021894,-0.00088,0.187586,-0.000421
0.5,170,6,4.2,0.0735,-0.088035214,0.95231,-0.0021373,-0.00088,0.187586,-0.000421
0.5,170,6,4.3,0.07525,-0.085987884,0.930163,-0.0020876,-0.00088,0.187586,-0.000421
0.5,170,6,4.4,0.077,-0.084033613,0.909023,-0.0020401,-0.00088,0.187586,-0.000421
0.5,170,6,4.5,0.07875,-0.0821662,0.888823,-0.0019948,-0.00088,0.187586,-0.000421
0.5,170,6,4.6,0.0805,-0.080379978,0.8695,-0.0019514,-0.00088,0.187586,-0.000421
0.5,170,6,4.7,0.08225,-0.078669766,0.851,-0.0019099,-0.00088,0.187586,-0.000421
0.5,170,6,4.8,0.084,-0.077030812,0.833271,-0.0018701,-0.00088,0.187586,-0.000421
0.5,170,6,4.9,0.08575,-0.075458755,0.816266,-0.0018319,-0.00088,0.187586,-0.000421
0.5,170,6,5,0.0875,-0.07394958,0.79994,-0.0017953,-0.00088,0.187586,-0.000421
0.5,170,6,5.1,0.08925,-0.072499588,0.784255,-0.0017601,-0.00088,0.187586,-0.000421
0.5,170,6,5.2,0.091,-0.071105365,0.769173,-0.0017263,-0.00088,0.187586,-0.000421
0.5,170,6,5.3,0.09275,-0.069763755,0.754661,-0.0016937,-0.00088,0.187586,-0.000421
0.5,170,6,5.4,0.0945,-0.068471833,0.740685,-0.0016623,-0.00088,0.187586,-0.000421
0.5,170,6,5.5,0.09625,-0.067226891,0.727218,-0.0016321,-0.00088,0.187586,-0.000421
0.5,170,6,5.6,0.098,-0.066026411,0.714232,-0.001603,-0.00088,0.187586,-0.000421
0.5,170,6,5.7,0.09975,-0.064868052,0.701702,-0.0015748,-0.00088,0.187586,-0.000421
0.5,170,6,5.8,0.1015,-0.063749638,0.689604,-0.0015477,-0.00088,0.187586,-0.000421
0.5,170,6,5.9,0.10325,-0.062669135,0.677916,-0.0015214,-0.00088,0.187586,-0.000421
0.5,170,6,6,0.105,-0.06162465,0.666617,-0.0014961,-0.00088,0.187586,-0.000421
0.5,170,6,6.1,0.10675,-0.06061441,0.655689,-0.0014716,-0.00088,0.187586,-0.000421
0.5,170,6,6.2,0.1085,-0.059636758,0.645113,-0.0014478,-0.00088,0.187586,-0.000421
0.5,170,6,6.3,0.11025,-0.058690143,0.634873,-0.0014248,-0.00088,0.187586,-0.000421
0.5,170,6,6.4,0.112,-0.057773109,0.624953,-0.0014026,-0.00088,0.187586,-0.000421
0.5,170,6,6.5,0.11375,-0.056884292,0.615339,-0.001381,-0.00088,0.187586,-0.000421
0.5,170,6,6.6,0.1155,-0.056022409,0.606015,-0.0013601,-0.00088,0.187586,-0.000421
0.5,170,6,6.7,0.11725,-0.055186254,0.59697,-0.0013398,-0.00088,0.187586,-0.000421
0.5,170,6,6.8,0.119,-0.054374691,0.588191,-0.0013201,-0.00088,0.187586,-0.000421
0.5,170,6,6.9,0.12075,-0.053586652,0.579667,-0.0013009,-0.00088,0.187586,-0.000421
0.5,170,6,7,0.1225,-0.052821128,0.571386,-0.0012824,-0.00088,0.187586,-0.000421
0.5,170,6,7.1,0.12425,-0.052077169,0.563338,-0.0012643,-0.00088,0.187586,-0.000421
0.5,170,6,7.2,0.126,-0.051353875,0.555514,-0.0012467,-0.00088,0.187586,-0.000421
0.5,170,6,7.3,0.12775,-0.050650397,0.547904,-0.0012297,-0.00088,0.187586,-0.000421
0.5,170,6,7.4,0.1295,-0.049965932,0.5405,-0.001213,-0.00088,0.187586,-0.000421
0.5,170,6,7.5,0.13125,-0.04929972,0.533294,-0.0011969,-0.00088,0.187586,-0.000421
0.5,170,6,7.6,0.133,-0.048651039,0.526277,-0.0011811,-0.00088,0.187586,-0.000421
0.5,170,6,7.7,0.13475,-0.048019208,0.519442,-0.0011658,-0.00088,0.187586,-0.000421
0.5,170,6,7.8,0.1365,-0.047403577,0.512782,-0.0011508,-0.00088,0.187586,-0.000421
0.5,170,6,7.9,0.13825,-0.046803532,0.506291,-0.0011363,-0.00088,0.187586,-0.000421
0.5,170,6,8,0.14,-0.046218487,0.499963,-0.0011221,-0.00088,0.187586,-0.000421
0.6,204,6,0.1,0.00175,-4.512605042,45.6982516,-0.10336887,-0.000895,0.178604,-0.000404
0.6,204,6,0.2,0.0035,-2.256302521,22.8491258,-0.051684435,-0.000895,0.178604,-0.000404
0.6,204,6,0.3,0.00525,-1.504201681,15.23275053,-0.03445629,-0.000895,0.178604,-0.000404
0.6,204,6,0.4,0.007,-1.128151261,11.4245629,-0.025842217,-0.000895,0.178604,-0.000404
0.6,204,6,0.5,0.00875,-0.902521008,9.13965032,-0.020673774,-0.000895,0.178604,-0.000404
0.6,204,6,0.6,0.0105,-0.75210084,7.616375267,-0.017228145,-0.000895,0.178604,-0.000404
0.6,204,6,0.7,0.01225,-0.644657863,6.528321657,-0.014766981,-0.000895,0.178604,-0.000404
0.6,204,6,0.8,0.014,-0.56407563,5.71228145,-0.012921109,-0.000895,0.178604,-0.000404
0.6,204,6,0.9,0.01575,-0.50140056,5.077583511,-0.01148543,-0.000895,0.178604,-0.000404
0.6,204,6,1,0.0175,-0.451260504,4.56982516,-0.010336887,-0.000895,0.178604,-0.000404
0.6,204,6,1.1,0.01925,-0.410236822,4.154386509,-0.00939717,-0.000895,0.178604,-0.000404
0.6,204,6,1.2,0.021,-0.37605042,3.808187633,-0.008614072,-0.000895,0.178604,-0.000404
0.6,204,6,1.3,0.02275,-0.347123465,3.515250123,-0.007951452,-0.000895,0.178604,-0.000404
0.6,204,6,1.4,0.0245,-0.322328932,3.264160829,-0.007383491,-0.000895,0.178604,-0.000404
0.6,204,6,1.5,0.02625,-0.300840336,3.046550107,-0.006891258,-0.000895,0.178604,-0.000404
0.6,204,6,1.6,0.028,-0.282037815,2.856140725,-0.006460554,-0.000895,0.178604,-0.000404
0.6,204,6,1.7,0.02975,-0.265447355,2.688132447,-0.006080522,-0.000895,0.178604,-0.000404
0.6,204,6,1.8,0.0315,-0.25070028,2.538791756,-0.005742715,-0.000895,0.178604,-0.000404
0.6,204,6,1.9,0.03325,-0.237505529,2.405171137,-0.005440467,-0.000895,0.178604,-0.000404
0.6,204,6,2,0.035,-0.225630252,2.28491258,-0.005168443,-0.000895,0.178604,-0.000404
0.6,204,6,2.1,0.03675,-0.214885954,2.176107219,-0.004922327,-0.000895,0.178604,-0.000404
0.6,204,6,2.2,0.0385,-0.205118411,2.077193255,-0.004698585,-0.000895,0.178604,-0.000404
0.6,204,6,2.3,0.04025,-0.196200219,1.986880504,-0.004494299,-0.000895,0.178604,-0.000404
0.6,204,6,2.4,0.042,-0.18802521,1.904093817,-0.004307036,-0.000895,0.178604,-0.000404
0.6,204,6,2.5,0.04375,-0.180504202,1.827930064,-0.004134755,-0.000895,0.178604,-0.000404
0.6,204,6,2.6,0.0455,-0.173561732,1.757625062,-0.003975726,-0.000895,0.178604,-0.000404
0.6,204,6,2.7,0.04725,-0.16713352,1.692527837,-0.003828477,-0.000895,0.178604,-0.000404
0.6,204,6,2.8,0.049,-0.161164466,1.632080414,-0.003691745,-0.000895,0.178604,-0.000404
0.6,204,6,2.9,0.05075,-0.15560707,1.575801779,-0.003564444,-0.000895,0.178604,-0.000404
0.6,204,6,3,0.0525,-0.150420168,1.523275053,-0.003445629,-0.000895,0.178604,-0.000404
0.6,204,6,3.1,0.05425,-0.145567905,1.474137148,-0.00333448,-0.000895,0.178604,-0.000404
0.6,204,6,3.2,0.056,-0.141018908,1.428070362,-0.003230277,-0.000895,0.178604,-0.000404
0.6,204,6,3.3,0.05775,-0.136745607,1.384795503,-0.00313239,-0.000895,0.178604,-0.000404
0.6,204,6,3.4,0.0595,-0.132723678,1.344066224,-0.003040261,-0.000895,0.178604,-0.000404
0.6,204,6,3.5,0.06125,-0.128931573,1.305664331,-0.002953396,-0.000895,0.178604,-0.000404
0.6,204,6,3.6,0.063,-0.12535014,1.269395878,-0.002871357,-0.000895,0.178604,-0.000404
0.6,204,6,3.7,0.06475,-0.121962298,1.235087881,-0.002793753,-0.000895,0.178604,-0.000404
0.6,204,6,3.8,0.0665,-0.118752764,1.202585568,-0.002720233,-0.000895,0.178604,-0.000404
0.6,204,6,3.9,0.06825,-0.115707822,1.171750041,-0.002650484,-0.000895,0.178604,-0.000404
0.6,204,6,4,0.07,-0.112815126,1.14245629,-0.002584222,-0.000895,0.178604,-0.000404
0.6,204,6,4.1,0.07175,-0.110063538,1.114592,-0.0025212,-0.000895,0.178604,-0.000404
0.6,204,6,4.2,0.0735,-0.107442977,1.088054,-0.0024612,-0.000895,0.178604,-0.000404
0.6,204,6,4.3,0.07525,-0.104944303,1.06275,-0.0024039,-0.000895,0.178604,-0.000404
0.6,204,6,4.4,0.077,-0.102559206,1.038597,-0.0023493,-0.000895,0.178604,-0.000404
0.6,204,6,4.5,0.07875,-0.100280112,1.015517,-0.0022971,-0.000895,0.178604,-0.000404
0.6,204,6,4.6,0.0805,-0.09810011,0.99344,-0.0022471,-0.000895,0.178604,-0.000404
0.6,204,6,4.7,0.08225,-0.096012873,0.972303,-0.0021993,-0.000895,0.178604,-0.000404
0.6,204,6,4.8,0.084,-0.094012605,0.952047,-0.0021535,-0.000895,0.178604,-0.000404
0.6,204,6,4.9,0.08575,-0.09209398,0.932617,-0.0021096,-0.000895,0.178604,-0.000404
0.6,204,6,5,0.0875,-0.090252101,0.913965,-0.0020674,-0.000895,0.178604,-0.000404
0.6,204,6,5.1,0.08925,-0.088482452,0.896044,-0.0020268,-0.000895,0.178604,-0.000404
0.6,204,6,5.2,0.091,-0.086780866,0.878813,-0.0019879,-0.000895,0.178604,-0.000404
0.6,204,6,5.3,0.09275,-0.085143491,0.862231,-0.0019504,-0.000895,0.178604,-0.000404
0.6,204,6,5.4,0.0945,-0.08356676,0.846264,-0.0019142,-0.000895,0.178604,-0.000404
0.6,204,6,5.5,0.09625,-0.082047364,0.830877,-0.0018794,-0.000895,0.178604,-0.000404
0.6,204,6,5.6,0.098,-0.080582233,0.81604,-0.0018459,-0.000895,0.178604,-0.000404
0.6,204,6,5.7,0.09975,-0.07916851,0.801724,-0.0018135,-0.000895,0.178604,-0.000404
0.6,204,6,5.8,0.1015,-0.077803535,0.787901,-0.0017822,-0.000895,0.178604,-0.000404
0.6,204,6,5.9,0.10325,-0.076484831,0.774547,-0.001752,-0.000895,0.178604,-0.000404
0.6,204,6,6,0.105,-0.075210084,0.761638,-0.0017228,-0.000895,0.178604,-0.000404
0.6,204,6,6.1,0.10675,-0.073977132,0.749152,-0.0016946,-0.000895,0.178604,-0.000404
0.6,204,6,6.2,0.1085,-0.072783952,0.737069,-0.0016672,-0.000895,0.178604,-0.000404
0.6,204,6,6.3,0.11025,-0.071628651,0.725369,-0.0016408,-0.000895,0.178604,-0.000404
0.6,204,6,6.4,0.112,-0.070509454,0.714035,-0.0016151,-0.000895,0.178604,-0.000404
0.6,204,6,6.5,0.11375,-0.069424693,0.70305,-0.0015903,-0.000895,0.178604,-0.000404
0.6,204,6,6.6,0.1155,-0.068372804,0.692398,-0.0015662,-0.000895,0.178604,-0.000404
0.6,204,6,6.7,0.11725,-0.067352314,0.682063,-0.0015428,-0.000895,0.178604,-0.000404
0.6,204,6,6.8,0.119,-0.066361839,0.672033,-0.0015201,-0.000895,0.178604,-0.000404
0.6,204,6,6.9,0.12075,-0.065400073,0.662294,-0.0014981,-0.000895,0.178604,-0.000404
0.6,204,6,7,0.1225,-0.064465786,0.652832,-0.0014767,-0.000895,0.178604,-0.000404
0.6,204,6,7.1,0.12425,-0.063557817,0.643637,-0.0014559,-0.000895,0.178604,-0.000404
0.6,204,6,7.2,0.126,-0.06267507,0.634698,-0.0014357,-0.000895,0.178604,-0.000404
0.6,204,6,7.3,0.12775,-0.061816507,0.626003,-0.001416,-0.000895,0.178604,-0.000404
0.6,204,6,7.4,0.1295,-0.060981149,0.617544,-0.0013969,-0.000895,0.178604,-0.000404
0.6,204,6,7.5,0.13125,-0.060168067,0.60931,-0.0013783,-0.000895,0.178604,-0.000404
0.6,204,6,7.6,0.133,-0.059376382,0.601293,-0.0013601,-0.000895,0.178604,-0.000404
0.6,204,6,7.7,0.13475,-0.05860526,0.593484,-0.0013425,-0.000895,0.178604,-0.000404
0.6,204,6,7.8,0.1365,-0.057853911,0.585875,-0.0013252,-0.000895,0.178604,-0.000404
0.6,204,6,7.9,0.13825,-0.057121583,0.578459,-0.0013085,-0.000895,0.178604,-0.000404
0.6,204,6,8,0.14,-0.056407563,0.571228,-0.0012921,-0.000895,0.178604,-0.000404
0.7,238,6,0.1,0.00175,-2.741176471,81.47522388,0.013134328,-0.000466,0.272942,0.000044
0.7,238,6,0.2,0.0035,-1.370588235,40.73761194,0.006567164,-0.000466,0.272942,0.000044
0.7,238,6,0.3,0.00525,-0.91372549,27.15840796,0.004378109,-0.000466,0.272942,0.000044
0.7,238,6,0.4,0.007,-0.685294118,20.36880597,0.003283582,-0.000466,0.272942,0.000044
0.7,238,6,0.5,0.00875,-0.548235294,16.29504478,0.002626866,-0.000466,0.272942,0.000044
0.7,238,6,0.6,0.0105,-0.456862745,13.57920398,0.002189055,-0.000466,0.272942,0.000044
0.7,238,6,0.7,0.01225,-0.391596639,11.6393177,0.001876333,-0.000466,0.272942,0.000044
0.7,238,6,0.8,0.014,-0.342647059,10.18440299,0.001641791,-0.000466,0.272942,0.000044
0.7,238,6,0.9,0.01575,-0.304575163,9.052802653,0.00145937,-0.000466,0.272942,0.000044
0.7,238,6,1,0.0175,-0.274117647,8.147522388,0.001313433,-0.000466,0.272942,0.000044
0.7,238,6,1.1,0.01925,-0.249197861,7.406838535,0.00119403,-0.000466,0.272942,0.000044
0.7,238,6,1.2,0.021,-0.228431373,6.78960199,0.001094527,-0.000466,0.272942,0.000044
0.7,238,6,1.3,0.02275,-0.210859729,6.267324914,0.001010333,-0.000466,0.272942,0.000044
0.7,238,6,1.4,0.0245,-0.195798319,5.819658849,0.000938166,-0.000466,0.272942,0.000044
0.7,238,6,1.5,0.02625,-0.182745098,5.431681592,0.000875622,-0.000466,0.272942,0.000044
0.7,238,6,1.6,0.028,-0.171323529,5.092201493,0.000820896,-0.000466,0.272942,0.000044
0.7,238,6,1.7,0.02975,-0.161245675,4.792660228,0.000772608,-0.000466,0.272942,0.000044
0.7,238,6,1.8,0.0315,-0.152287582,4.526401327,0.000729685,-0.000466,0.272942,0.000044
0.7,238,6,1.9,0.03325,-0.144272446,4.288169678,0.00069128,-0.000466,0.272942,0.000044
0.7,238,6,2,0.035,-0.137058824,4.073761194,0.000656716,-0.000466,0.272942,0.000044
0.7,238,6,2.1,0.03675,-0.130532213,3.879772566,0.000625444,-0.000466,0.272942,0.000044
0.7,238,6,2.2,0.0385,-0.12459893,3.703419267,0.000597015,-0.000466,0.272942,0.000044
0.7,238,6,2.3,0.04025,-0.119181586,3.542401038,0.000571058,-0.000466,0.272942,0.000044
0.7,238,6,2.4,0.042,-0.114215686,3.394800995,0.000547264,-0.000466,0.272942,0.000044
0.7,238,6,2.5,0.04375,-0.109647059,3.259008955,0.000525373,-0.000466,0.272942,0.000044
0.7,238,6,2.6,0.0455,-0.105429864,3.133662457,0.000505166,-0.000466,0.272942,0.000044
0.7,238,6,2.7,0.04725,-0.101525054,3.017600884,0.000486457,-0.000466,0.272942,0.000044
0.7,238,6,2.8,0.049,-0.09789916,2.909829424,0.000469083,-0.000466,0.272942,0.000044
0.7,238,6,2.9,0.05075,-0.094523327,2.809490479,0.000452908,-0.000466,0.272942,0.000044
0.7,238,6,3,0.0525,-0.091372549,2.715840796,0.000437811,-0.000466,0.272942,0.000044
0.7,238,6,3.1,0.05425,-0.088425047,2.628233028,0.000423688,-0.000466,0.272942,0.000044
0.7,238,6,3.2,0.056,-0.085661765,2.546100746,0.000410448,-0.000466,0.272942,0.000044
0.7,238,6,3.3,0.05775,-0.083065954,2.468946178,0.00039801,-0.000466,0.272942,0.000044
0.7,238,6,3.4,0.0595,-0.080622837,2.396330114,0.000386304,-0.000466,0.272942,0.000044
0.7,238,6,3.5,0.06125,-0.078319328,2.327863539,0.000375267,-0.000466,0.272942,0.000044
0.7,238,6,3.6,0.063,-0.076143791,2.263200663,0.000364842,-0.000466,0.272942,0.000044
0.7,238,6,3.7,0.06475,-0.074085851,2.202033078,0.000354982,-0.000466,0.272942,0.000044
0.7,238,6,3.8,0.0665,-0.072136223,2.144084839,0.00034564,-0.000466,0.272942,0.000044
0.7,238,6,3.9,0.06825,-0.070286576,2.089108305,0.000336778,-0.000466,0.272942,0.000044
0.7,238,6,4,0.07,-0.068529412,2.036880597,0.000328358,-0.000466,0.272942,0.000044
0.7,238,6,4.1,0.07175,-0.066857963,1.987201,0.0003203,-0.000466,0.272942,0.000044
0.7,238,6,4.2,0.0735,-0.065266106,1.939886,0.0003127,-0.000466,0.272942,0.000044
0.7,238,6,4.3,0.07525,-0.06374829,1.894773,0.0003054,-0.000466,0.272942,0.000044
0.7,238,6,4.4,0.077,-0.062299465,1.85171,0.0002985,-0.000466,0.272942,0.000044
0.7,238,6,4.5,0.07875,-0.060915033,1.810561,0.0002919,-0.000466,0.272942,0.000044
0.7,238,6,4.6,0.0805,-0.059590793,1.771201,0.0002855,-0.000466,0.272942,0.000044
0.7,238,6,4.7,0.08225,-0.058322904,1.733515,0.0002795,-0.000466,0.272942,0.000044
0.7,238,6,4.8,0.084,-0.057107843,1.6974,0.0002736,-0.000466,0.272942,0.000044
0.7,238,6,4.9,0.08575,-0.055942377,1.66276,0.000268,-0.000466,0.272942,0.000044
0.7,238,6,5,0.0875,-0.054823529,1.629504,0.0002627,-0.000466,0.272942,0.000044
0.7,238,6,5.1,0.08925,-0.053748558,1.597553,0.0002575,-0.000466,0.272942,0.000044
0.7,238,6,5.2,0.091,-0.052714932,1.566831,0.0002526,-0.000466,0.272942,0.000044
0.7,238,6,5.3,0.09275,-0.051720311,1.537268,0.0002478,-0.000466,0.272942,0.000044
0.7,238,6,5.4,0.0945,-0.050762527,1.5088,0.0002432,-0.000466,0.272942,0.000044
0.7,238,6,5.5,0.09625,-0.049839572,1.481368,0.0002388,-0.000466,0.272942,0.000044
0.7,238,6,5.6,0.098,-0.04894958,1.454915,0.0002345,-0.000466,0.272942,0.000044
0.7,238,6,5.7,0.09975,-0.048090815,1.42939,0.0002304,-0.000466,0.272942,0.000044
0.7,238,6,5.8,0.1015,-0.047261663,1.404745,0.0002265,-0.000466,0.272942,0.000044
0.7,238,6,5.9,0.10325,-0.046460618,1.380936,0.0002226,-0.000466,0.272942,0.000044
0.7,238,6,6,0.105,-0.045686275,1.35792,0.0002189,-0.000466,0.272942,0.000044
0.7,238,6,6.1,0.10675,-0.044937319,1.335659,0.0002153,-0.000466,0.272942,0.000044
0.7,238,6,6.2,0.1085,-0.044212524,1.314117,0.0002118,-0.000466,0.272942,0.000044
0.7,238,6,6.3,0.11025,-0.043510738,1.293258,0.0002085,-0.000466,0.272942,0.000044
0.7,238,6,6.4,0.112,-0.042830882,1.27305,0.0002052,-0.000466,0.272942,0.000044
0.7,238,6,6.5,0.11375,-0.042171946,1.253465,0.0002021,-0.000466,0.272942,0.000044
0.7,238,6,6.6,0.1155,-0.041532977,1.234473,0.000199,-0.000466,0.272942,0.000044
0.7,238,6,6.7,0.11725,-0.040913082,1.216048,0.000196,-0.000466,0.272942,0.000044
0.7,238,6,6.8,0.119,-0.040311419,1.198165,0.0001932,-0.000466,0.272942,0.000044
0.7,238,6,6.9,0.12075,-0.039727195,1.1808,0.0001904,-0.000466,0.272942,0.000044
0.7,238,6,7,0.1225,-0.039159664,1.163932,0.0001876,-0.000466,0.272942,0.000044
0.7,238,6,7.1,0.12425,-0.038608119,1.147538,0.000185,-0.000466,0.272942,0.000044
0.7,238,6,7.2,0.126,-0.038071895,1.1316,0.0001824,-0.000466,0.272942,0.000044
0.7,238,6,7.3,0.12775,-0.037550363,1.116099,0.0001799,-0.000466,0.272942,0.000044
0.7,238,6,7.4,0.1295,-0.037042925,1.101017,0.0001775,-0.000466,0.272942,0.000044
0.7,238,6,7.5,0.13125,-0.03654902,1.086336,0.0001751,-0.000466,0.272942,0.000044
0.7,238,6,7.6,0.133,-0.036068111,1.072042,0.0001728,-0.000466,0.272942,0.000044
0.7,238,6,7.7,0.13475,-0.035599694,1.05812,0.0001706,-0.000466,0.272942,0.000044
0.7,238,6,7.8,0.1365,-0.035143288,1.044554,0.0001684,-0.000466,0.272942,0.000044
0.7,238,6,7.9,0.13825,-0.034698436,1.031332,0.0001663,-0.000466,0.272942,0.000044
0.7,238,6,8,0.14,-0.034264706,1.01844,0.0001642,-0.000466,0.272942,0.000044
0.83,278.8,6,0.1,0.00175,-1.415882353,122.8258422,0.04884435,-0.000203,0.34702,0.000138
0.83,278.8,6,0.2,0.0035,-0.707941176,61.41292111,0.024422175,-0.000203,0.34702,0.000138
0.83,278.8,6,0.3,0.00525,-0.471960784,40.94194741,0.01628145,-0.000203,0.34702,0.000138
0.83,278.8,6,0.4,0.007,-0.353970588,30.70646055,0.012211087,-0.000203,0.34702,0.000138
0.83,278.8,6,0.5,0.00875,-0.283176471,24.56516844,0.00976887,-0.000203,0.34702,0.000138
0.83,278.8,6,0.6,0.0105,-0.235980392,20.4709737,0.008140725,-0.000203,0.34702,0.000138
0.83,278.8,6,0.7,0.01225,-0.202268908,17.54654889,0.006977764,-0.000203,0.34702,0.000138
0.83,278.8,6,0.8,0.014,-0.176985294,15.35323028,0.006105544,-0.000203,0.34702,0.000138
0.83,278.8,6,0.9,0.01575,-0.157320261,13.6473158,0.00542715,-0.000203,0.34702,0.000138
0.83,278.8,6,1,0.0175,-0.141588235,12.28258422,0.004884435,-0.000203,0.34702,0.000138
0.83,278.8,6,1.1,0.01925,-0.128716578,11.16598566,0.004440395,-0.000203,0.34702,0.000138
0.83,278.8,6,1.2,0.021,-0.117990196,10.23548685,0.004070362,-0.000203,0.34702,0.000138
0.83,278.8,6,1.3,0.02275,-0.108914027,9.448141709,0.003757258,-0.000203,0.34702,0.000138
0.83,278.8,6,1.4,0.0245,-0.101134454,8.773274444,0.003488882,-0.000203,0.34702,0.000138
0.83,278.8,6,1.5,0.02625,-0.094392157,8.188389481,0.00325629,-0.000203,0.34702,0.000138
0.83,278.8,6,1.6,0.028,-0.088492647,7.676615139,0.003052772,-0.000203,0.34702,0.000138
0.83,278.8,6,1.7,0.02975,-0.083287197,7.225049542,0.002873197,-0.000203,0.34702,0.000138
0.83,278.8,6,1.8,0.0315,-0.078660131,6.823657901,0.002713575,-0.000203,0.34702,0.000138
0.83,278.8,6,1.9,0.03325,-0.074520124,6.464518011,0.002570755,-0.000203,0.34702,0.000138
0.83,278.8,6,2,0.035,-0.070794118,6.141292111,0.002442217,-0.000203,0.34702,0.000138
0.83,278.8,6,2.1,0.03675,-0.067422969,5.848849629,0.002325921,-0.000203,0.34702,0.000138
0.83,278.8,6,2.2,0.0385,-0.064358289,5.582992828,0.002220198,-0.000203,0.34702,0.000138
0.83,278.8,6,2.3,0.04025,-0.061560102,5.340254009,0.002123667,-0.000203,0.34702,0.000138
0.83,278.8,6,2.4,0.042,-0.058995098,5.117743426,0.002035181,-0.000203,0.34702,0.000138
0.83,278.8,6,2.5,0.04375,-0.056635294,4.913033689,0.001953774,-0.000203,0.34702,0.000138
0.83,278.8,6,2.6,0.0455,-0.054457014,4.724070855,0.001878629,-0.000203,0.34702,0.000138
0.83,278.8,6,2.7,0.04725,-0.052440087,4.549105267,0.00180905,-0.000203,0.34702,0.000138
0.83,278.8,6,2.8,0.049,-0.050567227,4.386637222,0.001744441,-0.000203,0.34702,0.000138
0.83,278.8,6,2.9,0.05075,-0.048823529,4.23537387,0.001684288,-0.000203,0.34702,0.000138
0.83,278.8,6,3,0.0525,-0.047196078,4.094194741,0.001628145,-0.000203,0.34702,0.000138
0.83,278.8,6,3.1,0.05425,-0.045673624,3.962123942,0.001575624,-0.000203,0.34702,0.000138
0.83,278.8,6,3.2,0.056,-0.044246324,3.838307569,0.001526386,-0.000203,0.34702,0.000138
0.83,278.8,6,3.3,0.05775,-0.042905526,3.721995219,0.001480132,-0.000203,0.34702,0.000138
0.83,278.8,6,3.4,0.0595,-0.041643599,3.612524771,0.001436599,-0.000203,0.34702,0.000138
0.83,278.8,6,3.5,0.06125,-0.040453782,3.509309778,0.001395553,-0.000203,0.34702,0.000138
0.83,278.8,6,3.6,0.063,-0.039330065,3.41182895,0.001356787,-0.000203,0.34702,0.000138
0.83,278.8,6,3.7,0.06475,-0.038267091,3.319617357,0.001320118,-0.000203,0.34702,0.000138
0.83,278.8,6,3.8,0.0665,-0.037260062,3.232259006,0.001285378,-0.000203,0.34702,0.000138
0.83,278.8,6,3.9,0.06825,-0.036304676,3.14938057,0.001252419,-0.000203,0.34702,0.000138
0.83,278.8,6,4,0.07,-0.035397059,3.070646055,0.001221109,-0.000203,0.34702,0.000138
0.83,278.8,6,4.1,0.07175,-0.034533716,2.995752,0.0011913,-0.000203,0.34702,0.000138
0.83,278.8,6,4.2,0.0735,-0.033711485,2.924425,0.001163,-0.000203,0.34702,0.000138
0.83,278.8,6,4.3,0.07525,-0.032927497,2.856415,0.0011359,-0.000203,0.34702,0.000138
0.83,278.8,6,4.4,0.077,-0.032179144,2.791496,0.0011101,-0.000203,0.34702,0.000138
0.83,278.8,6,4.5,0.07875,-0.031464052,2.729463,0.0010854,-0.000203,0.34702,0.000138
0.83,278.8,6,4.6,0.0805,-0.030780051,2.670127,0.0010618,-0.000203,0.34702,0.000138
0.83,278.8,6,4.7,0.08225,-0.030125156,2.613316,0.0010392,-0.000203,0.34702,0.000138
0.83,278.8,6,4.8,0.084,-0.029497549,2.558872,0.0010176,-0.000203,0.34702,0.000138
0.83,278.8,6,4.9,0.08575,-0.028895558,2.50665,0.0009968,-0.000203,0.34702,0.000138
0.83,278.8,6,5,0.0875,-0.028317647,2.456517,0.0009769,-0.000203,0.34702,0.000138
0.83,278.8,6,5.1,0.08925,-0.027762399,2.40835,0.0009577,-0.000203,0.34702,0.000138
0.83,278.8,6,5.2,0.091,-0.027228507,2.362035,0.0009393,-0.000203,0.34702,0.000138
0.83,278.8,6,5.3,0.09275,-0.026714761,2.317469,0.0009216,-0.000203,0.34702,0.000138
0.83,278.8,6,5.4,0.0945,-0.026220044,2.274553,0.0009045,-0.000203,0.34702,0.000138
0.83,278.8,6,5.5,0.09625,-0.025743316,2.233197,0.0008881,-0.000203,0.34702,0.000138
0.83,278.8,6,5.6,0.098,-0.025283613,2.193319,0.0008722,-0.000203,0.34702,0.000138
0.83,278.8,6,5.7,0.09975,-0.024840041,2.154839,0.0008569,-0.000203,0.34702,0.000138
0.83,278.8,6,5.8,0.1015,-0.024411765,2.117687,0.0008421,-0.000203,0.34702,0.000138
0.83,278.8,6,5.9,0.10325,-0.023998006,2.081794,0.0008279,-0.000203,0.34702,0.000138
0.83,278.8,6,6,0.105,-0.023598039,2.047097,0.0008141,-0.000203,0.34702,0.000138
0.83,278.8,6,6.1,0.10675,-0.023211186,2.013538,0.0008007,-0.000203,0.34702,0.000138
0.83,278.8,6,6.2,0.1085,-0.022836812,1.981062,0.0007878,-0.000203,0.34702,0.000138
0.83,278.8,6,6.3,0.11025,-0.022474323,1.949617,0.0007753,-0.000203,0.34702,0.000138
0.83,278.8,6,6.4,0.112,-0.022123162,1.919154,0.0007632,-0.000203,0.34702,0.000138
0.83,278.8,6,6.5,0.11375,-0.021782805,1.889628,0.0007515,-0.000203,0.34702,0.000138
0.83,278.8,6,6.6,0.1155,-0.021452763,1.860998,0.0007401,-0.000203,0.34702,0.000138
0.83,278.8,6,6.7,0.11725,-0.021132572,1.833222,0.000729,-0.000203,0.34702,0.000138
0.83,278.8,6,6.8,0.119,-0.020821799,1.806262,0.0007183,-0.000203,0.34702,0.000138
0.83,278.8,6,6.9,0.12075,-0.020520034,1.780085,0.0007079,-0.000203,0.34702,0.000138
0.83,278.8,6,7,0.1225,-0.020226891,1.754655,0.0006978,-0.000203,0.34702,0.000138
0.83,278.8,6,7.1,0.12425,-0.019942005,1.729941,0.0006879,-0.000203,0.34702,0.000138
0.83,278.8,6,7.2,0.126,-0.019665033,1.705914,0.0006784,-0.000203,0.34702,0.000138
0.83,278.8,6,7.3,0.12775,-0.019395649,1.682546,0.0006691,-0.000203,0.34702,0.000138
0.83,278.8,6,7.4,0.1295,-0.019133545,1.659809,0.0006601,-0.000203,0.34702,0.000138
0.83,278.8,6,7.5,0.13125,-0.018878431,1.637678,0.0006513,-0.000203,0.34702,0.000138
0.83,278.8,6,7.6,0.133,-0.018630031,1.61613,0.0006427,-0.000203,0.34702,0.000138
0.83,278.8,6,7.7,0.13475,-0.018388083,1.595141,0.0006343,-0.000203,0.34702,0.000138
0.83,278.8,6,7.8,0.1365,-0.018152338,1.57469,0.0006262,-0.000203,0.34702,0.000138
0.83,278.8,6,7.9,0.13825,-0.017922561,1.554757,0.0006183,-0.000203,0.34702,0.000138
0.83,278.8,6,8,0.14,-0.017698529,1.535323,0.0006106,-0.000203,0.34702,0.000138
0.3,102,8,0.1,0.00175,-21.15378151,29.34537313,-0.485628998,-0.008391,0.229383,-0.003796
0.3,102,8,0.2,0.0035,-10.57689076,14.67268657,-0.242814499,-0.008391,0.229383,-0.003796
0.3,102,8,0.3,0.00525,-7.051260504,9.781791045,-0.161876333,-0.008391,0.229383,-0.003796
0.3,102,8,0.4,0.007,-5.288445378,7.336343284,-0.121407249,-0.008391,0.229383,-0.003796
0.3,102,8,0.5,0.00875,-4.230756303,5.869074627,-0.0971258,-0.008391,0.229383,-0.003796
0.3,102,8,0.6,0.0105,-3.525630252,4.890895522,-0.080938166,-0.008391,0.229383,-0.003796
0.3,102,8,0.7,0.01225,-3.021968788,4.192196162,-0.069375571,-0.008391,0.229383,-0.003796
0.3,102,8,0.8,0.014,-2.644222689,3.668171642,-0.060703625,-0.008391,0.229383,-0.003796
0.3,102,8,0.9,0.01575,-2.350420168,3.260597015,-0.053958778,-0.008391,0.229383,-0.003796
0.3,102,8,1,0.0175,-2.115378151,2.934537313,-0.0485629,-0.008391,0.229383,-0.003796
0.3,102,8,1.1,0.01925,-1.923071047,2.667761194,-0.044148091,-0.008391,0.229383,-0.003796
0.3,102,8,1.2,0.021,-1.762815126,2.445447761,-0.040469083,-0.008391,0.229383,-0.003796
0.3,102,8,1.3,0.02275,-1.627213963,2.257336395,-0.037356077,-0.008391,0.229383,-0.003796
0.3,102,8,1.4,0.0245,-1.510984394,2.096098081,-0.034687786,-0.008391,0.229383,-0.003796
0.3,102,8,1.5,0.02625,-1.410252101,1.956358209,-0.032375267,-0.008391,0.229383,-0.003796
0.3,102,8,1.6,0.028,-1.322111345,1.834085821,-0.030351812,-0.008391,0.229383,-0.003796
0.3,102,8,1.7,0.02975,-1.244340089,1.72619842,-0.028566412,-0.008391,0.229383,-0.003796
0.3,102,8,1.8,0.0315,-1.175210084,1.630298507,-0.026979389,-0.008391,0.229383,-0.003796
0.3,102,8,1.9,0.03325,-1.113356922,1.544493323,-0.025559421,-0.008391,0.229383,-0.003796
0.3,102,8,2,0.035,-1.057689076,1.467268657,-0.02428145,-0.008391,0.229383,-0.003796
0.3,102,8,2.1,0.03675,-1.007322929,1.397398721,-0.02312519,-0.008391,0.229383,-0.003796
0.3,102,8,2.2,0.0385,-0.961535523,1.333880597,-0.022074045,-0.008391,0.229383,-0.003796
0.3,102,8,2.3,0.04025,-0.919729631,1.275885788,-0.021114304,-0.008391,0.229383,-0.003796
0.3,102,8,2.4,0.042,-0.881407563,1.222723881,-0.020234542,-0.008391,0.229383,-0.003796
0.3,102,8,2.5,0.04375,-0.846151261,1.173814925,-0.01942516,-0.008391,0.229383,-0.003796
0.3,102,8,2.6,0.0455,-0.813606981,1.128668197,-0.018678038,-0.008391,0.229383,-0.003796
0.3,102,8,2.7,0.04725,-0.783473389,1.086865672,-0.017986259,-0.008391,0.229383,-0.003796
0.3,102,8,2.8,0.049,-0.755492197,1.048049041,-0.017343893,-0.008391,0.229383,-0.003796
0.3,102,8,2.9,0.05075,-0.729440742,1.011909418,-0.016745828,-0.008391,0.229383,-0.003796
0.3,102,8,3,0.0525,-0.70512605,0.978179104,-0.016187633,-0.008391,0.229383,-0.003796
0.3,102,8,3.1,0.05425,-0.682380049,0.94662494,-0.015665452,-0.008391,0.229383,-0.003796
0.3,102,8,3.2,0.056,-0.661055672,0.91704291,-0.015175906,-0.008391,0.229383,-0.003796
0.3,102,8,3.3,0.05775,-0.641023682,0.889253731,-0.01471603,-0.008391,0.229383,-0.003796
0.3,102,8,3.4,0.0595,-0.622170044,0.86309921,-0.014283206,-0.008391,0.229383,-0.003796
0.3,102,8,3.5,0.06125,-0.604393758,0.838439232,-0.013875114,-0.008391,0.229383,-0.003796
0.3,102,8,3.6,0.063,-0.587605042,0.815149254,-0.013489694,-0.008391,0.229383,-0.003796
0.3,102,8,3.7,0.06475,-0.571723825,0.793118193,-0.013125108,-0.008391,0.229383,-0.003796
0.3,102,8,3.8,0.0665,-0.556678461,0.772246661,-0.01277971,-0.008391,0.229383,-0.003796
0.3,102,8,3.9,0.06825,-0.542404654,0.752445465,-0.012452026,-0.008391,0.229383,-0.003796
0.3,102,8,4,0.07,-0.528844538,0.733634328,-0.012140725,-0.008391,0.229383,-0.003796
0.3,102,8,4.1,0.07175,-0.515945891,0.715741,-0.0118446,-0.008391,0.229383,-0.003796
0.3,102,8,4.2,0.0735,-0.503661465,0.698699,-0.0115626,-0.008391,0.229383,-0.003796
0.3,102,8,4.3,0.07525,-0.491948407,0.682451,-0.0112937,-0.008391,0.229383,-0.003796
0.3,102,8,4.4,0.077,-0.480767762,0.66694,-0.011037,-0.008391,0.229383,-0.003796
0.3,102,8,4.5,0.07875,-0.470084034,0.652119,-0.0107918,-0.008391,0.229383,-0.003796
0.3,102,8,4.6,0.0805,-0.459864815,0.637943,-0.0105572,-0.008391,0.229383,-0.003796
0.3,102,8,4.7,0.08225,-0.450080458,0.62437,-0.0103325,-0.008391,0.229383,-0.003796
0.3,102,8,4.8,0.084,-0.440703782,0.611362,-0.0101173,-0.008391,0.229383,-0.003796
0.3,102,8,4.9,0.08575,-0.431709827,0.598885,-0.0099108,-0.008391,0.229383,-0.003796
0.3,102,8,5,0.0875,-0.42307563,0.586907,-0.0097126,-0.008391,0.229383,-0.003796
0.3,102,8,5.1,0.08925,-0.41478003,0.575399,-0.0095221,-0.008391,0.229383,-0.003796
0.3,102,8,5.2,0.091,-0.406803491,0.564334,-0.009339,-0.008391,0.229383,-0.003796
0.3,102,8,5.3,0.09275,-0.399127953,0.553686,-0.0091628,-0.008391,0.229383,-0.003796
0.3,102,8,5.4,0.0945,-0.391736695,0.543433,-0.0089931,-0.008391,0.229383,-0.003796
0.3,102,8,5.5,0.09625,-0.384614209,0.533552,-0.0088296,-0.008391,0.229383,-0.003796
0.3,102,8,5.6,0.098,-0.377746098,0.524025,-0.0086719,-0.008391,0.229383,-0.003796
0.3,102,8,5.7,0.09975,-0.371118974,0.514831,-0.0085198,-0.008391,0.229383,-0.003796
0.3,102,8,5.8,0.1015,-0.364720371,0.505955,-0.0083729,-0.008391,0.229383,-0.003796
0.3,102,8,5.9,0.10325,-0.35853867,0.497379,-0.008231,-0.008391,0.229383,-0.003796
0.3,102,8,6,0.105,-0.352563025,0.48909,-0.0080938,-0.008391,0.229383,-0.003796
0.3,102,8,6.1,0.10675,-0.346783303,0.481072,-0.0079611,-0.008391,0.229383,-0.003796
0.3,102,8,6.2,0.1085,-0.341190024,0.473312,-0.0078327,-0.008391,0.229383,-0.003796
0.3,102,8,6.3,0.11025,-0.33577431,0.4658,-0.0077084,-0.008391,0.229383,-0.003796
0.3,102,8,6.4,0.112,-0.330527836,0.458521,-0.007588,-0.008391,0.229383,-0.003796
0.3,102,8,6.5,0.11375,-0.325442793,0.451467,-0.0074712,-0.008391,0.229383,-0.003796
0.3,102,8,6.6,0.1155,-0.320511841,0.444627,-0.007358,-0.008391,0.229383,-0.003796
0.3,102,8,6.7,0.11725,-0.315728082,0.437991,-0.0072482,-0.008391,0.229383,-0.003796
0.3,102,8,6.8,0.119,-0.311085022,0.43155,-0.0071416,-0.008391,0.229383,-0.003796
0.3,102,8,6.9,0.12075,-0.306576544,0.425295,-0.0070381,-0.008391,0.229383,-0.003796
0.3,102,8,7,0.1225,-0.302196879,0.41922,-0.0069376,-0.008391,0.229383,-0.003796
0.3,102,8,7.1,0.12425,-0.297940585,0.413315,-0.0068398,-0.008391,0.229383,-0.003796
0.3,102,8,7.2,0.126,-0.293802521,0.407575,-0.0067448,-0.008391,0.229383,-0.003796
0.3,102,8,7.3,0.12775,-0.289777829,0.401991,-0.0066525,-0.008391,0.229383,-0.003796
0.3,102,8,7.4,0.1295,-0.285861912,0.396559,-0.0065626,-0.008391,0.229383,-0.003796
0.3,102,8,7.5,0.13125,-0.28205042,0.391272,-0.0064751,-0.008391,0.229383,-0.003796
0.3,102,8,7.6,0.133,-0.27833923,0.386123,-0.0063899,-0.008391,0.229383,-0.003796
0.3,102,8,7.7,0.13475,-0.274724435,0.381109,-0.0063069,-0.008391,0.229383,-0.003796
0.3,102,8,7.8,0.1365,-0.271202327,0.376223,-0.006226,-0.008391,0.229383,-0.003796
0.3,102,8,7.9,0.13825,-0.267769386,0.37146,-0.0061472,-0.008391,0.229383,-0.003796
0.3,102,8,8,0.14,-0.264422269,0.366817,-0.0060704,-0.008391,0.229383,-0.003796
0.5,170,8,0.1,0.00175,-29.90756303,53.31108742,-0.774626866,-0.007118,0.250029,-0.003633
0.5,170,8,0.2,0.0035,-14.95378151,26.65554371,-0.387313433,-0.007118,0.250029,-0.003633
0.5,170,8,0.3,0.00525,-9.969187675,17.77036247,-0.258208955,-0.007118,0.250029,-0.003633
0.5,170,8,0.4,0.007,-7.476890756,13.32777186,-0.193656716,-0.007118,0.250029,-0.003633
0.5,170,8,0.5,0.00875,-5.981512605,10.66221748,-0.154925373,-0.007118,0.250029,-0.003633
0.5,170,8,0.6,0.0105,-4.984593838,8.885181237,-0.129104478,-0.007118,0.250029,-0.003633
0.5,170,8,0.7,0.01225,-4.272509004,7.615869631,-0.110660981,-0.007118,0.250029,-0.003633
0.5,170,8,0.8,0.014,-3.738445378,6.663885928,-0.096828358,-0.007118,0.250029,-0.003633
0.5,170,8,0.9,0.01575,-3.323062558,5.923454158,-0.086069652,-0.007118,0.250029,-0.003633
0.5,170,8,1,0.0175,-2.990756303,5.331108742,-0.077462687,-0.007118,0.250029,-0.003633
0.5,170,8,1.1,0.01925,-2.718869366,4.846462493,-0.070420624,-0.007118,0.250029,-0.003633
0.5,170,8,1.2,0.021,-2.492296919,4.442590618,-0.064552239,-0.007118,0.250029,-0.003633
0.5,170,8,1.3,0.02275,-2.300581771,4.100852878,-0.059586682,-0.007118,0.250029,-0.003633
0.5,170,8,1.4,0.0245,-2.136254502,3.807934816,-0.05533049,-0.007118,0.250029,-0.003633
0.5,170,8,1.5,0.02625,-1.993837535,3.554072495,-0.051641791,-0.007118,0.250029,-0.003633
0.5,170,8,1.6,0.028,-1.869222689,3.331942964,-0.048414179,-0.007118,0.250029,-0.003633
0.5,170,8,1.7,0.02975,-1.759268413,3.135946319,-0.045566286,-0.007118,0.250029,-0.003633
0.5,170,8,1.8,0.0315,-1.661531279,2.961727079,-0.043034826,-0.007118,0.250029,-0.003633
0.5,170,8,1.9,0.03325,-1.574082264,2.805846706,-0.040769835,-0.007118,0.250029,-0.003633
0.5,170,8,2,0.035,-1.495378151,2.665554371,-0.038731343,-0.007118,0.250029,-0.003633
0.5,170,8,2.1,0.03675,-1.424169668,2.53862321,-0.036886994,-0.007118,0.250029,-0.003633
0.5,170,8,2.2,0.0385,-1.359434683,2.423231246,-0.035210312,-0.007118,0.250029,-0.003633
0.5,170,8,2.3,0.04025,-1.300328827,2.317873366,-0.033679429,-0.007118,0.250029,-0.003633
0.5,170,8,2.4,0.042,-1.246148459,2.221295309,-0.032276119,-0.007118,0.250029,-0.003633
0.5,170,8,2.5,0.04375,-1.196302521,2.132443497,-0.030985075,-0.007118,0.250029,-0.003633
0.5,170,8,2.6,0.0455,-1.150290886,2.050426439,-0.029793341,-0.007118,0.250029,-0.003633
0.5,170,8,2.7,0.04725,-1.107687519,1.974484719,-0.028689884,-0.007118,0.250029,-0.003633
0.5,170,8,2.8,0.049,-1.068127251,1.903967408,-0.027665245,-0.007118,0.250029,-0.003633
0.5,170,8,2.9,0.05075,-1.031295277,1.838313359,-0.026711271,-0.007118,0.250029,-0.003633
0.5,170,8,3,0.0525,-0.996918768,1.777036247,-0.025820896,-0.007118,0.250029,-0.003633
0.5,170,8,3.1,0.05425,-0.964760098,1.719712497,-0.024987963,-0.007118,0.250029,-0.003633
0.5,170,8,3.2,0.056,-0.934611345,1.665971482,-0.02420709,-0.007118,0.250029,-0.003633
0.5,170,8,3.3,0.05775,-0.906289789,1.615487498,-0.023473541,-0.007118,0.250029,-0.003633
0.5,170,8,3.4,0.0595,-0.879634207,1.567973159,-0.022783143,-0.007118,0.250029,-0.003633
0.5,170,8,3.5,0.06125,-0.854501801,1.523173926,-0.022132196,-0.007118,0.250029,-0.003633
0.5,170,8,3.6,0.063,-0.83076564,1.480863539,-0.021517413,-0.007118,0.250029,-0.003633
0.5,170,8,3.7,0.06475,-0.808312514,1.440840201,-0.020935861,-0.007118,0.250029,-0.003633
0.5,170,8,3.8,0.0665,-0.787041132,1.402923353,-0.020384918,-0.007118,0.250029,-0.003633
0.5,170,8,3.9,0.06825,-0.76686059,1.366950959,-0.019862227,-0.007118,0.250029,-0.003633
0.5,170,8,4,0.07,-0.747689076,1.332777186,-0.019365672,-0.007118,0.250029,-0.003633
0.5,170,8,4.1,0.07175,-0.729452757,1.30027,-0.0188933,-0.007118,0.250029,-0.003633
0.5,170,8,4.2,0.0735,-0.712084834,1.269312,-0.0184435,-0.007118,0.250029,-0.003633
0.5,170,8,4.3,0.07525,-0.695524722,1.239793,-0.0180146,-0.007118,0.250029,-0.003633
0.5,170,8,4.4,0.077,-0.679717341,1.211616,-0.0176052,-0.007118,0.250029,-0.003633
0.5,170,8,4.5,0.07875,-0.664612512,1.184691,-0.0172139,-0.007118,0.250029,-0.003633
0.5,170,8,4.6,0.0805,-0.650164414,1.158937,-0.0168397,-0.007118,0.250029,-0.003633
0.5,170,8,4.7,0.08225,-0.636331128,1.134278,-0.0164814,-0.007118,0.250029,-0.003633
0.5,170,8,4.8,0.084,-0.62307423,1.110648,-0.0161381,-0.007118,0.250029,-0.003633
0.5,170,8,4.9,0.08575,-0.610358429,1.087981,-0.0158087,-0.007118,0.250029,-0.003633
0.5,170,8,5,0.0875,-0.598151261,1.066222,-0.0154925,-0.007118,0.250029,-0.003633
0.5,170,8,5.1,0.08925,-0.586422804,1.045315,-0.0151888,-0.007118,0.250029,-0.003633
0.5,170,8,5.2,0.091,-0.575145443,1.025213,-0.0148967,-0.007118,0.250029,-0.003633
0.5,170,8,5.3,0.09275,-0.564293642,1.00587,-0.0146156,-0.007118,0.250029,-0.003633
0.5,170,8,5.4,0.0945,-0.55384376,0.987242,-0.0143449,-0.007118,0.250029,-0.003633
0.5,170,8,5.5,0.09625,-0.543773873,0.969292,-0.0140841,-0.007118,0.250029,-0.003633
0.5,170,8,5.6,0.098,-0.534063625,0.951984,-0.0138326,-0.007118,0.250029,-0.003633
0.5,170,8,5.7,0.09975,-0.524694088,0.935282,-0.0135899,-0.007118,0.250029,-0.003633
0.5,170,8,5.8,0.1015,-0.515647638,0.919157,-0.0133556,-0.007118,0.250029,-0.003633
0.5,170,8,5.9,0.10325,-0.506907848,0.903578,-0.0131293,-0.007118,0.250029,-0.003633
0.5,170,8,6,0.105,-0.498459384,0.888518,-0.0129104,-0.007118,0.250029,-0.003633
0.5,170,8,6.1,0.10675,-0.490287918,0.873952,-0.0126988,-0.007118,0.250029,-0.003633
0.5,170,8,6.2,0.1085,-0.482380049,0.859856,-0.012494,-0.007118,0.250029,-0.003633
0.5,170,8,6.3,0.11025,-0.474723223,0.846208,-0.0122957,-0.007118,0.250029,-0.003633
0.5,170,8,6.4,0.112,-0.467305672,0.832986,-0.0121035,-0.007118,0.250029,-0.003633
0.5,170,8,6.5,0.11375,-0.460116354,0.820171,-0.0119173,-0.007118,0.250029,-0.003633
0.5,170,8,6.6,0.1155,-0.453144894,0.807744,-0.0117368,-0.007118,0.250029,-0.003633
0.5,170,8,6.7,0.11725,-0.446381538,0.795688,-0.0115616,-0.007118,0.250029,-0.003633
0.5,170,8,6.8,0.119,-0.439817103,0.783987,-0.0113916,-0.007118,0.250029,-0.003633
0.5,170,8,6.9,0.12075,-0.433442942,0.772624,-0.0112265,-0.007118,0.250029,-0.003633
0.5,170,8,7,0.1225,-0.4272509,0.761587,-0.0110661,-0.007118,0.250029,-0.003633
0.5,170,8,7.1,0.12425,-0.421233282,0.75086,-0.0109102,-0.007118,0.250029,-0.003633
0.5,170,8,7.2,0.126,-0.41538282,0.740432,-0.0107587,-0.007118,0.250029,-0.003633
0.5,170,8,7.3,0.12775,-0.409692644,0.730289,-0.0106113,-0.007118,0.250029,-0.003633
0.5,170,8,7.4,0.1295,-0.404156257,0.72042,-0.0104679,-0.007118,0.250029,-0.003633
0.5,170,8,7.5,0.13125,-0.398767507,0.710814,-0.0103284,-0.007118,0.250029,-0.003633
0.5,170,8,7.6,0.133,-0.393520566,0.701462,-0.0101925,-0.007118,0.250029,-0.003633
0.5,170,8,7.7,0.13475,-0.388409909,0.692352,-0.0100601,-0.007118,0.250029,-0.003633
0.5,170,8,7.8,0.1365,-0.383430295,0.683475,-0.0099311,-0.007118,0.250029,-0.003633
0.5,170,8,7.9,0.13825,-0.378576747,0.674824,-0.0098054,-0.007118,0.250029,-0.003633
0.5,170,8,8,0.14,-0.373844538,0.666389,-0.0096828,-0.007118,0.250029,-0.003633
0.6,204,8,0.1,0.00175,-33.92773109,61.12784648,-0.911641791,-0.006729,0.238908,-0.003563
0.6,204,8,0.2,0.0035,-16.96386555,30.56392324,-0.455820896,-0.006729,0.238908,-0.003563
0.6,204,8,0.3,0.00525,-11.3092437,20.37594883,-0.303880597,-0.006729,0.238908,-0.003563
0.6,204,8,0.4,0.007,-8.481932773,15.28196162,-0.227910448,-0.006729,0.238908,-0.003563
0.6,204,8,0.5,0.00875,-6.785546218,12.2255693,-0.182328358,-0.006729,0.238908,-0.003563
0.6,204,8,0.6,0.0105,-5.654621849,10.18797441,-0.151940299,-0.006729,0.238908,-0.003563
0.6,204,8,0.7,0.01225,-4.846818727,8.732549497,-0.130234542,-0.006729,0.238908,-0.003563
0.6,204,8,0.8,0.014,-4.240966387,7.64098081,-0.113955224,-0.006729,0.238908,-0.003563
0.6,204,8,0.9,0.01575,-3.769747899,6.791982942,-0.101293532,-0.006729,0.238908,-0.003563
0.6,204,8,1,0.0175,-3.392773109,6.112784648,-0.091164179,-0.006729,0.238908,-0.003563
0.6,204,8,1.1,0.01925,-3.08433919,5.557076953,-0.082876526,-0.006729,0.238908,-0.003563
0.6,204,8,1.2,0.021,-2.827310924,5.093987207,-0.075970149,-0.006729,0.238908,-0.003563
0.6,204,8,1.3,0.02275,-2.609825469,4.702142037,-0.070126292,-0.006729,0.238908,-0.003563
0.6,204,8,1.4,0.0245,-2.423409364,4.366274749,-0.065117271,-0.006729,0.238908,-0.003563
0.6,204,8,1.5,0.02625,-2.261848739,4.075189765,-0.060776119,-0.006729,0.238908,-0.003563
0.6,204,8,1.6,0.028,-2.120483193,3.820490405,-0.056977612,-0.006729,0.238908,-0.003563
0.6,204,8,1.7,0.02975,-1.995748888,3.595755675,-0.053625988,-0.006729,0.238908,-0.003563
0.6,204,8,1.8,0.0315,-1.88487395,3.395991471,-0.050646766,-0.006729,0.238908,-0.003563
0.6,204,8,1.9,0.03325,-1.785670057,3.217255078,-0.047981147,-0.006729,0.238908,-0.003563
0.6,204,8,2,0.035,-1.696386555,3.056392324,-0.04558209,-0.006729,0.238908,-0.003563
0.6,204,8,2.1,0.03675,-1.615606242,2.910849832,-0.043411514,-0.006729,0.238908,-0.003563
0.6,204,8,2.2,0.0385,-1.542169595,2.778538476,-0.041438263,-0.006729,0.238908,-0.003563
0.6,204,8,2.3,0.04025,-1.475118743,2.657732456,-0.0396366,-0.006729,0.238908,-0.003563
0.6,204,8,2.4,0.042,-1.413655462,2.546993603,-0.037985075,-0.006729,0.238908,-0.003563
0.6,204,8,2.5,0.04375,-1.357109244,2.445113859,-0.036465672,-0.006729,0.238908,-0.003563
0.6,204,8,2.6,0.0455,-1.304912734,2.351071019,-0.035063146,-0.006729,0.238908,-0.003563
0.6,204,8,2.7,0.04725,-1.256582633,2.263994314,-0.033764511,-0.006729,0.238908,-0.003563
0.6,204,8,2.8,0.049,-1.211704682,2.183137374,-0.032558635,-0.006729,0.238908,-0.003563
0.6,204,8,2.9,0.05075,-1.169921762,2.107856775,-0.031435924,-0.006729,0.238908,-0.003563
0.6,204,8,3,0.0525,-1.13092437,2.037594883,-0.03038806,-0.006729,0.238908,-0.003563
0.6,204,8,3.1,0.05425,-1.094442938,1.971866016,-0.0294078,-0.006729,0.238908,-0.003563
0.6,204,8,3.2,0.056,-1.060241597,1.910245203,-0.028488806,-0.006729,0.238908,-0.003563
0.6,204,8,3.3,0.05775,-1.028113063,1.852358984,-0.027625509,-0.006729,0.238908,-0.003563
0.6,204,8,3.4,0.0595,-0.997874444,1.797877838,-0.026812994,-0.006729,0.238908,-0.003563
0.6,204,8,3.5,0.06125,-0.969363745,1.746509899,-0.026046908,-0.006729,0.238908,-0.003563
0.6,204,8,3.6,0.063,-0.942436975,1.697995736,-0.025323383,-0.006729,0.238908,-0.003563
0.6,204,8,3.7,0.06475,-0.916965705,1.652103959,-0.024638967,-0.006729,0.238908,-0.003563
0.6,204,8,3.8,0.0665,-0.892835029,1.608627539,-0.023990573,-0.006729,0.238908,-0.003563
0.6,204,8,3.9,0.06825,-0.869941823,1.567380679,-0.023375431,-0.006729,0.238908,-0.003563
0.6,204,8,4,0.07,-0.848193277,1.528196162,-0.022791045,-0.006729,0.238908,-0.003563
0.6,204,8,4.1,0.07175,-0.827505636,1.490923,-0.0222352,-0.006729,0.238908,-0.003563
0.6,204,8,4.2,0.0735,-0.807803121,1.455425,-0.0217058,-0.006729,0.238908,-0.003563
0.6,204,8,4.3,0.07525,-0.789017002,1.421578,-0.021201,-0.006729,0.238908,-0.003563
0.6,204,8,4.4,0.077,-0.771084798,1.389269,-0.0207191,-0.006729,0.238908,-0.003563
0.6,204,8,4.5,0.07875,-0.75394958,1.358397,-0.0202587,-0.006729,0.238908,-0.003563
0.6,204,8,4.6,0.0805,-0.737559372,1.328866,-0.0198183,-0.006729,0.238908,-0.003563
0.6,204,8,4.7,0.08225,-0.721866619,1.300592,-0.0193966,-0.006729,0.238908,-0.003563
0.6,204,8,4.8,0.084,-0.706827731,1.273497,-0.0189925,-0.006729,0.238908,-0.003563
0.6,204,8,4.9,0.08575,-0.692402675,1.247507,-0.0186049,-0.006729,0.238908,-0.003563
0.6,204,8,5,0.0875,-0.678554622,1.222557,-0.0182328,-0.006729,0.238908,-0.003563
0.6,204,8,5.1,0.08925,-0.665249629,1.198585,-0.0178753,-0.006729,0.238908,-0.003563
0.6,204,8,5.2,0.091,-0.652456367,1.175536,-0.0175316,-0.006729,0.238908,-0.003563
0.6,204,8,5.3,0.09275,-0.64014587,1.153356,-0.0172008,-0.006729,0.238908,-0.003563
0.6,204,8,5.4,0.0945,-0.628291317,1.131997,-0.0168823,-0.006729,0.238908,-0.003563
0.6,204,8,5.5,0.09625,-0.616867838,1.111415,-0.0165753,-0.006729,0.238908,-0.003563
0.6,204,8,5.6,0.098,-0.605852341,1.091569,-0.0162793,-0.006729,0.238908,-0.003563
0.6,204,8,5.7,0.09975,-0.595223352,1.072418,-0.0159937,-0.006729,0.238908,-0.003563
0.6,204,8,5.8,0.1015,-0.584960881,1.053928,-0.015718,-0.006729,0.238908,-0.003563
0.6,204,8,5.9,0.10325,-0.57504629,1.036065,-0.0154516,-0.006729,0.238908,-0.003563
0.6,204,8,6,0.105,-0.565462185,1.018797,-0.015194,-0.006729,0.238908,-0.003563
0.6,204,8,6.1,0.10675,-0.556192313,1.002096,-0.0149449,-0.006729,0.238908,-0.003563
0.6,204,8,6.2,0.1085,-0.547221469,0.985933,-0.0147039,-0.006729,0.238908,-0.003563
0.6,204,8,6.3,0.11025,-0.538535414,0.970283,-0.0144705,-0.006729,0.238908,-0.003563
0.6,204,8,6.4,0.112,-0.530120798,0.955123,-0.0142444,-0.006729,0.238908,-0.003563
0.6,204,8,6.5,0.11375,-0.521965094,0.940428,-0.0140253,-0.006729,0.238908,-0.003563
0.6,204,8,6.6,0.1155,-0.514056532,0.926179,-0.0138128,-0.006729,0.238908,-0.003563
0.6,204,8,6.7,0.11725,-0.506384046,0.912356,-0.0136066,-0.006729,0.238908,-0.003563
0.6,204,8,6.8,0.119,-0.498937222,0.898939,-0.0134065,-0.006729,0.238908,-0.003563
0.6,204,8,6.9,0.12075,-0.491706248,0.885911,-0.0132122,-0.006729,0.238908,-0.003563
0.6,204,8,7,0.1225,-0.484681873,0.873255,-0.0130235,-0.006729,0.238908,-0.003563
0.6,204,8,7.1,0.12425,-0.477855367,0.860956,-0.01284,-0.006729,0.238908,-0.003563
0.6,204,8,7.2,0.126,-0.471218487,0.848998,-0.0126617,-0.006729,0.238908,-0.003563
0.6,204,8,7.3,0.12775,-0.46476344,0.837368,-0.0124882,-0.006729,0.238908,-0.003563
0.6,204,8,7.4,0.1295,-0.458482853,0.826052,-0.0123195,-0.006729,0.238908,-0.003563
0.6,204,8,7.5,0.13125,-0.452369748,0.815038,-0.0121552,-0.006729,0.238908,-0.003563
0.6,204,8,7.6,0.133,-0.446417514,0.804314,-0.0119953,-0.006729,0.238908,-0.003563
0.6,204,8,7.7,0.13475,-0.440619884,0.793868,-0.0118395,-0.006729,0.238908,-0.003563
0.6,204,8,7.8,0.1365,-0.434970911,0.78369,-0.0116877,-0.006729,0.238908,-0.003563
0.6,204,8,7.9,0.13825,-0.429464951,0.77377,-0.0115398,-0.006729,0.238908,-0.003563
0.6,204,8,8,0.14,-0.424096639,0.764098,-0.0113955,-0.006729,0.238908,-0.003563
0.7,238,8,0.1,0.00175,-52.72352941,115.1191045,-1.333731343,-0.008963,0.385649,-0.004468
0.7,238,8,0.2,0.0035,-26.36176471,57.55955224,-0.666865672,-0.008963,0.385649,-0.004468
0.7,238,8,0.3,0.00525,-17.5745098,38.37303483,-0.444577114,-0.008963,0.385649,-0.004468
0.7,238,8,0.4,0.007,-13.18088235,28.77977612,-0.333432836,-0.008963,0.385649,-0.004468
0.7,238,8,0.5,0.00875,-10.54470588,23.0238209,-0.266746269,-0.008963,0.385649,-0.004468
0.7,238,8,0.6,0.0105,-8.787254902,19.18651741,-0.222288557,-0.008963,0.385649,-0.004468
0.7,238,8,0.7,0.01225,-7.531932773,16.44558635,-0.190533049,-0.008963,0.385649,-0.004468
0.7,238,8,0.8,0.014,-6.590441176,14.38988806,-0.166716418,-0.008963,0.385649,-0.004468
0.7,238,8,0.9,0.01575,-5.858169935,12.79101161,-0.148192371,-0.008963,0.385649,-0.004468
0.7,238,8,1,0.0175,-5.272352941,11.51191045,-0.133373134,-0.008963,0.385649,-0.004468
0.7,238,8,1.1,0.01925,-4.793048128,10.46537313,-0.121248304,-0.008963,0.385649,-0.004468
0.7,238,8,1.2,0.021,-4.393627451,9.593258706,-0.111144279,-0.008963,0.385649,-0.004468
0.7,238,8,1.3,0.02275,-4.055656109,8.855315729,-0.102594719,-0.008963,0.385649,-0.004468
0.7,238,8,1.4,0.0245,-3.765966387,8.222793177,-0.095266525,-0.008963,0.385649,-0.004468
0.7,238,8,1.5,0.02625,-3.514901961,7.674606965,-0.088915423,-0.008963,0.385649,-0.004468
0.7,238,8,1.6,0.028,-3.295220588,7.19494403,-0.083358209,-0.008963,0.385649,-0.004468
0.7,238,8,1.7,0.02975,-3.101384083,6.771712028,-0.078454785,-0.008963,0.385649,-0.004468
0.7,238,8,1.8,0.0315,-2.929084967,6.395505804,-0.074096186,-0.008963,0.385649,-0.004468
0.7,238,8,1.9,0.03325,-2.774922601,6.058900236,-0.070196386,-0.008963,0.385649,-0.004468
0.7,238,8,2,0.035,-2.636176471,5.755955224,-0.066686567,-0.008963,0.385649,-0.004468
0.7,238,8,2.1,0.03675,-2.510644258,5.481862118,-0.063511016,-0.008963,0.385649,-0.004468
0.7,238,8,2.2,0.0385,-2.396524064,5.232686567,-0.060624152,-0.008963,0.385649,-0.004468
0.7,238,8,2.3,0.04025,-2.292327366,5.005178456,-0.057988319,-0.008963,0.385649,-0.004468
0.7,238,8,2.4,0.042,-2.196813725,4.796629353,-0.055572139,-0.008963,0.385649,-0.004468
0.7,238,8,2.5,0.04375,-2.108941176,4.604764179,-0.053349254,-0.008963,0.385649,-0.004468
0.7,238,8,2.6,0.0455,-2.027828054,4.427657865,-0.051297359,-0.008963,0.385649,-0.004468
0.7,238,8,2.7,0.04725,-1.952723312,4.263670536,-0.049397457,-0.008963,0.385649,-0.004468
0.7,238,8,2.8,0.049,-1.882983193,4.111396588,-0.047633262,-0.008963,0.385649,-0.004468
0.7,238,8,2.9,0.05075,-1.818052738,3.969624292,-0.045990736,-0.008963,0.385649,-0.004468
0.7,238,8,3,0.0525,-1.75745098,3.837303483,-0.044457711,-0.008963,0.385649,-0.004468
0.7,238,8,3.1,0.05425,-1.700759013,3.713519499,-0.043023592,-0.008963,0.385649,-0.004468
0.7,238,8,3.2,0.056,-1.647610294,3.597472015,-0.041679104,-0.008963,0.385649,-0.004468
0.7,238,8,3.3,0.05775,-1.597682709,3.488457711,-0.040416101,-0.008963,0.385649,-0.004468
0.7,238,8,3.4,0.0595,-1.550692042,3.385856014,-0.039227392,-0.008963,0.385649,-0.004468
0.7,238,8,3.5,0.06125,-1.506386555,3.289117271,-0.03810661,-0.008963,0.385649,-0.004468
0.7,238,8,3.6,0.063,-1.464542484,3.197752902,-0.037048093,-0.008963,0.385649,-0.004468
0.7,238,8,3.7,0.06475,-1.424960254,3.111327148,-0.036046793,-0.008963,0.385649,-0.004468
0.7,238,8,3.8,0.0665,-1.3874613,3.029450118,-0.035098193,-0.008963,0.385649,-0.004468
0.7,238,8,3.9,0.06825,-1.35188537,2.95177191,-0.03419824,-0.008963,0.385649,-0.004468
0.7,238,8,4,0.07,-1.318088235,2.877977612,-0.033343284,-0.008963,0.385649,-0.004468
0.7,238,8,4.1,0.07175,-1.285939742,2.807783,-0.03253,-0.008963,0.385649,-0.004468
0.7,238,8,4.2,0.0735,-1.255322129,2.740931,-0.0317555,-0.008963,0.385649,-0.004468
0.7,238,8,4.3,0.07525,-1.226128591,2.677188,-0.031017,-0.008963,0.385649,-0.004468
0.7,238,8,4.4,0.077,-1.198262032,2.616343,-0.0303121,-0.008963,0.385649,-0.004468
0.7,238,8,4.5,0.07875,-1.171633987,2.558202,-0.0296385,-0.008963,0.385649,-0.004468
0.7,238,8,4.6,0.0805,-1.146163683,2.502589,-0.0289942,-0.008963,0.385649,-0.004468
0.7,238,8,4.7,0.08225,-1.121777222,2.449343,-0.0283773,-0.008963,0.385649,-0.004468
0.7,238,8,4.8,0.084,-1.098406863,2.398315,-0.0277861,-0.008963,0.385649,-0.004468
0.7,238,8,4.9,0.08575,-1.075990396,2.349369,-0.027219,-0.008963,0.385649,-0.004468
0.7,238,8,5,0.0875,-1.054470588,2.302382,-0.0266746,-0.008963,0.385649,-0.004468
0.7,238,8,5.1,0.08925,-1.033794694,2.257237,-0.0261516,-0.008963,0.385649,-0.004468
0.7,238,8,5.2,0.091,-1.013914027,2.213829,-0.0256487,-0.008963,0.385649,-0.004468
0.7,238,8,5.3,0.09275,-0.994783574,2.172059,-0.0251647,-0.008963,0.385649,-0.004468
0.7,238,8,5.4,0.0945,-0.976361656,2.131835,-0.0246987,-0.008963,0.385649,-0.004468
0.7,238,8,5.5,0.09625,-0.958609626,2.093075,-0.0242497,-0.008963,0.385649,-0.004468
0.7,238,8,5.6,0.098,-0.941491597,2.055698,-0.0238166,-0.008963,0.385649,-0.004468
0.7,238,8,5.7,0.09975,-0.9249742,2.019633,-0.0233988,-0.008963,0.385649,-0.004468
0.7,238,8,5.8,0.1015,-0.909026369,1.984812,-0.0229954,-0.008963,0.385649,-0.004468
0.7,238,8,5.9,0.10325,-0.893619143,1.951171,-0.0226056,-0.008963,0.385649,-0.004468
0.7,238,8,6,0.105,-0.87872549,1.918652,-0.0222289,-0.008963,0.385649,-0.004468
0.7,238,8,6.1,0.10675,-0.864320154,1.887198,-0.0218644,-0.008963,0.385649,-0.004468
0.7,238,8,6.2,0.1085,-0.850379507,1.85676,-0.0215118,-0.008963,0.385649,-0.004468
0.7,238,8,6.3,0.11025,-0.836881419,1.827287,-0.0211703,-0.008963,0.385649,-0.004468
0.7,238,8,6.4,0.112,-0.823805147,1.798736,-0.0208396,-0.008963,0.385649,-0.004468
0.7,238,8,6.5,0.11375,-0.811131222,1.771063,-0.0205189,-0.008963,0.385649,-0.004468
0.7,238,8,6.6,0.1155,-0.798841355,1.744229,-0.0202081,-0.008963,0.385649,-0.004468
0.7,238,8,6.7,0.11725,-0.786918349,1.718196,-0.0199064,-0.008963,0.385649,-0.004468
0.7,238,8,6.8,0.119,-0.775346021,1.692928,-0.0196137,-0.008963,0.385649,-0.004468
0.7,238,8,6.9,0.12075,-0.764109122,1.668393,-0.0193294,-0.008963,0.385649,-0.004468
0.7,238,8,7,0.1225,-0.753193277,1.644559,-0.0190533,-0.008963,0.385649,-0.004468
0.7,238,8,7.1,0.12425,-0.742584921,1.621396,-0.0187849,-0.008963,0.385649,-0.004468
0.7,238,8,7.2,0.126,-0.732271242,1.598876,-0.018524,-0.008963,0.385649,-0.004468
0.7,238,8,7.3,0.12775,-0.722240129,1.576974,-0.0182703,-0.008963,0.385649,-0.004468
0.7,238,8,7.4,0.1295,-0.712480127,1.555664,-0.0180234,-0.008963,0.385649,-0.004468
0.7,238,8,7.5,0.13125,-0.702980392,1.534921,-0.0177831,-0.008963,0.385649,-0.004468
0.7,238,8,7.6,0.133,-0.69373065,1.514725,-0.0175491,-0.008963,0.385649,-0.004468
0.7,238,8,7.7,0.13475,-0.684721161,1.495053,-0.0173212,-0.008963,0.385649,-0.004468
0.7,238,8,7.8,0.1365,-0.675942685,1.475886,-0.0170991,-0.008963,0.385649,-0.004468
0.7,238,8,7.9,0.13825,-0.667386448,1.457204,-0.0168827,-0.008963,0.385649,-0.004468
0.7,238,8,8,0.14,-0.659044118,1.438989,-0.0166716,-0.008963,0.385649,-0.004468
0.83,278.8,8,0.1,0.00175,-51.89941176,138.0518294,-1.444447761,-0.007441,0.390038,-0.004081
0.83,278.8,8,0.2,0.0035,-25.94970588,69.02591471,-0.722223881,-0.007441,0.390038,-0.004081
0.83,278.8,8,0.3,0.00525,-17.29980392,46.01727647,-0.481482587,-0.007441,0.390038,-0.004081
0.83,278.8,8,0.4,0.007,-12.97485294,34.51295736,-0.36111194,-0.007441,0.390038,-0.004081
0.83,278.8,8,0.5,0.00875,-10.37988235,27.61036588,-0.288889552,-0.007441,0.390038,-0.004081
0.83,278.8,8,0.6,0.0105,-8.649901961,23.00863824,-0.240741294,-0.007441,0.390038,-0.004081
0.83,278.8,8,0.7,0.01225,-7.414201681,19.72168992,-0.20634968,-0.007441,0.390038,-0.004081
0.83,278.8,8,0.8,0.014,-6.487426471,17.25647868,-0.18055597,-0.007441,0.390038,-0.004081
0.83,278.8,8,0.9,0.01575,-5.766601307,15.33909216,-0.160494196,-0.007441,0.390038,-0.004081
0.83,278.8,8,1,0.0175,-5.189941176,13.80518294,-0.144444776,-0.007441,0.390038,-0.004081
0.83,278.8,8,1.1,0.01925,-4.718128342,12.55016631,-0.131313433,-0.007441,0.390038,-0.004081
0.83,278.8,8,1.2,0.021,-4.32495098,11.50431912,-0.120370647,-0.007441,0.390038,-0.004081
0.83,278.8,8,1.3,0.02275,-3.992262443,10.61937149,-0.111111366,-0.007441,0.390038,-0.004081
0.83,278.8,8,1.4,0.0245,-3.70710084,9.860844959,-0.10317484,-0.007441,0.390038,-0.004081
0.83,278.8,8,1.5,0.02625,-3.459960784,9.203455295,-0.096296517,-0.007441,0.390038,-0.004081
0.83,278.8,8,1.6,0.028,-3.243713235,8.628239339,-0.090277985,-0.007441,0.390038,-0.004081
0.83,278.8,8,1.7,0.02975,-3.052906574,8.120695848,-0.084967515,-0.007441,0.390038,-0.004081
0.83,278.8,8,1.8,0.0315,-2.883300654,7.669546079,-0.080247098,-0.007441,0.390038,-0.004081
0.83,278.8,8,1.9,0.03325,-2.731547988,7.265885759,-0.076023566,-0.007441,0.390038,-0.004081
0.83,278.8,8,2,0.035,-2.594970588,6.902591471,-0.072222388,-0.007441,0.390038,-0.004081
0.83,278.8,8,2.1,0.03675,-2.47140056,6.573896639,-0.068783227,-0.007441,0.390038,-0.004081
0.83,278.8,8,2.2,0.0385,-2.359064171,6.275083156,-0.065656716,-0.007441,0.390038,-0.004081
0.83,278.8,8,2.3,0.04025,-2.256496164,6.002253453,-0.062802077,-0.007441,0.390038,-0.004081
0.83,278.8,8,2.4,0.042,-2.16247549,5.752159559,-0.060185323,-0.007441,0.390038,-0.004081
0.83,278.8,8,2.5,0.04375,-2.075976471,5.522073177,-0.05777791,-0.007441,0.390038,-0.004081
0.83,278.8,8,2.6,0.0455,-1.996131222,5.309685747,-0.055555683,-0.007441,0.390038,-0.004081
0.83,278.8,8,2.7,0.04725,-1.922200436,5.113030719,-0.053498065,-0.007441,0.390038,-0.004081
0.83,278.8,8,2.8,0.049,-1.85355042,4.930422479,-0.05158742,-0.007441,0.390038,-0.004081
0.83,278.8,8,2.9,0.05075,-1.789634888,4.760407911,-0.049808543,-0.007441,0.390038,-0.004081
0.83,278.8,8,3,0.0525,-1.729980392,4.601727647,-0.048148259,-0.007441,0.390038,-0.004081
0.83,278.8,8,3.1,0.05425,-1.674174573,4.45328482,-0.046595089,-0.007441,0.390038,-0.004081
0.83,278.8,8,3.2,0.056,-1.621856618,4.31411967,-0.045138993,-0.007441,0.390038,-0.004081
0.83,278.8,8,3.3,0.05775,-1.572709447,4.18338877,-0.043771144,-0.007441,0.390038,-0.004081
0.83,278.8,8,3.4,0.0595,-1.526453287,4.060347924,-0.042483758,-0.007441,0.390038,-0.004081
0.83,278.8,8,3.5,0.06125,-1.482840336,3.944337984,-0.041269936,-0.007441,0.390038,-0.004081
0.83,278.8,8,3.6,0.063,-1.441650327,3.83477304,-0.040123549,-0.007441,0.390038,-0.004081
0.83,278.8,8,3.7,0.06475,-1.402686804,3.731130525,-0.039039129,-0.007441,0.390038,-0.004081
0.83,278.8,8,3.8,0.0665,-1.365773994,3.63294288,-0.038011783,-0.007441,0.390038,-0.004081
0.83,278.8,8,3.9,0.06825,-1.330754148,3.539790498,-0.037037122,-0.007441,0.390038,-0.004081
0.83,278.8,8,4,0.07,-1.297485294,3.451295736,-0.036111194,-0.007441,0.390038,-0.004081
0.83,278.8,8,4.1,0.07175,-1.265839311,3.367118,-0.0352304,-0.007441,0.390038,-0.004081
0.83,278.8,8,4.2,0.0735,-1.23570028,3.286948,-0.0343916,-0.007441,0.390038,-0.004081
0.83,278.8,8,4.3,0.07525,-1.206963064,3.210508,-0.0335918,-0.007441,0.390038,-0.004081
0.83,278.8,8,4.4,0.077,-1.179532086,3.137542,-0.0328284,-0.007441,0.390038,-0.004081
0.83,278.8,8,4.5,0.07875,-1.153320261,3.067818,-0.0320988,-0.007441,0.390038,-0.004081
0.83,278.8,8,4.6,0.0805,-1.128248082,3.001127,-0.031401,-0.007441,0.390038,-0.004081
0.83,278.8,8,4.7,0.08225,-1.104242804,2.937273,-0.0307329,-0.007441,0.390038,-0.004081
0.83,278.8,8,4.8,0.084,-1.081237745,2.87608,-0.0300927,-0.007441,0.390038,-0.004081
0.83,278.8,8,4.9,0.08575,-1.059171669,2.817384,-0.0294785,-0.007441,0.390038,-0.004081
0.83,278.8,8,5,0.0875,-1.037988235,2.761037,-0.028889,-0.007441,0.390038,-0.004081
0.83,278.8,8,5.1,0.08925,-1.017635525,2.706899,-0.0283225,-0.007441,0.390038,-0.004081
0.83,278.8,8,5.2,0.091,-0.998065611,2.654843,-0.0277778,-0.007441,0.390038,-0.004081
0.83,278.8,8,5.3,0.09275,-0.979234184,2.604751,-0.0272537,-0.007441,0.390038,-0.004081
0.83,278.8,8,5.4,0.0945,-0.961100218,2.556515,-0.026749,-0.007441,0.390038,-0.004081
0.83,278.8,8,5.5,0.09625,-0.943625668,2.510033,-0.0262627,-0.007441,0.390038,-0.004081
0.83,278.8,8,5.6,0.098,-0.92677521,2.465211,-0.0257937,-0.007441,0.390038,-0.004081
0.83,278.8,8,5.7,0.09975,-0.910515996,2.421962,-0.0253412,-0.007441,0.390038,-0.004081
0.83,278.8,8,5.8,0.1015,-0.894817444,2.380204,-0.0249043,-0.007441,0.390038,-0.004081
0.83,278.8,8,5.9,0.10325,-0.879651047,2.339862,-0.0244822,-0.007441,0.390038,-0.004081
0.83,278.8,8,6,0.105,-0.864990196,2.300864,-0.0240741,-0.007441,0.390038,-0.004081
0.83,278.8,8,6.1,0.10675,-0.850810029,2.263145,-0.0236795,-0.007441,0.390038,-0.004081
0.83,278.8,8,6.2,0.1085,-0.837087287,2.226642,-0.0232975,-0.007441,0.390038,-0.004081
0.83,278.8,8,6.3,0.11025,-0.823800187,2.191299,-0.0229277,-0.007441,0.390038,-0.004081
0.83,278.8,8,6.4,0.112,-0.810928309,2.15706,-0.0225695,-0.007441,0.390038,-0.004081
0.83,278.8,8,6.5,0.11375,-0.798452489,2.123874,-0.0222223,-0.007441,0.390038,-0.004081
0.83,278.8,8,6.6,0.1155,-0.786354724,2.091694,-0.0218856,-0.007441,0.390038,-0.004081
0.83,278.8,8,6.7,0.11725,-0.774618086,2.060475,-0.0215589,-0.007441,0.390038,-0.004081
0.83,278.8,8,6.8,0.119,-0.763226644,2.030174,-0.0212419,-0.007441,0.390038,-0.004081
0.83,278.8,8,6.9,0.12075,-0.752165388,2.000751,-0.020934,-0.007441,0.390038,-0.004081
0.83,278.8,8,7,0.1225,-0.741420168,1.972169,-0.020635,-0.007441,0.390038,-0.004081
0.83,278.8,8,7.1,0.12425,-0.73097763,1.944392,-0.0203443,-0.007441,0.390038,-0.004081
0.83,278.8,8,7.2,0.126,-0.720825163,1.917387,-0.0200618,-0.007441,0.390038,-0.004081
0.83,278.8,8,7.3,0.12775,-0.710950846,1.891121,-0.019787,-0.007441,0.390038,-0.004081
0.83,278.8,8,7.4,0.1295,-0.701343402,1.865565,-0.0195196,-0.007441,0.390038,-0.004081
0.83,278.8,8,7.5,0.13125,-0.691992157,1.840691,-0.0192593,-0.007441,0.390038,-0.004081
0.83,278.8,8,7.6,0.133,-0.682886997,1.816471,-0.0190059,-0.007441,0.390038,-0.004081
0.83,278.8,8,7.7,0.13475,-0.674018335,1.792881,-0.0187591,-0.007441,0.390038,-0.004081
0.83,278.8,8,7.8,0.1365,-0.665377074,1.769895,-0.0185186,-0.007441,0.390038,-0.004081
0.83,278.8,8,7.9,0.13825,-0.656954579,1.747492,-0.0182841,-0.007441,0.390038,-0.004081
0.83,278.8,8,8,0.14,-0.648742647,1.725648,-0.0180556,-0.007441,0.390038,-0.004081
